time_s,q_out_pL_s,na_i_mM,k_i_mM,cl_i_mM,tic_i_mM,hco3_i_mM,ph_i,volume_i_pL,osm_lumen_mOsm,v_apical_V,v_basolateral_V,v_transepithelial_V,nbc_activation,nbc_cycle_inward_fmol_s,nbc_current_A,nhe1_multiplier,nhe1_inward_fmol_s,nkcc1_cl_inward_fmol_s,ae4_cl_inward_fmol_s,ae2_cl_inward_signed_fmol_s,cacc_cl_export_fmol_s,paracellular_cl_return_fmol_s,nkcc1_cycle_inward_fmol_s,nkcc1_activity_multiplier,nkcc1_x_i_mM4,nbc_hco3_inward_fmol_s,pump_total_cycles_fmol_s,ae4_na_cell_source_fmol_s,ae4_k_cell_source_fmol_s,ae4_cl_source_fmol_s,ae4_tic_cell_source_fmol_s,ae4_ta_cell_source_fmol_s,co3_i_mM,ae4_hco3_cell_source_fmol_s,ae4_co3_cell_source_fmol_s,source_signature_residual_fmol_s,ae4_charge_residual_fmol_s,cell_balance_residual_fmol_s,cumulative_outflow_0_t_pL
0.0,0.0010752676033769892,11.665526729711736,116.71623464207357,60.24574357449443,5.668614694990984,4.906333445671741,6.909781488762312,1.447343059686945,301.41485508131484,-0.03155406704025623,-0.06711072394251479,-0.03555665690225856,0.0,0.0,0.0,1.0,0.007892703718348076,0.25614145304450187,0.00024688733941399045,-0.0019827898582115717,0.2590964099745734,0.10220164741365842,0.12807072652225093,1.0,4941836.349355065,0.0,0.04532114341353348,0.0,-0.00024688733941399045,0.00024688733941399045,-0.0004937746788279809,-0.0004937746788279809,0.001997738085814691,-0.0004937746788279809,0.0,0.0,0.0,1.3877787807814457e-17,0.0
1e-06,0.0010752676033769892,11.665526729711736,116.71623464207357,60.24574357449443,5.668614694990984,4.906333445671741,6.909781488762312,1.447343059686945,301.41485508131484,-0.02750657027723805,-0.080339933559446,-0.05283336328220796,1.0,0.10072936374877386,9.718906115536735e-12,2.3,0.018153218552200576,0.44824754282787826,0.00024688733941399045,-0.0019827898582115717,0.610886766057204,0.1469667583386593,0.22412377141393913,1.75,4941836.349355065,0.20145872749754773,0.04532114341353348,0.0,-0.00024688733941399045,0.00024688733941399045,-0.0004937746788279809,-0.0004937746788279809,0.001997738085814691,-0.0004937746788279809,0.0,0.0,0.0,5.551115123125783e-17,1.075267603376989e-09
1.0,0.0013858304851684794,11.804165835270318,116.60562164762649,60.13255697995202,5.8124330369593435,5.033885616858195,6.91176840042977,1.4475701434018635,301.83943925366,-0.027408011716070334,-0.08030366561209167,-0.05289565389602133,1.0,0.09984007243101324,9.633102547391169e-12,2.3,0.01787468964253873,0.4400651734378967,0.0003945451082531991,-0.001924439907390393,0.5766997588427473,0.14730297903421583,0.22003258671894835,1.75,4977074.410484965,0.19968014486202648,0.04594091468892122,0.0,-0.0003945451082531991,0.0003945451082531991,-0.0007890902165063982,-0.0007890902165063982,0.002059072997974412,-0.0007890902165063982,0.0,0.0,0.0,2.7755575615628914e-17,0.0012305488889912935
5.0,0.0020070690028032995,12.298996894377687,116.16533750971912,59.72415121339179,6.361121189274512,5.522153212491939,6.919555128561314,1.4502682743099287,301.72295799734957,-0.027173251585616832,-0.08016585205807378,-0.05299260047245695,1.0,0.09624430953963259,9.286164170591535e-12,2.3,0.016842504357536526,0.4131356468576049,0.0009581167568415427,-0.0017088257704966745,0.4983178222557166,0.14775885525214508,0.20656782342880245,1.75,5096197.179443286,0.19248861907926518,0.04804952694177668,0.0,-0.0009581167568415427,0.0009581167568415427,-0.0019162335136830855,-0.0019162335136830855,0.002299659731755915,-0.0019162335136830855,0.0,0.0,0.0,2.7755575615628914e-17,0.008294144720896927
10.0,0.0020835646100576368,12.822457461581084,115.72314222461094,59.3029420204434,7.0008563680188995,6.09447987910485,6.928872262900895,1.454415092787039,301.65257957250935,-0.02712958251454933,-0.08003370138522585,-0.05290411887067652,1.0,0.09164683429675052,8.84257524486858e-12,2.3,0.01570489956560416,0.3866111258902858,0.0016106621527675032,-0.0014713888641018833,0.4511071609050162,0.14770023264957938,0.1933055629451429,1.75,5218479.274746339,0.18329366859350105,0.05010992452472715,0.0,-0.0016106621527675032,0.0016106621527675032,-0.0032213243055350064,-0.0032213243055350064,0.0025930381744960103,-0.0032213243055350064,0.0,0.0,0.0,4.163336342344337e-17,0.018667259857718277
15.0,0.0019813442425313773,13.265170086835898,115.36246247961328,58.925744490491596,7.594913362627974,6.628797190638198,6.937701181894423,1.4585632937693471,301.61560340526216,-0.027187602201840806,-0.07992288971431125,-0.05273528751247044,1.0,0.08703409388257646,8.397513454023651e-12,2.3,0.01470828803597198,0.36672217265825185,0.0022065922917140226,-0.0012622731768417875,0.4264396010252754,0.14737560565658275,0.18336108632912593,1.75,5313583.347492758,0.17406818776515293,0.05172153722043204,0.0,-0.0022065922917140226,0.0022065922917140226,-0.004413184583428045,-0.004413184583428045,0.002878299046311614,-0.004413184583428045,0.0,0.0,0.0,2.7755575615628914e-17,0.028848662604378225
20.0,0.0018745032130045164,13.645188202194152,115.0601914593086,58.57110822977227,8.14718301065375,7.127979413949362,6.946052015671307,1.4624015863915507,301.59433845160254,-0.02728855890955142,-0.07982407980542353,-0.0525355208958721,1.0,0.08249028654305297,7.959102693780434e-12,2.3,0.013828468392687487,0.351978812372827,0.0027478583851482915,-0.0010764520456032667,0.41235055541314525,0.1469325071793519,0.1759894061864135,1.75,5386063.946526671,0.16498057308610595,0.05301354675235741,0.0,-0.0027478583851482915,0.0027478583851482915,-0.005495716770296583,-0.005495716770296583,0.0031551386769912856,-0.005495716770296583,0.0,0.0,0.0,4.163336342344337e-17,0.03847893939238271
25.0,0.001796082151373149,13.975353277964901,114.80195548673586,58.2310597869296,8.660747694985572,7.5943157124662966,6.953951821497418,1.4658372266141129,301.58133177298174,-0.0274086000049736,-0.07973325329828918,-0.05232465329331558,1.0,0.07807715732564094,7.533300455549958e-12,2.3,0.013046245672872242,0.3411760599790292,0.0032376186304212667,-0.000910311562082706,0.40379988120687,0.14643411666110046,0.1705880299895146,1.75,5440282.714175419,0.15615431465128188,0.05407061554344142,0.0,-0.0032376186304212667,0.0032376186304212667,-0.006475237260842533,-0.006475237260842533,0.0034232646014691137,-0.006475237260842533,0.0,0.0,0.0,4.163336342344337e-17,0.04764347775745597
30.0,0.0017440391900756748,14.26515203991053,114.57811308769391,57.90287249148238,9.138306239042763,8.029849552618236,6.961433885342999,1.4688631477866547,301.5729046479115,-0.027536228972436093,-0.07964860359902763,-0.05211237462659154,1.0,0.07383704502842582,7.124191812327061e-12,2.3,0.012346255139561522,0.3333876554580142,0.0036797475806248595,-0.0007610694295981674,0.398300570795865,0.14591353587128397,0.1666938277290071,1.75,5479971.361049734,0.14767409005685164,0.05495045776003123,0.0,-0.0036797475806248595,0.0036797475806248595,-0.007359495161249719,-0.007359495161249719,0.0036824876053239064,-0.007359495161249719,0.0,0.0,0.0,4.163336342344337e-17,0.05648480657933264
35.0,0.0017103908003987174,14.521774677875586,114.38187689640222,57.58597829008609,9.582328572403844,8.436492320740799,6.968532504196444,1.4715074805726815,301.5671040757544,-0.027665451998656027,-0.07956932799855274,-0.05190387599989671,1.0,0.06979661839814191,6.734349906997626e-12,2.3,0.011716109049609125,0.32790657072451773,0.0040783973924906555,-0.0006264985635265491,0.39453274435063385,0.14538985313381317,0.16395328536225887,1.75,5508209.004788771,0.13959323679628383,0.055693638521142556,0.0,-0.0040783973924906555,0.0040783973924906555,-0.008156794784981311,-0.008156794784981311,0.003932732613522638,-0.008156794784981311,0.0,0.0,0.0,2.7755575615628914e-17,0.06511504781845354
40.0,0.0016883379098356272,14.750781832945748,114.20828725443015,57.28063300602382,9.99511895365617,8.8160630636776,6.975280488355704,1.473811260970099,301.56285578555503,-0.02779303394352324,-0.07949505949504249,-0.051702025551519246,1.0,0.06597048520261811,6.365184174892154e-12,2.3,0.011145748649313107,0.324191620402452,0.004437707638504212,-0.0005047698016199173,0.3917714593653128,0.1448745106825172,0.162095810201226,1.75,5527493.948110775,0.13194097040523622,0.05632941731795145,0.0,-0.004437707638504212,0.004437707638504212,-0.008875415277008424,-0.008875415277008424,0.004174026255103821,-0.008875415277008424,0.0,0.0,0.0,2.7755575615628914e-17,0.07360830468456411
45.0,0.0016732755156490114,14.956546717861375,114.05360570838965,56.98731176322478,10.378842401358225,9.170300146782333,6.981708090535162,1.4758180327135488,301.55955716906925,-0.02791721203102837,-0.07942559229545429,-0.05150838026442592,1.0,0.0623643239054966,6.017242504461096e-12,2.3,0.010626945587056538,0.3218266036739629,0.00476163374551651,-0.0003943530628920775,0.38961184061488907,0.14437439095086282,0.16091330183698144,1.75,5539833.254130396,0.1247286478109932,0.05687937833609097,0.0,-0.00476163374551651,0.00476163374551651,-0.00952326749103302,-0.00952326749103302,0.004406478353579362,-0.00952326749103302,0.0,0.0,0.0,4.163336342344337e-17,0.08201021781787739
50.0,0.0016623555183547384,15.142557880246395,113.91493928161773,56.70644238391171,10.735535623192133,9.500862209928084,6.987842672849397,1.4775690783587156,301.5568652797856,-0.028037038250036325,-0.07936075715618843,-0.0513237189061521,1.0,0.058977433401427894,5.690457249321953e-12,2.3,0.010152917364142809,0.3204900021657461,0.0050538557350322914,-0.0002939510847511082,0.38782565738895486,0.14389352490674237,0.16024500108287304,1.75,5546828.376121534,0.11795486680285579,0.05735975925930448,0.0,-0.0050538557350322914,0.0050538557350322914,-0.010107711470064583,-0.010107711470064583,0.004630263348758339,-0.010107711470064583,0.0,0.0,0.0,2.7755575615628914e-17,0.09034804142127979
55.0,0.001653896079471337,15.311632178396032,113.78999917802413,56.43830219990117,11.06711184081902,9.809325812198237,6.993708738126104,1.4791014559043214,301.5545818357369,-0.02815202685405739,-0.07930037268613643,-0.05114834583207904,1.0,0.05580472194955322,5.384337131166897e-12,2.3,0.009718030413610006,0.31993252290259405,0.005317738134796395,-0.00020245276348553474,0.38628323076607446,0.14343411673842696,0.15996626145129703,1.75,5549750.555935737,0.11160944389910644,0.05778298782763782,0.0,-0.005317738134796395,0.005317738134796395,-0.01063547626959279,-0.01063547626959279,0.004845603761540439,-0.01063547626959279,0.0,0.0,0.0,4.163336342344337e-17,0.09863791923568449
60.0,0.0016469301140589422,15.466067883362015,113.67694106631726,56.18299344871397,11.37536378647572,10.09718294504011,6.999328126299837,1.4804474408608512,301.5525897126306,-0.02826196038045223,-0.07924423293014307,-0.050982272549690844,1.0,0.05283821196125755,5.098112429708891e-12,2.3,0.009317570388612676,0.31996035809331375,0.0055563211133690844,-0.0001188989338210498,0.3849100921740187,0.1429971863432026,0.15998017904665687,1.75,5549604.585791666,0.1056764239225151,0.05815872094600403,0.0,-0.0055563211133690844,0.0055563211133690844,-0.011112642226738169,-0.011112642226738169,0.00505275628976225,-0.011112642226738169,0.0,0.0,0.0,4.163336342344337e-17,0.10688951970058883
65.0,0.0016409099835568875,15.607757209257594,113.5742560283547,55.940454564628475,11.661966745631565,10.365839671628727,7.004720272572458,1.4816346503108506,301.55081757414115,-0.028366780787582035,-0.07919211036485299,-0.050825329577270956,1.0,0.050068150411521295,4.830842121089748e-12,2.3,0.008947563669588722,0.3204225891284824,0.005772329925441886,-4.245639747235249e-05,0.3836627287845137,0.14258298296376698,0.1602112945642412,1.75,5547181.595733332,0.10013630082304259,0.05849456397063009,0.0,-0.005772329925441886,0.005772329925441886,-0.011544659850883772,-0.011544659850883772,0.005252000513726584,-0.011544659850883772,0.0,0.0,0.0,2.7755575615628914e-17,0.11510881610331918
70.0,0.001635527653877031,15.738270508624037,113.48069397005881,55.71048561003073,11.92848230473838,10.616616203788027,7.009902475827988,1.4826864669015396,301.54922014213315,-0.02846652726163303,-0.07914376401142074,-0.05067723674978772,1.0,0.04748381100584756,4.581491275222513e-12,2.3,0.00860463793532759,0.3212016378141624,0.005968194335366736,2.7602352182775308e-05,0.38251499746129747,0.1421912557114293,0.1606008189070812,1.75,5543102.083978214,0.09496762201169512,0.05879657879737235,0.0,-0.005968194335366736,0.005968194335366736,-0.011936388670733471,-0.011936388670733471,0.005443629933275958,-0.011936388670733471,0.0,0.0,0.0,2.7755575615628914e-17,0.12329969698454869
75.0,0.0016306093584592396,15.858920431426105,113.39520824560697,55.4927771905754,12.176362932436318,10.850748341303646,7.014890153500049,1.4836225669738272,301.54776717284886,-0.028561299814974565,-0.07909894796390228,-0.050537648148927715,1.0,0.04507406102264121,4.348985747766684e-12,2.3,0.008285912505112878,0.3222059636902236,0.006146072882424969,9.191532203067904e-05,0.38145052165216914,0.14182143276793652,0.1611029818451118,1.75,5537850.701727908,0.09014812204528241,0.05906964974983091,0.0,-0.006146072882424969,0.006146072882424969,-0.012292145764849938,-0.012292145764849938,0.005627945000571278,-0.012292145764849938,0.0,0.0,0.0,2.7755575615628914e-17,0.13146487774520182
80.0,0.0016260554847970317,15.97081148346495,113.31691462847999,55.28693783128717,12.406957234096721,11.069389995496017,7.019697072989405,1.4844594532242383,301.5464372943196,-0.0286512373072068,-0.07905741852142648,-0.05040618121421968,1.0,0.04282775271848449,4.1322499449962094e-12,2.3,0.007988911516047671,0.3233644436538432,0.006307878763238146,0.00015104417721047614,0.38045844927678935,0.14147274126107545,0.1616822218269216,1.75,5531804.169404526,0.08565550543696898,0.059317751391779826,0.0,-0.006307878763238146,0.006307878763238146,-0.012615757526476291,-0.012615757526476291,0.005805247788833827,-0.012615757526476291,0.0,0.0,0.0,4.163336342344337e-17,0.13960640804070637
85.0,0.0016218068899122003,16.07487885209108,113.24506017648946,55.09251784903993,12.621515685459888,11.27361652483611,7.024335557092536,1.4852109476944415,301.5452145434955,-0.02873650360855263,-0.07901893944933955,-0.05028243584078692,1.0,0.04073398543900987,3.9302321136541115e-12,2.3,0.007711494667352004,0.32462201277154545,0.006455305486512436,0.00020548508156977176,0.3795310905077406,0.14114428820220304,0.16231100638577273,1.75,5525253.616695108,0.08146797087801974,0.05954414764406773,0.0,-0.006455305486512436,0.006455305486512436,-0.012910610973024872,-0.012910610973024872,0.0059758379941827,-0.012910610973024872,0.0,0.0,0.0,2.7755575615628914e-17,0.14772595046207337
90.0,0.001617826325208513,16.171919106831766,113.17899917943383,54.90902917306707,12.821196601082157,11.464428589119292,7.028816663953963,1.4858886267709692,301.54408640477817,-0.028817278472044364,-0.07898328549810889,-0.050166007026064524,1.0,0.038782274343726185,3.741920620423376e-12,2.3,0.007451801606996073,0.3259362658970324,0.006589851196566892,0.00025567771800114487,0.37866260511212313,0.14083511549410038,0.1629681329485162,1.75,5518422.399786872,0.07756454868745237,0.05975154172447174,0.0,-0.006589851196566892,0.006589851196566892,-0.013179702393133784,-0.013179702393133784,0.006140009985320701,-0.013179702393133784,0.0,0.0,0.0,4.163336342344337e-17,0.15582493199667552
95.0,0.0016140883348512271,16.26261472930136,113.11817425296684,54.73596130646248,13.007072175011716,11.642756319151047,7.033150343766342,1.4865021956994233,301.54304267917956,-0.028893751208978066,-0.07895024449307075,-0.05005649328409269,1.0,0.03696265210028629,3.5663537639321386e-12,2.3,0.0072082069543998335,0.3272747909377241,0.006712841155148465,0.000302012858193403,0.3778482724687271,0.14054423747952208,0.16363739546886205,1.75,5511480.307536067,0.07392530420057258,0.05994219048469722,0.0,-0.006712841155148465,0.006712841155148465,-0.01342568231029693,-0.01342568231029693,0.006298050688121197,-0.01342568231029693,0.0,0.0,0.0,1.3877787807814457e-17,0.16390462576893927
100.0,0.0016105738440324092,16.34755382667265,113.06210130781717,54.57279387022348,13.18013442486829,11.809463604856973,7.037345574647822,1.4870598053709683,301.54207481572513,-0.02896611611862673,-0.07891961835349598,-0.049953502234869246,1.0,0.03526572361142613,3.4026250551005766e-12,2.3,0.006979283702447472,0.32861306831501935,0.006825448124191129,0.00034483875230161665,0.37708408451435194,0.14027066657213957,0.16430653415750968,1.75,5504554.869489835,0.07053144722285226,0.06011799246053935,0.0,-0.006825448124191129,0.006825448124191129,-0.013650896248382258,-0.013650896248382258,0.006450238107565278,-0.013650896248382258,0.0,0.0,0.0,2.7755575615628914e-17,0.17196619511648106
105.0,0.00160726730353693,16.42724609646855,113.01035745608863,54.41900627003711,13.341300958451427,11.965352393204835,7.041410480413277,1.4875683180713004,301.5411755000824,-0.029034569077379353,-0.0788912233435142,-0.04985665426613485,1.0,0.033682687970466196,3.24988533552476e-12,2.3,0.006763773242339927,0.32993280794358554,0.0069287106468842235,0.00038446655493368237,0.37636651674601973,0.1400134306492664,0.16496640397179277,1.75,5497740.363007048,0.06736537594093239,0.06028055637414648,0.0,-0.0069287106468842235,0.0069287106468842235,-0.013857421293768447,-0.013857421293768447,0.006596840352441148,-0.013857421293768447,0.0,0.0,0.0,2.7755575615628914e-17,0.1800107176211286
110.0,0.0016041552098832708,16.50213579950747,112.96257121533851,54.27408499517003,13.491420471478074,12.111166884308169,7.0453524325291355,1.4880335286308704,301.5403383890005,-0.02909930494420392,-0.07886488980949301,-0.04976558486528909,1.0,0.032205338392286724,3.107342770816772e-12,2.3,0.006560560678729484,0.33122062959040616,0.007023549281085665,0.0004211749504772396,0.37569239741617194,0.13977158469557846,0.16561031479520308,1.75,5491104.9790934445,0.06441067678457345,0.06043125483773256,0.0,-0.007023549281085665,0.007023549281085665,-0.01404709856217133,-0.01404709856217133,0.006738115033456858,-0.01404709856217133,0.0,0.0,0.0,1.3877787807814457e-17,0.1880391986454534
115.0,0.0016012253526352439,16.572612364596104,112.91841450577687,54.137529005939484,13.631277955299524,12.247597583123664,7.049178138514107,1.4884603480096974,301.5395579284785,-0.029160515574402756,-0.07884046158580241,-0.04967994601139965,1.0,0.030826047433485614,2.974261424566733e-12,2.3,0.006368654379583514,0.3324670120573372,0.007110780948498494,0.0004552141155784504,0.3750588306711612,0.13954421838073214,0.1662335060286686,1.75,5484696.527039418,0.06165209486697123,0.06057126681560617,0.0,-0.007110780948498494,0.007110780948498494,-0.014221561896996988,-0.014221561896996988,0.006874308954831567,-0.014221561896996988,0.0,0.0,0.0,4.163336342344337e-17,0.19605257947451313
120.0,0.0015984664391744065,16.639019073856705,112.87759608684499,54.008853598218614,13.761599573480595,12.37528515012451,7.0528937185868195,1.4888529550284741,301.5388292221276,-0.029218388305195242,-0.07881779521042358,-0.049599406905228335,1.0,0.029537743079686186,2.849958951118753e-12,2.3,0.006187168950772522,0.33366545580274415,0.007191131546404498,0.00048680912331679275,0.37446314947448456,0.13933046075975009,0.16683272790137207,1.75,5478546.96940497,0.05907548615937237,0.0607016114032199,0.0,-0.007191131546404498,0.007191131546404498,-0.014382263092808996,-0.014382263092808996,0.007005658016629913,-0.014382263092808996,0.0,0.0,0.0,0.0,0.20405174273808502
125.0,0.0015958679099770667,16.70166021190017,112.83985613801029,53.88759306206463,13.883057218847982,12.494824045624219,7.056504772282103,1.4892149217508903,301.53814793066545,-0.02927310482087894,-0.0787967590414181,-0.04952365422053916,1.0,0.0283338792947947,2.7338037540062583e-12,2.3,0.006015310983340178,0.33481181443780916,0.007265247016127899,0.0005161628811847628,0.37390288495841634,0.1391294829071729,0.16740590721890458,1.75,5472676.027346324,0.0566677585895894,0.060823174898116034,0.0,-0.007265247016127899,0.007265247016127899,-0.014530494032255798,-0.014530494032255798,0.007132387282719113,-0.014530494032255798,0.0,0.0,0.0,1.3877787807814457e-17,0.21203751648588634
130.0,0.0015934198468867567,16.760806956915637,112.80496177354848,53.77330240023369,13.996272737343427,12.606765942143737,7.060016436372918,1.4895493167851286,301.53751019213524,-0.029324840324687105,-0.07877723234336635,-0.04945239201867925,1.0,0.027208403837981926,2.6252118807627688e-12,2.3,0.005852367068249072,0.3359037614336097,0.007333703023352681,0.000543458672257197,0.37337574500664716,0.13894049908868214,0.16795188071680486,1.75,5467094.0410262365,0.05441680767596385,0.06093673260478198,0.0,-0.007333703023352681,0.007333703023352681,-0.014667406046705363,-0.014667406046705363,0.007254711161442854,-0.014667406046705363,0.0,0.0,0.0,0.0,0.22001067759906445
135.0,0.001591112924151511,16.81670225780042,112.77270330824169,53.665558312095186,14.101821844859703,12.711622917725764,7.06343343538151,1.489858790459254,301.5369125565741,-0.029373762964143995,-0.07875910438259785,-0.049385341418453854,1.0,0.026155724996357384,2.523643813112928e-12,2.3,0.005697693665352869,0.33694036463791444,0.0073970134267170515,0.0005688623628948753,0.37287959805525117,0.13876276687811745,0.16847018231895722,1.75,5461804.236861414,0.05231144999271477,0.061042966515967606,0.0,-0.0073970134267170515,0.0073970134267170515,-0.014794026853434103,-0.014794026853434103,0.007372833675153692,-0.014794026853434103,0.0,0.0,0.0,1.3877787807814457e-17,0.22797195486373664
140.0,0.0015889383776123396,16.869564874722997,112.74289114299039,53.56395961820316,14.200237736754929,12.8098704207592,7.066760125648282,1.490145644883857,301.53635193152536,-0.029420033461166988,-0.0787422735610228,-0.04932224009985581,1.0,0.025170678586630572,2.428601283116823e-12,2.3,0.005550708504486041,0.3379217475424366,0.007455637669595401,0.000592524323980143,0.3724124600052077,0.1385955865433,0.1689608737712183,1.75,5456804.519291259,0.050341357173261145,0.06114247971307264,0.0,-0.007455637669595401,0.007455637669595401,-0.014911275339190802,-0.014911275339190802,0.0074869487842989255,-0.014911275339190802,0.0,0.0,0.0,1.3877787807814457e-17,0.23592203185176444
145.0,0.0015868879801708093,16.919592742492117,112.71535315235688,53.46812725435045,14.292014420715644,12.901950026653743,7.07000053391024,1.4904118916561446,301.5358255359535,-0.02946380491129515,-0.07872664660093476,-0.04926284168963961,1.0,0.02424849588353292,2.3396241787331268e-12,2.3,0.005410883250849485,0.3388488200615888,0.007509987240519687,0.0006145811101177983,0.37197248302690683,0.13843829991114187,0.1694244100307944,1.75,5452088.883451203,0.04849699176706584,0.06123580816898527,0.0,-0.007509987240519687,0.007509987240519687,-0.015019974481039373,-0.015019974481039373,0.007597240754752602,-0.015019974481039373,0.0,0.0,0.0,2.7755575615628914e-17,0.2438615496661841
150.0,0.0015849540186331198,16.96696577203528,112.68993248998511,53.377703949167106,14.377609778381181,12.988271984858828,7.073158391091178,1.4906592992868704,301.53533086100214,-0.02950522271640444,-0.0787121377911184,-0.049206915074713954,1.0,0.023384773082757732,2.2562875974407162e-12,2.3,0.005277737224986905,0.3397230653433772,0.007560431310711414,0.0006351569291086122,0.3715579456570738,0.13829028889269887,0.1698615326716886,1.75,5447648.524237068,0.046769546165515465,0.06132343046016772,0.0,-0.007560431310711414,0.007560431310711414,-0.015120862621422829,-0.015120862621422829,0.007703884545823386,-0.015120862621422829,0.0,0.0,0.0,2.7755575615628914e-17,0.25179110956862716
155.0,0.0015831292699287848,17.01184819577503,112.66648573394717,53.29235366396702,14.457448385947755,13.069217578403936,7.076237162002271,1.4908894322447528,301.5348656363866,-0.02954442462617837,-0.07869866829451763,-0.04915424366833926,1.0,0.022575442470513744,2.178199064523472e-12,2.3,0.005150832000630717,0.34054637158715145,0.007607301663375839,0.000654364933378007,0.3711672437960269,0.13815097377692653,0.17027318579357573,1.75,5443472.703232942,0.04515088494102749,0.06140577580800196,0.0,-0.007607301663375839,0.007607301663375839,-0.015214603326751678,-0.015214603326751678,0.007807046214720026,-0.015214603326751678,0.0,0.0,0.0,2.7755575615628914e-17,0.25971127548974576
160.0,0.001581406976503394,17.054390532693052,112.64488131714008,53.211760868613986,14.531924101048785,13.145141298035313,7.079240071463893,1.4911036830417943,301.53442780154063,-0.029581540861991495,-0.07868616551893522,-0.04910462465694372,1.0,0.021816745534366095,2.1049959386608394e-12,2.3,0.005029766741298851,0.34132090009720956,0.007650896998687211,0.0006723083558513544,0.37079888244391185,0.13801981139708766,0.17066045004860478,1.75,5439549.422225824,0.04363349106873219,0.061483230761373964,0.0,-0.007650896998687211,0.007650896998687211,-0.015301793997374422,-0.015301793997374422,0.007906883322342078,-0.015301793997374422,0.0,0.0,0.0,2.7755575615628914e-17,0.2676225764186487
165.0,0.0015797808209854548,17.094731244129964,112.62499819034602,53.13562969996297,14.601402443548311,13.216372852322108,7.0821701273649404,1.4913032986556027,301.5340154807819,-0.029616694306387494,-0.0786745625461912,-0.04905786823980371,1.0,0.021105207962624415,2.0363429997354855e-12,2.3,0.004914174156866918,0.342048982450605,0.007691486702836869,0.0006890815132161618,0.3704514680273186,0.13789629322407998,0.1710244912253025,1.75,5435865.942606177,0.04221041592524883,0.061556144784585765,0.0,-0.007691486702836869,0.007691486702836869,-0.015382973405673739,-0.015382973405673739,0.008003545340189724,-0.015382973405673739,0.0,0.0,0.0,6.938893903907228e-18,0.27552550866732495
170.0,0.001578244900708059,17.132998130440505,112.60672468176952,53.0636830502979,14.666222777634044,13.283219017165088,7.085030141029212,1.4914894022562029,301.5336269619045,-0.029650000738987537,-0.07866379761766314,-0.0490137968786756,1.0,0.02043761658750322,1.9719302241864693e-12,2.3,0.0048037169863676295,0.3427330410109833,0.007729314144766905,0.0007047706924126017,0.370123701277685,0.13777994344760822,0.17136652050549164,1.75,5432409.182250465,0.04087523317500644,0.061624834946313975,0.0,-0.007729314144766905,0.007729314144766905,-0.01545862828953381,-0.01545862828953381,0.008097174047961455,-0.01545862828953381,0.0,0.0,0.0,3.469446951953614e-18,0.2834205380078588
175.0,0.0015767937023872802,17.169309516650557,112.5899575173855,52.99566161190891,14.726700319556697,13.345965344157996,7.087822745273304,1.4916630111211142,301.5332606776931,-0.02968156910792378,-0.07865381367027001,-0.04897224456234623,1.0,0.019810998126713913,1.9114707338846898e-12,2.3,0.004698084925790849,0.34337552816948735,0.007764599567946857,0.0007194549372077694,0.3698143705846705,0.13767031706956775,0.17168776408474368,1.75,5429166.015004277,0.03962199625342783,0.06168958987897455,0.0,-0.007764599567946857,0.007764599567946857,-0.015529199135893713,-0.015529199135893713,0.008187903923813316,-0.015529199135893713,0.0,0.0,0.0,4.163336342344337e-17,0.29130810168247845
180.0,0.0015754220774504197,17.203775260340308,112.57460097810913,52.93132290801936,14.783127977729839,13.404877731510991,7.090550410423533,1.4918250513927607,301.5329151899357,-0.02971150182316227,-0.0786445579198207,-0.04893305609665843,1.0,0.01922259969820811,1.8546989160914215e-12,2.3,0.004596991936730745,0.3439788804972385,0.0077975426248828444,0.0007332067461355177,0.3695223458174541,0.13756699804574588,0.17198944024861926,1.75,5426123.493313142,0.03844519939641622,0.06175067313322238,0.0,-0.0077975426248828444,0.0077975426248828444,-0.015595085249765689,-0.015595085249765689,0.008275862519897443,-0.015595085249765689,0.0,0.0,0.0,4.163336342344337e-17,0.29918861028849647
185.0,0.0015741252181677601,17.236497614635113,112.56056616923208,52.87044032338704,14.83577804620831,13.460203874706039,7.093215458580237,1.4919763702793685,301.53258917556934,-0.029739895065127073,-0.07863598148582107,-0.048896086420694,1.0,0.018669870935456575,1.8013686978450627e-12,2.3,0.00450017387941992,0.34454548481676395,0.007828324605441457,0.000746092694359283,0.36924657255861093,0.13746959748339457,0.17227274240838197,1.75,5423269.010004425,0.03733974187091315,0.061808326038150604,0.0,-0.007828324605441457,0.007828324605441457,-0.015656649210882913,-0.015656649210882913,0.008361170826242477,-0.015656649210882913,0.0,0.0,0.0,2.7755575615628914e-17,0.3070624495418057
190.0,0.0015728986348891084,17.26757196832226,112.54777038618221,52.81280215356872,14.884903757327958,13.512174600372276,7.095820076323335,1.4921177461389097,301.53228141465195,-0.02976683909913909,-0.07862803905481455,-0.04886119995567546,1.0,0.018150447646873076,1.7512519693352212e-12,2.3,0.004407386425598169,0.34507765366322385,0.0078571103945124,0.0007581739875756504,0.368986066750048,0.13737775191629892,0.17253882683161192,1.75,5420590.412594951,0.03630089529374615,0.06186277014774798,0.0,-0.0078571103945124,0.0078571103945124,-0.0157142207890248,-0.0157142207890248,0.008443943617609008,-0.0157142207890248,0.0,0.0,0.0,2.7755575615628914e-17,0.31492998192373883
195.0,0.0015717381343971994,17.2970874857219,112.53613655952267,52.7582106782589,14.930740711445614,13.561005098279079,7.098366326077292,1.4922498968542102,301.53199077989336,-0.029792418592130405,-0.07862068857707176,-0.04882826998494136,1.0,0.017662136849660035,1.704137139888339e-12,2.3,0.004318403211346183,0.3455776082077317,0.00788405019769589,0.0007695069574358858,0.36873990970406395,0.1372911216559005,0.17278880410386585,1.75,5418076.080251402,0.03532427369932007,0.061914209347018426,0.0,-0.00788405019769589,0.00788405019769589,-0.01576810039539178,-0.01576810039539178,0.00852428978683721,-0.01576810039539178,0.0,0.0,0.0,3.469446951953614e-18,0.3227915482168646
200.0,0.0015706397995365136,17.325127660865572,112.52559276859569,52.706481270405035,14.973508188604008,13.606896054510369,7.100856156276156,1.4923734867925702,301.53171622752296,-0.02981671292516727,-0.07861389099401227,-0.048797178068844996,1.0,0.017202903114981318,1.659827820477155e-12,2.3,0.004233014198505427,0.3460474669677077,0.00790928106138745,0.0007801435043810274,0.36850724347790015,0.13720938923089684,0.17302373348385386,1.75,5415714.972101275,0.034405806229962636,0.06196283167040175,0.0,-0.00790928106138745,0.00790928106138745,-0.0158185621227749,-0.0158185621227749,0.008602312660676138,-0.0158185621227749,0.0,0.0,0.0,4.163336342344337e-17,0.3306474689357293
205.0,0.0015695999700445747,17.351770801686204,112.51607181178369,52.65744154176434,15.013410357336529,13.650034698618112,7.103291410495259,1.4924891326264969,301.53145678929707,-0.02983979650031139,-0.07860760999214633,-0.04876781349183494,1.0,0.016770856070183776,1.6181416178683997e-12,2.3,0.004151024216094896,0.3464892390755681,0.007932928216584482,0.0007901314951288749,0.368287266570412,0.13713225790949835,0.17324461953778406,1.75,5413496.653232187,0.03354171214036755,0.062008810882039044,0.0,-0.007932928216584482,0.007932928216584482,-0.015865856433168964,-0.015865856433168964,0.008678110301703013,-0.015865856433168964,0.0,0.0,0.0,0.0,0.33849804565874364
210.0,0.001568615224658826,17.377090453791062,112.50751082636518,52.61093053190776,15.05063738455324,13.690595767338472,7.105673835651758,1.4925974082096747,301.5312115654896,-0.02986173903750389,-0.07860181178139344,-0.048740072743889556,1.0,0.016364238998843095,1.5789090346944324e-12,2.3,0.004072251659323277,0.34690482099999537,0.007955106265960219,0.0007995151191297683,0.3680792299376943,0.13705945031126013,0.17345241049999768,1.75,5411411.3040194595,0.03272847799768619,0.062052307852634325,0.0,-0.007955106265960219,0.007955106265960219,-0.015910212531920438,-0.015910212531920438,0.008751775793253497,-0.015910212531920438,0.0,0.0,0.0,2.7755575615628914e-17,0.3463435622674284
215.0,0.0015676823643864302,17.401155774822698,112.49985094939258,52.56679793861934,15.085366459368128,13.728742395799745,7.108005089402521,1.4926988486954627,301.5309797187173,-0.02988260586133925,-0.07859646489436824,-0.04871385903302899,1.0,0.01598141840416824,1.5419724624748533e-12,2.3,0.003996527325388744,0.3472959959493461,0.007975920236486786,0.0008083352095797953,0.3678824332904439,0.13699070710049385,0.17364799797467306,1.75,5409449.716681141,0.03196283680833648,0.062093471766911074,0.0,-0.007975920236486786,0.007975920236486786,-0.015951840472973572,-0.015951840472973572,0.008823397510859324,-0.015951840472973572,0.0,0.0,0.0,2.7755575615628914e-17,0.3541842860991152
220.0,0.0015667983969631844,17.424031865654825,112.49303701495522,52.52490339370549,15.117762734038608,13.764626938341367,7.110286746813565,1.4927939540250295,301.530760468491,-0.02990245817491245,-0.07859154000498166,-0.0486890818300692,1.0,0.015620874484412855,1.5071852626334082e-12,2.3,0.003923693369867481,0.34766443523123375,0.007995466512083053,0.000816629532174569,0.36769622166905674,0.13692578576494865,0.17383221761561687,1.75,5407603.282699249,0.03124174896882571,0.06213244118481961,0.0,-0.007995466512083053,0.007995466512083053,-0.015990933024166105,-0.015990933024166105,0.008893059377766237,-0.015990933024166105,0.0,0.0,0.0,2.7755575615628914e-17,0.36202046901899315
225.0,0.0015659605223765584,17.44578006622538,112.48701728163205,52.48511578073246,15.147980192869314,13.798391728245978,7.1125203064012315,1.4928831919119503,301.53055308638454,-0.029921353321425162,-0.07858700976362507,-0.0486656564421999,1.0,0.015281192405676281,1.4744109244512978e-12,2.3,0.00385360236832711,0.3480117010968288,0.00801383366327689,0.0008244330459612395,0.3675199822632118,0.136864459471,0.1740058505484144,1.75,5405863.973444356,0.030562384811352563,0.06216934498022741,0.0,-0.00801383366327689,0.00801383366327689,-0.01602766732655378,-0.01602766732655378,0.008960841107811047,-0.01602766732655378,0.0,0.0,0.0,1.3877787807814457e-17,0.36985234841713155
230.0,0.0015651661194554163,17.46645822003857,112.48174318709331,52.447312596834024,15.176162451599996,13.830169778086697,7.114707195598956,1.4929670004053686,301.53035689174123,-0.029939345031756645,-0.0785828486476965,-0.04864350361593986,1.0,0.01496105432953699,1.4435222958507405e-12,2.3,0.003786116471306795,0.3483392505968895,0.00803110318460101,0.0008317781386495305,0.3673531414716558,0.13680651599712154,0.17416962529844476,1.75,5404224.316333756,0.02992210865907398,0.06220430317265115,0.0,-0.00803110318460101,0.00803110318460101,-0.01606220636920202,-0.01606220636920202,0.009026818433697487,-0.01606220636920202,0.0,0.0,0.0,2.7755575615628914e-17,0.37768014813581213
235.0,0.0015644127334035946,17.48612091294441,112.47716912530355,52.411379354478974,15.202443496431252,13.860085428593301,7.116848775728571,1.493045790117748,301.5301712478389,-0.029956483659145508,-0.07857903282528891,-0.048622549166143406,1.0,0.014659232099002148,1.414400877696387e-12,2.3,0.003721106641163295,0.3486484401715554,0.008047350152732578,0.0008386948398101882,0.3671951621728004,0.13675175673692413,0.1743242200857777,1.75,5402677.367867629,0.029318464198004296,0.062237427668890496,0.0,-0.008047350152732578,0.008047350152732578,-0.016094700305465157,-0.016094700305465157,0.009091063323682935,-0.016094700305465157,0.0,0.0,0.0,2.7755575615628914e-17,0.3855040793321922
240.0,0.0015636980642689592,17.504819688755752,112.47325224435173,52.37720902419604,15.226948364668868,13.888254947380007,7.118946346515087,1.4931199461692986,301.5299955584626,-0.0299728163998725,-0.07857554003112577,-0.04860272363125327,1.0,0.014374580548493254,1.3869361783070634e-12,2.3,0.0036584519620018107,0.34894053066892683,0.00806264381331512,0.0008452110137198911,0.36704554120194127,0.13669999577243222,0.17447026533446341,1.75,5401216.685019465,0.028749161096986508,0.062268822925096154,0.0,-0.00806264381331512,0.00806264381331512,-0.01612528762663024,-0.01612528762663024,0.009153644185056825,-0.01612528762663024,0.0,0.0,0.0,2.7755575615628914e-17,0.39332434128100274
245.0,0.0015630199562345405,17.522603245800312,112.46995226151418,52.34470151400218,15.24979377471098,13.91478708424688,7.121001150207885,1.4931898299076505,301.5298292648172,-0.02998838750131117,-0.07857234945300265,-0.04858396195169148,1.0,0.014106031357106861,1.36102512038559e-12,2.3,0.003598039013968419,0.3492166926381375,0.00807704810647483,0.0008513525345720384,0.3669038070093546,0.13665105900936084,0.17460834631906874,1.75,5399836.295702001,0.028212062714213722,0.062298586541469546,0.0,-0.00807704810647483,0.00807704810647483,-0.01615409621294966,-0.01615409621294966,0.009214626057142548,-0.01615409621294966,0.0,0.0,0.0,2.7755575615628914e-17,0.40114112212166836
250.0,0.0015623763877192943,17.539517615994296,112.46723129428683,52.31376318585737,15.27108870691924,13.939783584096412,7.12301437533629,1.493255780435004,301.52967184275116,-0.030003238456685396,-0.07856944162807043,-0.04856620317138503,1.0,0.013852587418071594,1.336571497753971e-12,2.3,0.0035397613053315393,0.34947801170297244,0.008090622136912098,0.0008571434453687345,0.3667695174955128,0.1366047833744557,0.17473900585148622,1.75,5398530.669229938,0.02770517483614319,0.062326809796771646,0.0,-0.008090622136912098,0.008090622136912098,-0.016181244273824197,-0.016181244273824197,0.009274070792458455,-0.016181244273824197,0.0,0.0,0.0,2.7755575615628914e-17,0.4089545995539333
255.0,0.001561765462186915,17.55560632948663,112.46505370480692,52.28430640502899,15.290934941898266,13.963339663166684,7.124987160150266,1.493318115982919,301.529522800239,-0.030017408187967547,-0.07856679834756365,-0.048549390159596105,1.0,0.013613317657008954,1.3134854753915692e-12,2.3,0.003483518755653235,0.34972549393947566,0.008103420596314838,0.0008626061026672777,0.36664225800093436,0.13656101606735135,0.17486274696973783,1.75,5397294.687116196,0.027226635314017908,0.06235357813162953,0.0,-0.008103420596314838,0.008103420596314838,-0.016206841192629676,-0.016206841192629676,0.009332037228494449,-0.016206841192629676,0.0,0.0,0.0,2.7755575615628914e-17,0.41676494148578164
260.0,0.0015611853996498365,17.570910565821002,112.46338595687378,52.25624912231227,15.309427557370189,13.985544449375462,7.126920595766104,1.4933771351539693,301.52938167510246,-0.030030933216543574,-0.07856440256949736,-0.04853346935295379,1.0,0.01338735227791783,1.2916831307423405e-12,2.3,0.0034292172250816413,0.3499600711364863,0.008115494142451286,0.0008677613081671458,0.366521639447439,0.13651961386670314,0.17498003556824315,1.75,5396123.614764465,0.02677470455583566,0.062378971585560015,0.0,-0.008115494142451286,0.008115494142451286,-0.016230988284902572,-0.016230988284902572,0.009388581348935167,-0.016230988284902572,0.0,0.0,0.0,1.3877787807814457e-17,0.42457230663716156
265.0,0.0015606345287792313,17.585469293930927,112.46219648357075,52.229514485278706,15.32665538916278,14.006481391622303,7.128815729058466,1.493433118058102,301.52924803293007,-0.030043847823051292,-0.07856223833820572,-0.04851839051515443,1.0,0.013173878380667544,1.271086030867196e-12,2.3,0.003376768084559034,0.3501826059101912,0.00812688974097125,0.0008726284288863998,0.3664072966113764,0.13648044248381666,0.1750913029550956,1.75,5395013.074163969,0.02634775676133509,0.06240306519445882,0.0,-0.00812688974097125,0.00812688974097125,-0.0162537794819425,-0.0162537794819425,0.009443756436526448,-0.0162537794819425,0.0,0.0,0.0,2.7755575615628914e-17,0.4323768451027638
270.0,0.0015601112796092553,17.5993194014985,112.46145556501017,52.2040304783074,15.342701457215112,14.02622863864338,7.130673565312696,1.4934863273545342,301.5291214651843,-0.030056184196197076,-0.07856029071038483,-0.04850410651418775,1.0,0.012972135933784509,1.2516208438769847e-12,2.3,0.0033260878231542606,0.35039389659910736,0.0081376509731451,0.000877225506667787,0.36629888652607295,0.1364433759634041,0.17519694829955368,1.75,5393959.017919384,0.025944271867569018,0.06242592935194182,0.0,-0.0081376509731451,0.0081376509731451,-0.0162753019462902,-0.0162753019462902,0.009497613216570194,-0.0162753019462902,0.0,0.0,0.0,2.7755575615628914e-17,0.44017869887685457
275.0,0.0015596141767580452,17.61249581547293,112.46113521462492,52.179729587929685,15.357643361276338,14.044859391544836,7.132495070671459,1.493537009218792,301.52900158746206,-0.030067972571875087,-0.07855854568672342,-0.048490573114848334,1.0,0.012781414055591704,1.2332189801170018e-12,2.3,0.003277097688430875,0.35059468193873583,0.008147818314261748,0.0008815693584310335,0.36619608699674755,0.13640829612546146,0.17529734096936792,1.75,5392957.7045888305,0.02556282811118341,0.062447630139699284,0.0,-0.008147818314261748,0.008147818314261748,-0.016295636628523496,-0.016295636628523496,0.009550199993004329,-0.016295636628523496,0.0,0.0,0.0,1.3877787807814457e-17,0.44797800234293783
280.0,0.0015591418331555613,17.625031614011704,112.46120907373427,52.15654849316329,15.371553646977862,14.062442230450586,7.134281174385195,1.4935853942403943,301.5288880379049,-0.03007924136250185,-0.07855699014888602,-0.04847774878638417,1.0,0.012601047591357379,1.2158162619120428e-12,2.3,0.0032297233569332146,0.350785645472831,0.008157429385078688,0.0008856756677274365,0.366098595225693,0.1363750920478711,0.1753928227364155,1.75,5392005.675517505,0.025202095182714757,0.062468229629201476,0.0,-0.008157429385078688,0.008157429385078688,-0.016314858770157377,-0.016314858770157377,0.009601562776177465,-0.016314858770157377,0.0,0.0,0.0,3.469446951953614e-18,0.4557748827308061
285.0,0.0015586929442113736,17.636958131268248,112.46165231311659,52.134427777744456,15.384500146247907,14.079041418781797,7.136032770894751,1.4936316982652829,301.52878047572915,-0.03009001727778032,-0.0785556118010976,-0.04846559452331728,1.0,0.012430413947176781,1.199352618082432e-12,2.3,0.0031838946315455633,0.3509674197162448,0.008166519180045108,0.0008895590687509805,0.36600612653324094,0.13634365958445555,0.1754837098581224,1.75,5391099.7330682585,0.024860827894353562,0.06248778615877352,0.0,-0.008166519180045108,0.008166519180045108,-0.016333038360090216,-0.016333038360090216,0.009651745404057922,-0.016333038360090216,0.0,0.0,0.0,2.7755575615628914e-17,0.4635694605433447
290.0,0.0015582662824144445,17.648305055119877,112.46244154145008,52.11331166392126,15.396546292573047,14.094717185476735,7.137750721751551,1.4936761231852098,301.52867857987724,-0.030100325436867217,-0.07855439911616792,-0.0484540736793007,1.0,0.012268930171306503,1.1837718023355965e-12,2.3,0.0031395451634834595,0.35114059004563924,0.008175120274069752,0.000893233223223139,0.36591841317282436,0.13631390091811546,0.17557029502281962,1.75,5390236.920346242,0.024537860342613006,0.06250635458765619,0.0,-0.008175120274069752,0.008175120274069752,-0.016350240548139505,-0.016350240548139505,0.009700789656068722,-0.016350240548139505,0.0,0.0,0.0,1.734723475976807e-18,0.4713618499552684
295.0,0.0015578606923070922,17.65910051898815,112.46355471958533,52.09314776508561,15.407751414483325,14.109525988168865,7.1394358574042105,1.4937188576844933,301.5285820477655,-0.030110189473037518,-0.07855334128533384,-0.04844315181229632,1.0,0.012116050249890752,1.1690211323433183e-12,2.3,0.0030966121961898564,0.35130569834091385,0.008183263010791697,0.0008967108910996774,0.365835203227647,0.13628572414444592,0.17565284917045693,1.75,5389414.502285246,0.024232100499781504,0.06252398653023256,0.0,-0.008183263010791697,0.008183263010791697,-0.016366526021583394,-0.016366526021583394,0.009748735361216,-0.016366526021583394,0.0,0.0,0.0,1.734723475976807e-18,0.47915215918580456
300.0,0.0015574750858275976,17.66937118774245,112.4649710805964,52.073886856929654,15.418171007628164,14.1235207575021,7.141088978842652,1.493760077944389,301.5284905941294,-0.030119631630851386,-0.07855242817181489,-0.0484327965409635,1.0,0.011971262610422334,1.1550512488623372e-12,2.3,0.0030550363296896537,0.3514632463656421,0.008190975673651402,0.0009000039954065252,0.36575625958772273,0.136259042885527,0.17573162318282104,1.75,5388629.94813798,0.023942525220844668,0.0625407305715393,0.0,-0.008190975673651402,0.008190975673651402,-0.016381951347302803,-0.016381951347302803,0.009795620499501853,-0.016381951347302803,0.0,0.0,0.0,1.734723475976807e-18,0.48694049084717955
305.0,0.0015571084379712885,17.679142338637142,112.4666710547506,52.05548266474882,15.427856988321999,14.136751125200313,7.142710859136994,1.493799948312999,301.5284039499477,-0.030128672856796206,-0.07855165026756003,-0.048422977410763825,1.0,0.011834087804844722,1.141815892187685e-12,2.3,0.003014761302871725,0.35161369891239713,0.008198284642139984,0.0009031236819921122,0.3656813589964914,0.13623377592987643,0.17580684945619857,1.75,5387880.915227342,0.023668175609689444,0.06255663246661829,0.0,-0.008198284642139984,0.008198284642139984,-0.016396569284279967,-0.016396569284279967,0.009841481298404455,-0.016396569284279967,0.0,0.0,0.0,2.7755575615628914e-17,0.4947269422706245
310.0,0.0015567597827658654,17.688437937211354,112.46863619939542,52.037891666616666,15.4368579288217,14.149263635995169,7.144302244860186,1.4938386219398687,301.5283218614487,-0.030137332883423747,-0.07855099865311861,-0.048413665769694865,1.0,0.011704076367473148,1.12927169547349e-12,2.3,0.002975733792638676,0.35175748670861534,0.008205214534181477,0.000906080374424237,0.3656102911661091,0.13620984689832286,0.17587874335430767,1.75,5387165.233968157,0.023408152734946296,0.06257173532447778,0.0,-0.008205214534181477,0.008205214534181477,-0.016410429068362955,-0.016410429068362955,0.009886352323484579,-0.016410429068362955,0.0,0.0,0.0,4.163336342344337e-17,0.5025116058114822
315.0,0.001556428209518615,17.697280708949954,112.47084913304043,52.02107291036623,15.445219276794939,14.161101945632245,7.145863857417633,1.4938762413814994,301.5282440891789,-0.030145630307839302,-0.07855046496020068,-0.04840483465236138,1.0,0.011580806824197114,1.117377992650221e-12,2.3,0.002937903228062877,0.35189500910900856,0.00821178833655182,0.0009088838246797074,0.36554285795218033,0.1361871839323285,0.17594750455450428,1.75,5386480.894019307,0.023161613648394228,0.06258607977874911,0.0,-0.00821178833655182,0.00821178833655182,-0.01642357667310364,-0.01642357667310364,0.009930266564478511,-0.01642357667310364,0.0,0.0,0.0,2.7755575615628914e-17,0.5102945691348786
320.0,0.0015561128593319625,17.705692206601107,112.47329347366446,52.00498784414924,15.452983559161146,14.172307005032268,7.147396394282111,1.4939129391763628,301.5281704071419,-0.030153582664566216,-0.07855004133688302,-0.0483964586723168,1.0,0.011463883849316944,1.1060966405864495e-12,2.3,0.002901221618509416,0.3520266365743832,0.008218027524047043,0.0009115431598000785,0.3654788725872451,0.1361657194045757,0.1760133182871916,1.75,5385826.031557781,0.02292776769863389,0.06259970414556322,0.0,-0.008218027524047043,0.008218027524047043,-0.016436055048094086,-0.016436055048094086,0.009973255516257988,-0.016436055048094086,0.0,0.0,0.0,2.7755575615628914e-17,0.51807591548331
325.0,0.0015558129218511852,17.71369287383077,112.47595378063332,51.989600158785485,15.46019057241067,14.182917232505059,7.148900530150406,1.4939488383944788,301.5281006019886,-0.03016120649353682,-0.07854972041509457,-0.048388513921557755,1.0,0.011352936550151434,1.0953918535786482e-12,2.3,0.0028656433942841715,0.3521527129615163,0.008223952168938528,0.0009140669250514101,0.3654181589651135,0.13614538964881323,0.17607635648075814,1.75,5385198.917544033,0.022705873100302868,0.06261264457036998,0.0,-0.008223952168938528,0.008223952168938528,-0.016447904337877055,-0.016447904337877055,0.010015349255774316,-0.016447904337877055,0.0,0.0,0.0,2.7755575615628914e-17,0.5258557239273957
330.0,0.0015555276322418488,17.7213021050937,112.4788155002762,51.974875641719265,15.466877559522702,14.192968674055365,7.150376918020581,1.493984053159927,301.5280344722676,-0.0301685174032307,-0.07854949528035587,-0.04838097787712517,1.0,0.011247616876804688,1.0852300499170174e-12,2.3,0.002831125258954965,0.3522735576262214,0.008229581041240474,0.0009164631237169257,0.3653605509755571,0.1361261347088339,0.1761367788131107,1.75,5384597.946961139,0.022495233753609376,0.06262493516405335,0.0,-0.008229581041240474,0.008229581041240474,-0.01645916208248095,-0.01645916208248095,0.010056576514461764,-0.01645916208248095,0.0,0.0,0.0,2.7755575615628914e-17,0.5336340696009503
335.0,0.0015552562683657817,17.728538302307857,112.48186491459336,51.960782041039316,15.473079375288842,14.2024951534115,7.151826190203106,1.4940186891505154,301.52797182771747,-0.03017553012961561,-0.07854935944346168,-0.048373829313846074,1.0,0.011147598140230816,1.0755797089004646e-12,2.3,0.0027976260521767006,0.3523894673620539,0.008234931701042223,0.0009187392539718646,0.3653058918825558,0.1361078981039847,0.17619473368102695,1.75,5384021.628910116,0.022295196280461633,0.06263660812978099,0.0,-0.008234931701042223,0.008234931701042223,-0.016469863402084447,-0.016469863402084447,0.010096964747067273,-0.016469863402084447,0.0,0.0,0.0,2.7755575615628914e-17,0.5414110239214458
340.0,0.0015549981481540799,17.735418928207064,112.48508909315163,51.94728893942145,15.47882864011708,14.211528411787159,7.153248959264719,1.4940528440729606,301.527912488611,-0.03018225859090669,-0.07854930681409422,-0.048367048223187534,1.0,0.011052573636777066,1.0664112381251916e-12,2.3,0.0027651066223291347,0.35250071817786216,0.008240020583290717,0.0009209023429355735,0.3652540337458147,0.13609062661112986,0.17625035908893108,1.75,5383468.577540296,0.022105147273554133,0.06264769388082092,0.0,-0.008240020583290717,0.008240020583290717,-0.016480041166581434,-0.016480041166581434,0.01013654019644786,-0.016480041166581434,0.0,0.0,0.0,4.163336342344337e-17,0.5491866547968527
345.0,0.00155475262715028,17.741960556883065,112.48847584771146,51.934367636661825,15.484155883870013,14.220098238783173,7.154645818916544,1.4940866081172028,301.527856285136,-0.030188715938714566,-0.07854933167610101,-0.04836061573738644,1.0,0.010962255364831525,1.0576968496600215e-12,2.3,0.0027335297079951943,0.35260756693415934,0.008244863076050947,0.0009229589782781421,0.36520483687962535,0.13607427006081757,0.17630378346707967,1.75,5382937.503710958,0.02192451072966305,0.06265822115053808,0.0,-0.008244863076050947,0.008244863076050947,-0.016489726152101893,-0.016489726152101893,0.010175327955194676,-0.016489726152101893,0.0,0.0,0.0,1.3877787807814457e-17,0.5569610268197756
350.0,0.0015545190962228867,17.748178921393915,112.49201368964557,51.9219910406977,15.489089679778377,14.22823259441784,7.156017344844795,1.4941200643882955,301.52780305681904,-0.030194914605591386,-0.07854942866443405,-0.04835451405884267,1.0,0.010876372832359118,1.0494104449911146e-12,2.3,0.0027028598277279514,0.35271025284184093,0.008249473592525126,0.000924915337450794,0.36515816934898077,0.13605878114761252,0.17635512642092047,1.75,5382427.207362803,0.021752745664718236,0.06266821709471834,0.0,-0.008249473592525126,0.008249473592525126,-0.016498947185050253,-0.016498947185050253,0.010213352023668697,-0.016498947185050253,0.0,0.0,0.0,2.7755575615628914e-17,0.5647342014497344
355.0,0.0015542969794240275,17.75408895888732,112.49569178975138,51.910133565966255,15.493656769768688,14.235957723501693,7.157364095494274,1.494153289319041,301.5277526519812,-0.030200866349471264,-0.07854959274352181,-0.04834872639405055,1.0,0.010794671943031884,1.041527507549877e-12,2.3,0.0026730631772909005,0.3528089988407354,0.008253865637679516,0.0009267772148582855,0.36511390649780856,0.1360441152526455,0.1764044994203677,1.75,5381936.570508999,0.021589343886063768,0.06267770738725094,0.0,-0.008253865637679516,0.008253865637679516,-0.016507731275359032,-0.016507731275359032,0.010250635365214712,-0.016507731275359032,0.0,0.0,0.0,2.7755575615628914e-17,0.5725062371843769
360.0,0.0015540857319939873,17.759704853121704,112.49949994051698,51.89877103903022,15.49788218122161,14.243298262330477,7.158686612802619,1.4941863530619621,301.5277049272313,-0.030206582295007334,-0.07854981918707615,-0.04834323689206882,1.0,0.010716913960186801,1.034025002750088e-12,2.3,0.0026441075339291254,0.35290401286142653,0.008258051869681949,0.0009285500470230428,0.3650719305092998,0.13603023027837624,0.17645200643071327,1.75,5381464.550825794,0.021433827920373603,0.06268671630925692,0.0,-0.008258051869681949,0.008258051869681949,-0.016516103739363897,-0.016516103739363897,0.010287199958178048,-0.016516103739363897,0.0,0.0,0.0,2.7755575615628914e-17,0.5802771897203545
365.0,0.0015538848384914956,17.765040074781176,112.50342852049307,51.88788061047815,15.501789336317044,14.250277338749276,7.159985422894387,1.4942193198634164,301.52765974698656,-0.03021207297223736,-0.07855010355913748,-0.04833803058690012,1.0,0.010642874538063032,1.0268812845165032e-12,2.3,0.0026159621669839045,0.35299548898545796,0.008262044156855565,0.0009302389360105585,0.36503212999393664,0.13601708649387914,0.17649774449272898,1.75,5381010.175765067,0.021285749076126063,0.06269526683254657,0.0,-0.008262044156855565,0.008262044156855565,-0.01652408831371113,-0.01652408831371113,0.010323066845408653,-0.01652408831371113,0.0,0.0,0.0,1.3877787807814457e-17,0.5880471121045381
370.0,0.0015536938110499528,17.77010741947502,112.50746846082751,51.877440673054124,15.505400153964978,14.256916665551673,7.161261036732698,1.494252248418622,301.52761698302584,-0.030217348352574197,-0.07855044169636394,-0.04833309334378974,1.0,0.010572342819883297,1.0200760082629373e-12,2.3,0.002588597754495315,0.3530836085070743,0.008265853630294109,0.0009318486711511464,0.364994399605221,0.13600464639067397,0.17654180425353716,1.75,5380572.537170966,0.021144685639766594,0.06270338069745075,0.0,-0.008265853630294109,0.008265853630294109,-0.016531707260588217,-0.016531707260588217,0.010358256180912939,-0.016531707260588217,0.0,0.0,0.0,2.7755575615628914e-17,0.5958160548762041
375.0,0.001553512187742151,17.77491904377308,112.51161121365719,51.86743078516015,15.508735145322081,14.26323662812748,7.162513950736559,1.494285192210103,301.52757651406574,-0.030222417882496296,-0.07855082969139437,-0.048328411808898075,1.0,0.01050512059370239,1.0135900494440267e-12,2.3,0.0025619863052096553,0.35316854090943867,0.008269490732728525,0.0009333837492871312,0.36495863967932934,0.13599287454763612,0.17658427045471933,1.75,5380150.786334436,0.02101024118740478,0.06271107848578726,0.0,-0.008269490732728525,0.008269490732728525,-0.01653898146545705,-0.01653898146545705,0.01039278727426543,-0.01653898146545705,0.0,0.0,0.0,1.3877787807814457e-17,0.6035840662007764
380.0,0.0015533395310538157,17.779486499176457,112.51584872241071,51.8578315997065,15.511813502881157,14.269256366316958,7.1637446473614235,1.4943181998285018,301.52753822536715,-0.03022729051493054,-0.07855126387729272,-0.04832397336236218,1.0,0.010441021505829482,1.0074054276620203e-12,2.3,0.002536101085706175,0.353250444758106,0.00827296526374766,0.0009348483935696758,0.3649247558987522,0.13598173750502365,0.176625222379053,1.75,5379744.129470179,0.020882043011658965,0.06271837968897731,0.0,-0.00827296526374766,0.00827296526374766,-0.01654593052749532,-0.01654593052749532,0.010426678632472465,-0.01654593052749532,0.0,0.0,0.0,2.7755575615628914e-17,0.6113511919956662
385.0,0.0015531754264510784,17.78382076433619,112.52017339375257,51.848624797569634,15.514653183999846,14.27499385126551,7.16495359565033,1.4943513152780072,301.52750200836,-0.03023197473865277,-0.07855174081292661,-0.04831976607427384,1.0,0.010379870323990459,1.0015052355727515e-12,2.3,0.002510916552145145,0.35332946852274144,0.00827628642186855,0.0009362465710006166,0.3648926589766167,0.1359712036463517,0.17666473426137072,1.75,5379351.823560013,0.020759740647980918,0.06272530277197148,0.0,-0.00827628642186855,0.00827628642186855,-0.0165525728437371,-0.0165525728437371,0.010459947999836919,-0.0165525728437371,0.0,0.0,0.0,1.3877787807814457e-17,0.6191174760487179
390.0,0.0015530194810421867,17.78793227542821,112.52457807121803,51.839793025649136,15.517270988847804,14.280465957233504,7.166141251753045,1.4943845782655267,301.5274677602948,-0.030236478605695026,-0.07855225726928879,-0.04831577866359376,1.0,0.01032150225021002,9.958735725888413e-13,2.3,0.0024864082864084255,0.35340575132948215,0.008279462843527747,0.000937582008735363,0.3648622643618085,0.1359612430881641,0.17670287566474108,1.75,5378973.172549483,0.02064300450042004,0.06273186523297986,0.0,-0.008279462843527747,0.008279462843527747,-0.016558925687055494,-0.016558925687055494,0.01049261239554394,-0.016558925687055494,0.0,0.0,0.0,2.7755575615628914e-17,0.6268829601297308
395.0,0.0015528713223205482,17.791830954963586,112.52905601030137,51.83131983888259,15.519682633524344,14.285688529052571,7.1673080594198675,1.4944180244756151,301.5274353839118,-0.030240809757042558,-0.07855281021663298,-0.048312000459590415,1.0,0.010265762276636881,9.904954827262768e-13,2.3,0.002462552936205099,0.3534794236532323,0.008282502639412208,0.0009388582093141065,0.3648334919620336,0.13595182757659618,0.17673971182661616,1.75,5378607.523850481,0.020531524553273763,0.06273808365957972,0.0,-0.008282502639412208,0.008282502639412208,-0.016565005278824416,-0.016565005278824416,0.010524688149460755,-0.016565005278824416,0.0,0.0,0.0,2.7755575615628914e-17,0.634647684095494
400.0,0.0015527305969897237,17.79552623895077,112.53360085504164,51.8231896462224,15.521902818320804,14.29067644518187,7.16845445046749,1.4944516858304564,301.5274047871312,-0.030244975446606585,-0.07855339681243376,-0.04830842136582717,1.0,0.010212504584410902,9.853568966039086e-13,2.3,0.0024393281589580053,0.35355060795191634,0.008285413428178094,0.0009400784648313436,0.3648062658849431,0.13594293039079047,0.17677530397595817,1.75,5378254.265138881,0.020425009168821805,0.06274397378118196,0.0,-0.008285413428178094,0.008285413428178094,-0.016570826856356188,-0.016570826856356188,0.01055619093589664,-0.016570826856356188,0.0,0.0,0.0,2.7755575615628914e-17,0.642411685988745
405.0,0.001552596969858916,17.799027102659473,112.53820661589673,51.81538766001887,15.523945291781349,14.295443676967093,7.169580845222941,1.4944855907366987,301.5273758827604,-0.03024898256371936,-0.07855401439005812,-0.04830503182633876,1.0,0.010161591979696809,9.80444577028975e-13,2.3,0.0024167125691039685,0.35361941925050167,0.00828820236791267,0.0009412458701873034,0.3647805141948363,0.13593452625219998,0.17680970962525083,1.75,5377912.8214075705,0.020323183959393618,0.06274955051835636,0.0,-0.00828820236791267,0.00828820236791267,-0.01657640473582534,-0.01657640473582534,0.010587135805765507,-0.01657640473582534,0.0,0.0,0.0,2.7755575615628914e-17,0.65017500213143
410.0,0.001552470122809796,17.802342084910773,112.54286764894509,51.80789984882269,15.525822910533826,14.300003344056245,7.170687652943023,1.4945197643185861,301.52734858822004,-0.03025283765413552,-0.07855466044815859,-0.04830182279402307,1.0,0.010112895367062991,9.757460681858821e-13,2.3,0.002394685688658723,0.35368596567648036,0.008290876185370746,0.0009423633354268917,0.36475616868508715,0.13592659123984782,0.17684298283824018,1.75,5377582.652265757,0.020225790734125983,0.06275482802898846,0.0,-0.008290876185370746,0.008290876185370746,-0.01658175237074149,-0.01658175237074149,0.01061753721692081,-0.01658175237074149,0.0,0.0,0.0,2.7755575615628914e-17,0.6579376672126233
415.0,0.0015523497538246223,17.80547931111694,112.54757863623006,51.80071289312411,15.527547695459631,14.304367766498293,7.171775272214729,1.494554228639002,301.5273228252837,-0.030256546939754814,-0.0785553326406894,-0.048298785700934585,1.0,0.010066293255101645,9.712496479357982e-13,2.3,0.0023732279007294124,0.3537503489533925,0.008293441203288473,0.0009434335972897879,0.3647331646641149,0.13591910271069974,0.17687517447669626,1.75,5377263.249451255,0.02013258651020329,0.06275981975170554,0.0,-0.008293441203288473,0.008293441203288473,-0.016586882406576946,-0.016586882406576946,0.01064740906306098,-0.016586882406576946,0.0,0.0,0.0,2.7755575615628914e-17,0.6656997143714348
420.0,0.0015522355760765882,17.808446515003055,112.5523345672824,51.79381414404907,15.529130884173277,14.308548513480421,7.172844091334081,1.4945890029079851,301.52729851983537,-0.030260116337048726,-0.07855602876755541,-0.04829591243050668,1.0,0.010021671294518142,9.669442832490534e-13,2.3,0.0023523204058550572,0.3538126648537369,0.008295903365793656,0.0009444592299741243,0.36471144075508943,0.13591203922522094,0.17690633242686846,1.75,5376954.134548497,0.020043342589036284,0.0627645384465384,0.0,-0.008295903365793656,0.008295903365793656,-0.016591806731587312,-0.016591806731587312,0.010676764700996056,-0.016591806731587312,0.0,0.0,0.0,1.3877787807814457e-17,0.6734611752752162
425.0,0.0015521273170735152,17.811251059210626,112.5571307216565,51.78719158459188,15.530582980307413,14.312556449163536,7.173894488668395,1.4946241036801746,301.52727560163845,-0.03026355147437888,-0.07855674676580773,-0.04829319529142885,1.0,0.009978921844247986,9.628195883417899e-13,2.3,0.0023319451808995187,0.3538730036168331,0.008298268262171794,0.0009454426552204625,0.36469093870740227,0.13590538047738168,0.17693650180841655,1.75,5376654.856884175,0.01995784368849597,0.06276899623320413,0.0,-0.008298268262171794,0.008298268262171794,-0.016596536524343588,-0.016596536524343588,0.010705616976633622,-0.016596536524343588,0.0,0.0,0.0,1.3877787807814457e-17,0.6812220801933528
430.0,0.0015520247178558988,17.813899954722054,112.56196265251272,51.78083379340975,15.531913799574289,14.316401775574214,7.1749268329994855,1.4946595450408373,301.5272540041201,-0.030266857708188984,-0.0785574847013948,-0.04829062699320581,1.0,0.009937943565857758,9.58865785541603e-13,2.3,0.0023120849404009857,0.35393145033269485,0.008300541148998168,0.0009463861517162928,0.36467160322015807,0.1358991072291821,0.17696572516634743,1.75,5376364.991594824,0.019875887131715515,0.06277320462697221,0.0,-0.008300541148998168,0.008300541148998168,-0.016601082297996336,-0.016601082297996336,0.010733978249494852,-0.016601082297996336,0.0,0.0,0.0,2.7755575615628914e-17,0.6889824580669123
435.0,0.0015519275322415122,17.81639987928547,112.56682617109932,51.7747299108124,15.53313251303602,14.320094072955056,7.175941483852377,1.4946953387817887,301.5272336641669,-0.030270040138234887,-0.0785582407613936,-0.048288200623158715,1.0,0.009898641042357497,9.550736685085263e-13,2.3,0.002292723100138156,0.3539880852966027,0.008302726970858643,0.0009472918639133529,0.3646533817759411,0.1358932012490532,0.17699404264830135,1.75,5376084.137842703,0.019797282084714995,0.0627771745724535,0.0,-0.008302726970858643,0.008302726970858643,-0.016605453941717287,-0.016605453941717287,0.01076186041608258,-0.016605453941717287,0.0,0.0,0.0,1.3877787807814457e-17,0.6967423365744001
440.0,0.0015518355261175344,17.81875719478488,112.57171733216347,51.768869606975365,15.534247687555673,14.323642337534382,7.176938791807108,1.494731494566949,301.5272145219331,-0.03027310362183373,-0.07855901324672955,-0.04828590962489582,1.0,0.009860924421694664,9.514345678374285e-13,2.3,0.002273843742836181,0.35404298433521264,0.008304830379663316,0.0009481618102564561,0.36463622448505983,0.13588764525420413,0.17702149216760632,1.75,5375811.917175497,0.019721848843389327,0.06278091647527291,0.0,-0.008304830379663316,0.008304830379663316,-0.01660966075932663,-0.01660966075932663,0.010789274931929676,-0.01660966075932663,0.0,0.0,0.0,2.7755575615628914e-17,0.7045017421938593
445.0,0.0015517484767734375,17.82097796371663,112.57663242016098,51.76324305205627,15.53526732380679,14.327055017067387,7.1779190987978385,1.4947680200886981,301.52719652065855,-0.0302760527872769,-0.07855980056531835,-0.048283747778041446,1.0,0.009824709081546562,9.479403187154003e-13,2.3,0.002255431585802629,0.354096219108146,0.008306855752744872,0.0009489978909038929,0.36462008393881523,0.13588242285635127,0.177048109554073,1.75,5375547.972009964,0.019649418163093124,0.0627844402319251,0.0,-0.008306855752744872,0.008306855752744872,-0.016613711505489744,-0.016613711505489744,0.01081623283261857,-0.016613711505489744,0.0,0.0,0.0,1.734723475976807e-18,0.7122607002615324
450.0,0.0015516661722753734,17.82306796472267,112.58156793629115,51.757840888244964,15.536198891814806,14.330340044112445,7.178882738396892,1.4948049212148495,301.5271796064994,-0.030278892046387767,-0.07856060122563807,-0.0482817091792503,1.0,0.009789915315685129,9.445832306605543e-13,2.3,0.002237471950432458,0.3541478573856991,0.008308807209741472,0.0009498018949370074,0.3646049150719321,0.1358775185108987,0.17707392869284955,1.75,5375291.964236107,0.019579830631370258,0.06278775525777394,0.0,-0.008308807209741472,0.008308807209741472,-0.016617614419482944,-0.016617614419482944,0.010842744753614984,-0.016617614419482944,0.0,0.0,0.0,3.469446951953614e-18,0.7200192350272943
455.0,0.0015515884108763562,17.825032707325164,112.58652058624101,51.752654203466385,15.537049364360385,14.333504867351316,7.179830036087639,1.4948422021272765,301.52716372836557,-0.03028162560635078,-0.07856141383067265,-0.04827978822432187,1.0,0.009756468038954231,9.41356059056664e-13,2.3,0.002219950733397467,0.3541979633060112,0.008310688628430046,0.0009505755071285678,0.36459067503286735,0.1358729174690735,0.1770989816530056,1.75,5375043.57392508,0.019512936077908462,0.06279087051346029,0.0,-0.008310688628430046,0.008310688628430046,-0.016621377256860092,-0.016621377256860092,0.010868820949179304,-0.016621377256860092,0.0,0.0,0.0,0.0,0.727777369707046
460.0,0.001551515000462825,17.826877445817566,112.59148726866216,51.74767450676801,15.537825248219981,14.336556480919855,7.1807613095239216,1.4948798654520763,301.52714883777054,-0.03028425748079399,-0.07856223707223439,-0.0482779795914404,1.0,0.009724296511128822,9.382519785096218e-13,2.3,0.0022028543794725837,0.35424659761218164,0.00831250365950677,0.0009513203142668557,0.3645773230621942,0.13586860573308296,0.17712329880609082,1.75,5374802.498138195,0.019448593022257644,0.06279379452967877,0.0,-0.00831250365950677,0.00831250365950677,-0.01662500731901354,-0.01662500731901354,0.010894471310212173,-0.01662500731901354,0.0,0.0,0.0,4.163336342344337e-17,0.7355351265322523
465.0,0.001551445758032538,17.82860719244227,112.59646506427804,51.742893705145484,15.538532613532343,14.339501452020198,7.181676868779648,1.4949179123821756,301.52713488868716,-0.030286791500235857,-0.07856306972561376,-0.0482762782253779,1.0,0.009693334077062079,9.352645577754485e-13,2.3,0.0021861698558357135,0.35429381787212455,0.008314255740458644,0.0009520378110960983,0.3645648203778705,0.13586457001385763,0.17714690893606228,1.75,5374568.449823017,0.019386668154124157,0.06279653543055867,0.0,-0.008314255740458644,0.008314255740458644,-0.016628511480917287,-0.016628511480917287,0.010919705381273095,-0.016628511480917287,0.0,0.0,0.0,1.3877787807814457e-17,0.7432925267967907
470.0,0.0015513805092044698,17.830226729814118,112.60145122564164,51.73830408183803,15.539177121268176,14.342345946783873,7.182577016586305,1.4949563427923271,301.52712183741346,-0.030289231321878867,-0.07856391064456315,-0.04827467932268428,1.0,0.009663517923382098,9.323877362850946e-13,2.3,0.002169884627804704,0.35433967868156824,0.008315948108521,0.0009527294058697918,0.36455313006759693,0.1358607976914439,0.17716983934078412,1.75,5374341.15679437,0.019327035846764196,0.06279910095560984,0.0,-0.008315948108521,0.008315948108521,-0.016631896217042,-0.016631896217042,0.010944532376640538,-0.016631896217042,0.0,0.0,0.0,1.3877787807814457e-17,0.7510495909012709
475.0,0.0015513190877561895,17.831740622706572,112.60644316745316,51.73389827587741,15.539764049055696,14.3450957546238,7.183462048561794,1.4949951553472862,301.5271096424453,-0.030291580438847977,-0.07856475875656944,-0.04827317831772147,1.0,0.00963478884946089,9.296158020463067e-13,2.3,0.0021539866358663666,0.35438423185253093,0.008317583812845857,0.0009533964255697963,0.36454221698722156,0.13585727677766216,0.17719211592626546,1.75,5374120.360788554,0.01926957769892178,0.06280149848044259,0.0,-0.008317583812845857,0.008317583812845857,-0.016635167625691713,-0.016635167625691713,0.01096896119563059,-0.016635167625691713,0.0,0.0,0.0,2.7755575615628914e-17,0.7588063383949732
480.0,0.0015512613351894107,17.83315322916397,112.61143845745576,51.7296692629217,15.54029831534143,14.347756311047544,7.184332253428399,1.495034347603155,301.5270982643564,-0.03029384218885658,-0.07856561305842105,-0.04827177086956447,1.0,0.009607091052904181,9.269433709465406e-13,2.3,0.0021384642739700963,0.3544275265875676,0.008319165725874999,0.0009540401207875607,0.3645320476653905,0.13585399588109057,0.1772137632937838,1.75,5373905.81658918,0.019214182105808362,0.06280373503622395,0.0,-0.008319165725874999,0.008319165725874999,-0.016638331451749998,-0.016638331451749998,0.0109930004370534,-0.016638331451749998,0.0,0.0,0.0,1.3877787807814457e-17,0.7665627880155453
485.0,0.0015512071003196543,17.834468711044583,112.61643480782803,51.72561033718303,15.540784502107462,14.350332719140791,7.185187913223059,1.495073916102595,301.52708766568514,-0.03029601976238685,-0.07856647261202969,-0.04827045284964284,1.0,0.00958037192756392,9.243653672641293e-13,2.3,0.002123306368957157,0.3544696096418021,0.008320696554026454,0.0009546616703137073,0.36452259021348876,0.13585094417403656,0.17723480482090104,1.75,5373697.291214538,0.01916074385512784,0.06280581732805572,0.0,-0.008320696554026454,0.008320696554026454,-0.016641393108052908,-0.016641393108052908,0.011016658413004804,-0.016641393108052908,0.0,0.0,0.0,2.7755575615628914e-17,0.7743189577265865
490.0,0.001551156238890733,17.835691043961482,112.6214300670905,51.72171509448042,15.541226876126663,14.352829769696209,7.18602930349785,1.495113856463919,301.5270778108283,-0.0302981162103678,-0.07856733654051222,-0.04826922033014442,1.0,0.00955458187430441,9.21877005409993e-13,2.3,0.0021085021611049904,0.35451052547290907,0.008322178847687557,0.000955262185432267,0.3645138142411031,0.1358481113615519,0.17725526273645453,1.75,5373494.563165559,0.01910916374860882,0.06280775175223852,0.0,-0.008322178847687557,0.008322178847687557,-0.016644357695375114,-0.016644357695375114,0.011039943161882265,-0.016644357695375114,0.0,0.0,0.0,1.3877787807814457e-17,0.782074864753245
495.0,0.0015511086132104753,17.836824026715306,112.6264222124531,51.71797741624892,15.541629408949614,14.355251960171394,7.186856693513617,1.49515416346468,301.52706866593996,-0.03030013445142782,-0.07856820402449727,-0.04826806957306945,1.0,0.009529674122766745,9.19473772730519e-13,2.3,0.002094041285672038,0.354550316380787,0.008323615010609459,0.0009558427139600372,0.3645056907761266,0.1358454876521934,0.1772751581903935,1.75,5373297.421725687,0.01905934824553349,0.06280954441258668,0.0,-0.008323615010609459,0.008323615010609459,-0.016647230021218918,-0.016647230021218918,0.011062862460804465,-0.016647230021218918,0.0,0.0,0.0,5.551115123125783e-17,0.7898305256159384
500.0,0.0015510640918083075,17.83787129018889,112.63140934261924,51.71439145453526,15.541995795606804,14.357603512453556,7.18767034642475,1.4951948311197945,301.52706019883703,-0.030302077278705767,-0.07856907429866143,-0.04826699701995567,1.0,0.009505604564346586,9.171514133923683e-13,2.3,0.002079913755427977,0.3545890226370205,0.008325007308696076,0.0009564042440274167,0.3644981921897172,0.1358430637305822,0.17729451131851026,1.75,5373105.666312045,0.019011209128693172,0.06281120113576028,0.0,-0.008325007308696076,0.008325007308696076,-0.016650014617392152,-0.016650014617392152,0.011085423837333127,-0.016650014617392152,0.0,0.0,0.0,1.3877787807814457e-17,0.7975859561623112
505.0,0.0015510225491115331,17.8388363057885,112.63638967098144,51.71095161783072,15.542329472195805,14.359888389592564,7.188470519457867,1.4952358527547347,301.52705237890916,-0.03030394736628894,-0.07856994664846412,-0.048265999282175176,1.0,0.009482331594840101,9.149059132001166e-13,2.3,0.0020661099440668733,0.354626682605615,0.008326357878270282,0.0009569477076361761,0.3644912921253802,0.13584083073149641,0.1773133413028075,1.75,5372919.105870534,0.018964663189680202,0.06281272748576058,0.0,-0.008326357878270282,0.008326357878270282,-0.016652715756540565,-0.016652715756540565,0.011107634580660004,-0.016652715756540565,0.0,0.0,0.0,2.7755575615628914e-17,0.8053411715975254
510.0,0.0015509838651409369,17.839722393404355,112.6413615192227,51.707652557770416,15.542633632338955,14.362110311482368,7.1892574640824645,1.495277221073852,301.52704517703495,-0.030305747275262467,-0.07857082040708512,-0.04826507313182265,1.0,0.009459815966957082,9.12733485365933e-13,2.3,0.0020526205704931295,0.35466333285505,0.008327668733810313,0.0009574739839906567,0.36448496543229614,0.13583878021554896,0.177331666427525,1.75,5372737.558314505,0.018919631933914164,0.06281412877755743,0.0,-0.008327668733810313,0.008327668733810313,-0.016655337467620625,-0.016655337467620625,0.011129501752166074,-0.016655337467620625,0.0,0.0,0.0,1.3877787807814457e-17,0.8130961865129811
515.0,0.0015509479252228454,17.840532728966497,112.64632331126542,51.704489156566424,15.542911242660281,14.364272769632999,7.190031426176113,1.4953189282242931,301.5270385655015,-0.03030747945943094,-0.07857169495253759,-0.04826421549310665,1.0,0.009438020651340445,9.106305571000016e-13,2.3,0.0020394366838884905,0.3546990082629294,0.008328941775229004,0.0009579839026335069,0.36447918810229535,0.13583690414621433,0.1773495041314647,1.75,5372560.85000068,0.01887604130268089,0.06281541008997915,0.0,-0.008328941775229004,0.008328941775229004,-0.016657883550458007,-0.016657883550458007,0.011151032195500923,-0.016657883550458007,0.0,0.0,0.0,2.7755575615628914e-17,0.8208510149135583
520.0,0.001550914619718255,17.841270351571318,112.65127356758073,51.7014565152028,15.543165057268906,14.366379041015318,7.190792646182368,1.4953609658555862,301.5270325179299,-0.030309146270697786,-0.07857256970496025,-0.048263423434262466,1.0,0.009416910706275488,9.085937570393743e-13,2.3,0.002026549649553281,0.3547337421132408,0.008330178794688925,0.0009584782463826214,0.36447393721059246,0.135835194868252,0.1773668710566204,1.75,5372388.815242151,0.018833821412550977,0.0628165762778347,0.0,-0.008330178794688925,0.008330178794688925,-0.01666035758937785,-0.01666035758937785,0.011172232546097382,-0.01666035758937785,0.0,0.0,0.0,2.7755575615628914e-17,0.8286056702434603
525.0,0.0015508838437664875,17.84193817024712,112.65621089980684,51.69854994227495,15.543397631379465,14.368432201103747,7.191541359263778,1.4954033251752932,301.52702700920383,-0.030310749964156246,-0.07857344412406476,-0.04826269415990852,1.0,0.009396453154888006,9.066199033993911e-13,2.3,0.0020139511354399097,0.3547675661873032,0.008331381483017005,0.0009589577540966056,0.3644691908597237,0.13583364508731963,0.1773837830936516,1.75,5372221.295853102,0.018792906309776012,0.06281763198338511,0.0,-0.008331381483017005,0.008331381483017005,-0.01666276296603401,-0.01666276296603401,0.011193109240255872,-0.01666276296603401,0.0,0.0,0.0,4.163336342344337e-17,0.836360165410741
530.0,0.0015508554970439738,17.84253897033608,112.66113400568682,51.69576494349969,15.543611334058266,14.370435136101111,7.192277795448267,1.495445997000826,301.5270220154026,-0.030312292702878416,-0.07857431770674114,-0.04826202500386273,1.0,0.009376616870000855,9.047059928640275e-13,2.3,0.0020016330993747277,0.35480051084841574,0.008332551435712144,0.0009594231232656422,0.3644649281268116,0.13583224785081716,0.17740025542420787,1.75,5372058.140725136,0.01875323374000171,0.06281858164713573,0.0,-0.008332551435712144,0.008332551435712144,-0.016665102871424288,-0.016665102871424288,0.011213668523720436,-0.016665102871424288,0.0,0.0,0.0,1.3877787807814457e-17,0.8441145128105874
535.0,0.0015508294835358122,17.84307541955437,112.66604166428137,51.6930972117917,15.543808360209718,14.372390554455844,7.193002179771121,1.4954889718077542,301.5270175137381,-0.030313776562450535,-0.07857518998480059,-0.04826141342235006,1.0,0.009357372465588713,9.028491901128703e-13,2.3,0.0019895877768944603,0.3548326051211112,0.008333690158601586,0.0009598750124517711,0.3644611290136696,0.13583099652977984,0.1774163025605556,1.75,5371899.205430692,0.018714744931177425,0.06281942951805368,0.0,-0.008333690158601586,0.008333690158601586,-0.016667380317203172,-0.016667380317203172,0.011233916459869335,-0.016667380317203172,0.0,0.0,0.0,3.469446951953614e-18,0.851868724347429
540.0,0.0015508057113207269,17.843550073709576,112.67093273146523,51.69054261793138,15.543990741793293,14.37430099765755,7.193714732410907,1.4955322397747175,301.52701348249497,-0.030315203535241333,-0.07857606052285807,-0.04826085698761673,1.0,0.009338692194985546,9.010468179996323e-13,2.3,0.0019778076696958646,0.35486387676501685,0.008334799073139807,0.0009603140435756771,0.3644577743998244,0.13582988480185929,0.17743193838250843,1.75,5371744.351853505,0.018677384389971092,0.06282017966318387,0.0,-0.008334799073139807,0.008334799073139807,-0.016669598146279614,-0.016669598146279614,0.01125385893744768,-0.016669598146279614,0.0,0.0,0.0,5.551115123125783e-17,0.8596228114559384
545.0,0.001550784092367369,17.843965382131124,112.67580613566761,51.688097201730955,15.544160358371405,14.376168850408005,7.194415668821442,1.49557579082522,301.5270099009743,-0.03031657553444674,-0.07857692891633616,-0.04826035338188943,1.0,0.009320549854909651,8.992963482919756e-13,2.3,0.0019662855346319007,0.3548943523441026,0.008335879521399145,0.0009607408040711282,0.3644548459980643,0.135828906635229,0.1774471761720513,1.75,5371593.447842221,0.018641099709819302,0.06282083597675722,0.0,-0.008335879521399145,0.008335879521399145,-0.01667175904279829,-0.01667175904279829,0.01127350167795499,-0.01667175904279829,0.0,0.0,0.0,4.163336342344337e-17,0.8673767851209859
550.0,0.0015507645423424117,17.844323692794518,112.68066087386445,51.68575716372269,15.544318946979844,14.377996350155213,7.1951051998582205,1.4956196146664265,301.52700674944066,-0.030317894397898768,-0.07857779478959274,-0.04825990039169398,1.0,0.00930292069544556,8.975953929860863e-13,2.3,0.0019550143732552606,0.3549240572913032,0.008336932770746104,0.0009611558489043508,0.3644523263125794,0.13582805627345163,0.1774620286456516,1.75,5371446.366887199,0.01860584139089112,0.06282140218876563,0.0,-0.008336932770746104,0.008336932770746104,-0.016673865541492208,-0.016673865541492208,0.011292850242620413,-0.016673865541492208,0.0,0.0,0.0,1.3877787807814457e-17,0.8751306558966048
555.0,0.0015507469804287356,17.844627257189746,112.68549600778783,51.68351885728614,15.544468111408788,14.379785596076024,7.195783531901266,1.4956637008251872,301.52700400907133,-0.030319161891676775,-0.07857865779415572,-0.04825949590247895,1.0,0.009285781335158512,8.959416961164662e-13,2.3,0.0019439874218487104,0.3549530159691693,0.00833796001824677,0.0009615597024769756,0.36445019859931954,0.1358273282211626,0.17747650798458464,1.75,5371302.9878172325,0.018571562670317024,0.06282188187308817,0.0,-0.00833796001824677,0.00833796001824677,-0.01667592003649354,-0.01667592003649354,0.011311910039068656,-0.01667592003649354,0.0,0.0,0.0,3.469446951953614e-18,0.8828844339240226
560.0,0.0015507313291540676,17.844878234916152,112.6903106603588,51.681378781236674,15.544609330887305,14.381538557496508,7.196450866972904,1.49570803868142,301.52700166190954,-0.03032037971350994,-0.07857951760706727,-0.04825913789355733,1.0,0.009269109681466221,8.943331260729758e-13,2.3,0.0019331981419447766,0.35498125172654316,0.00833896239479574,0.0009619528604100769,0.364448446828649,0.13582671723060488,0.17749062586327158,1.75,5371163.194516194,0.018538219362932443,0.0628222784551443,0.0,-0.00833896239479574,0.00833896239479574,-0.01667792478959148,-0.01667792478959148,0.011330686327614845,-0.01667792478959148,0.0,0.0,0.0,2.7755575615628914e-17,0.8906381289488106
565.0,0.001550717514228489,17.845078698049118,112.69510401231274,51.67933357280108,15.544743968248456,14.3832570818253,7.19710740285231,1.4957526174990416,301.52699969081925,-0.030321549496005507,-0.0785803739293229,-0.0482588244333174,1.0,0.009252884855540417,8.927676683549354e-13,2.3,0.0019226402112799163,0.35500878695183347,0.008339940969006726,0.0009623357912257092,0.3644470556499669,0.13582621828888408,0.17750439347591673,1.75,5371026.8756567305,0.018505769711080835,0.06282259521914985,0.0,-0.008339940969006726,0.008339940969006726,-0.016679881938013452,-0.016679881938013452,0.011349184227282434,-0.016679881938013452,0.0,0.0,0.0,2.7755575615628914e-17,0.8983917503371971
570.0,0.0015507054643913083,17.845230635262464,112.69987529902389,51.677380001001566,15.544873277569073,14.384942901990456,7.197753333185382,1.4957974264545657,301.52699807944293,-0.030322672809691635,-0.0785812264844073,-0.04825855367471566,1.0,0.00923708712185095,8.912434187731639e-13,2.3,0.0019123075151869136,0.35503564312283087,0.008340896750859746,0.0009627089379236612,0.36444601035837826,0.13582582660597733,0.17751782156141543,1.75,5370893.924451285,0.0184741742437019,0.0628228353149536,0.0,-0.008340896750859746,0.008340896750859746,-0.016681793501719493,-0.016681793501719493,0.01136740872148678,-0.016681793501719493,0.0,0.0,0.0,2.7755575615628914e-17,0.9061453070915937
575.0,0.0015506951112657292,17.845335955747284,112.70462380750023,51.67551496038129,15.544998411351704,14.38659764344612,7.198388847591698,1.4958424546635392,301.52699681216177,-0.030323751165906302,-0.07858207501691396,-0.04825832385100766,1.0,0.00922169782170946,8.897585770379179e-13,2.3,0.001902194138375569,0.35506184085361053,0.008341830695138464,0.0009630727194679202,0.3644452968630836,0.13582553760337948,0.17753092042680527,1.75,5370764.23841772,0.01844339564341892,0.06282300176452169,0.0,-0.008341830695138464,0.008341830695138464,-0.016683661390276928,-0.016683661390276928,0.011385364663470916,-0.016683661390276928,0.0,0.0,0.0,2.7755575615628914e-17,0.9138988078653749
580.0,0.0015506863892218586,17.845396492912595,112.70934887355556,51.67373546509158,15.545120427243944,14.388222830740741,7.1990141317671625,1.4958876912049255,301.5269958740579,-0.0303247860195218,-0.07858291929125048,-0.04825813327172868,1.0,0.009206699310913856,8.883114407424986e-13,2.3,0.001892294357106595,0.3550873999384348,0.008342743704653151,0.0009634275321807639,0.36444490165759774,0.13582534690341616,0.1775436999692174,1.75,5370637.719159961,0.018413398621827712,0.06282309746805001,0.0,-0.008342743704653151,0.008342743704653151,-0.016685487409306303,-0.016685487409306303,0.011403056781440126,-0.016685487409306303,0.0,0.0,0.0,2.7755575615628914e-17,0.9216522609769519
585.0,0.0015506792352466216,17.845414007904424,112.71404987913292,51.672038643280935,15.545240294354128,14.389819893705171,7.199629367584013,1.4959331251435812,301.52699525087843,-0.030325778771532946,-0.07858375909041812,-0.048257980318885174,1.0,0.0091920749009257,8.869003996877324e-13,2.3,0.0018826026317130956,0.3551123393931384,0.008343636633278737,0.0009637737510572562,0.3644448117914946,0.13582525031912135,0.1775561696965692,1.75,5370514.272161248,0.0183841498018514,0.06282312520976453,0.0,-0.008343636633278737,0.008343636633278737,-0.016687273266557473,-0.016687273266557473,0.011420489683474793,-0.016687273266557473,0.0,0.0,0.0,4.163336342344337e-17,0.9294056744231787
590.0,0.0015506735888210694,17.845390192929862,112.71872624978523,51.67042173180483,15.545358899159515,14.391390173253495,7.2002347331868535,1.4959787455509326,301.5269949290021,-0.030326730771499194,-0.07858459421486678,-0.04825786344336759,1.0,0.009177808803671526,8.855239305561071e-13,2.3,0.0018731135994752835,0.3551366774939107,0.008344510288803841,0.000964111730998261,0.3644450148437685,0.13582524384470568,0.17756833874695535,1.75,5370393.806590424,0.018355617607343052,0.06282308766339063,0.0,-0.008344510288803841,0.008344510288803841,-0.016689020577607683,-0.016689020577607683,0.011437667862172022,-0.016689020577607683,0.0,0.0,0.0,0.0,0.937159055892127
595.0,0.0015506693918038523,17.845326674419308,112.72337745229062,51.66888207120237,15.545477051058665,14.392934926847978,7.2008304030862815,1.4960245415239677,301.52699489540737,-0.030327643319866156,-0.07858542448141612,-0.04825778116154996,1.0,0.009163886079465233,8.841805918870478e-13,2.3,0.001863822067806889,0.3551604318138926,0.008345365435616854,0.0009644418079732556,0.36444549889755545,0.1358253236465245,0.1775802159069463,1.75,5370276.23511916,0.018327772158930465,0.06282298739734644,0.0,-0.008345365435616854,0.008345365435616854,-0.016690730871233708,-0.016690730871233708,0.011454595699088813,-0.016690730871233708,0.0,0.0,0.0,2.7755575615628914e-17,0.9449124127752637
600.0,0.0015506665883212312,17.845225016014282,112.7280029924071,51.66741710095755,15.545595487564803,14.394455333621895,7.201416548248848,1.496070502202661,301.5269951376422,-0.030328517670157196,-0.07858624972224303,-0.04825773205208583,1.0,0.00915029258813458,8.828690193613394e-13,2.3,0.0018547230077594259,0.3551836192575171,0.008346202797225241,0.0009647643001112382,0.3644462525162885,0.13582548605456993,0.17759180962875856,1.75,5370161.473750477,0.01830058517626916,0.06282282687964148,0.0,-0.008346202797225241,0.008346202797225241,-0.016692405594450482,-0.016692405594450482,0.011471277468940826,-0.016692405594450482,0.0,0.0,0.0,1.3877787807814457e-17,0.9526657521790602
