time_s,q_out_pL_s,na_i_mM,k_i_mM,cl_i_mM,tic_i_mM,hco3_i_mM,ph_i,volume_i_pL,osm_lumen_mOsm,v_apical_V,v_basolateral_V,v_transepithelial_V,nbc_activation,nbc_cycle_inward_fmol_s,nbc_current_A,nhe1_multiplier,nhe1_inward_fmol_s,nkcc1_cl_inward_fmol_s,ae4_cl_inward_fmol_s,ae2_cl_inward_signed_fmol_s,cacc_cl_export_fmol_s,paracellular_cl_return_fmol_s,nkcc1_cycle_inward_fmol_s,nkcc1_activity_multiplier,nkcc1_x_i_mM4,nbc_hco3_inward_fmol_s,pump_total_cycles_fmol_s,ae4_na_cell_source_fmol_s,ae4_k_cell_source_fmol_s,ae4_cl_source_fmol_s,ae4_tic_cell_source_fmol_s,ae4_ta_cell_source_fmol_s,co3_i_mM,ae4_hco3_cell_source_fmol_s,ae4_co3_cell_source_fmol_s,source_signature_residual_fmol_s,ae4_charge_residual_fmol_s,cell_balance_residual_fmol_s
0.0,0.0010666529249706625,12.296932497134092,115.21109285448264,59.23722178394894,5.854480585499341,4.940562438637858,6.833672112563129,1.4247329638128798,301.4128260300704,-0.03191798832170395,-0.06718957686425062,-0.03527158854254667,0.0,0.0,0.0,1.0,0.011357053463876502,0.2522122067949724,0.0066446961532791865,-0.0019323388426822252,0.2569245641055565,0.10140873521048002,0.1261061033974862,1.0,4971419.932083832,0.0,0.04803595100488058,0.0066446961532791865,-0.013289392306558373,0.0066446961532791865,-0.0066446961532791865,-0.013289392306558373,0.0016882956629885562,0.0,-0.0066446961532791865,0.0,0.0,2.7755575615628914e-17
1e-06,0.0010666529249706625,12.296932497134092,115.21109285448264,59.23722178394894,5.854480585499341,4.940562438637858,6.833672112563129,1.4247329638128798,301.4128260300704,-0.027892970354268243,-0.08010963099685646,-0.05221666064258822,1.0,0.09989598010594956,9.638496817975457e-12,2.3,0.026121222966915953,0.4413713618912017,0.0066446961532791865,-0.0019323388426822252,0.6039564509679898,0.1453145593593951,0.22068568094560084,1.75,4971419.932083832,0.19979196021189913,0.04803595100488058,0.0066446961532791865,-0.013289392306558373,0.0066446961532791865,-0.0066446961532791865,-0.013289392306558373,0.0016882956629885562,0.0,-0.0066446961532791865,0.0,0.0,2.7755575615628914e-17
1.0,0.001372863402998184,12.44034358471898,115.09644662567995,59.12857930094228,5.991944090862578,5.060712237732378,6.8359653590193075,1.4249502189612653,301.83062118335613,-0.02778965140505225,-0.08007150168045893,-0.052281850275406674,1.0,0.09901632292365722,9.553622802590236e-12,2.3,0.025737584051535974,0.4334279129256261,0.009435400097202756,-0.0018770636256266557,0.569319147708561,0.14565644168232758,0.21671395646281305,1.75,5005980.797892285,0.19803264584731445,0.048618897342740025,0.009435400097202756,-0.018870800194405513,0.009435400097202756,-0.009435400097202756,-0.018870800194405513,0.0017385092356635734,0.0,-0.009435400097202756,0.0,0.0,5.551115123125783e-17
5.0,0.0019800883512592626,12.97156440930809,114.61454535973463,58.76226800876283,6.498625834155644,5.503022112947034,6.843354348147507,1.4275071641959518,301.71277946100946,-0.027535641986098064,-0.07992379648432123,-0.05238815449822316,1.0,0.09556996496936505,9.221099810765954e-12,2.3,0.02447820025611203,0.4048868238518858,0.0197230905572678,-0.0016805771107616843,0.49056394049610397,0.14613439137499634,0.2024434119259429,1.75,5133684.70016621,0.1911399299387301,0.05066386971588358,0.0197230905572678,-0.0394461811145356,0.0197230905572678,-0.0197230905572678,-0.0394461811145356,0.001922895159111195,0.0,-0.0197230905572678,0.0,0.0,5.551115123125783e-17
10.0,0.0020500339813268906,13.573074052252354,114.06524360015258,58.428242787405274,7.054849302568149,5.985921930324507,6.849044722051082,1.431205489339308,301.6418374589895,-0.027457494821571934,-0.07977292298039679,-0.05231542815882485,1.0,0.09140457849981484,8.819201113843246e-12,2.3,0.023406839298006174,0.3725523577251167,0.03094935685408362,-0.0014784953334034696,0.4438699378621759,0.14611414509762466,0.18627617886255834,1.75,5285391.978913778,0.18280915699962969,0.05277356419145511,0.03094935685408362,-0.06189871370816724,0.03094935685408362,-0.03094935685408362,-0.06189871370816724,0.0021192186653887584,0.0,-0.03094935685408362,0.0,0.0,2.7755575615628914e-17
15.0,0.0019477868754694734,14.121643407500601,113.54641436776457,58.16020010506275,7.538882712666873,6.401950810364634,6.851449339405174,1.4345336184044815,301.6043815038202,-0.027471325958348055,-0.0796374667198508,-0.052166140761502736,1.0,0.0874771323448482,8.440260167197875e-12,2.3,0.02276945689725604,0.3444232271574427,0.040586465059530966,-0.0013130268652215141,0.419865023372237,0.14583825447545762,0.17221161357872136,1.75,5423884.705667368,0.1749542646896964,0.05451957768419923,0.040586465059530966,-0.08117293011906193,0.040586465059530966,-0.040586465059530966,-0.08117293011906193,0.00227909103245492,0.0,-0.040586465059530966,0.0,0.0,2.7755575615628914e-17
20.0,0.0018432676857937091,14.628842492063912,113.04418149060585,57.92534154028714,7.961475932627055,6.760156765564052,6.85116869591383,1.4371609355729993,301.5824940354683,-0.02752205609974061,-0.07950917915578123,-0.05198712305604063,1.0,0.08383646353511987,8.08898902795231e-12,2.3,0.02246743260893625,0.32012279541742816,0.04884177799362702,-0.0011758724092691747,0.4063406490129889,0.1454473457678134,0.16006139770871408,1.75,5548752.885466156,0.16767292707023973,0.0559936848229001,0.04884177799362702,-0.09768355598725403,0.04884177799362702,-0.04884177799362702,-0.09768355598725403,0.0024050574954411147,0.0,-0.04884177799362702,0.0,0.0,4.163336342344337e-17
25.0,0.0017675103721899927,15.10281447492293,112.55166851225675,57.70796380073126,8.33120182037402,7.068055868955058,6.848706973041498,1.439001838840459,301.5686989211859,-0.027588916001078725,-0.07938482567377783,-0.051795909672699106,1.0,0.080503173262515,7.767375408947664e-12,2.3,0.022427888245380057,0.29911560210393384,0.0559011984327404,-0.001061173596389133,0.3981948811281367,0.14499830226311666,0.14955780105196692,1.75,5660845.818965809,0.16100634652503,0.05725831818529929,0.0559011984327404,-0.1118023968654808,0.0559011984327404,-0.0559011984327404,-0.1118023968654808,0.002500385356191925,0.0,-0.0559011984327404,0.0,0.0,1.3877787807814457e-17
30.0,0.0017176503097315666,15.549562829492979,112.06531029181171,57.49988216613086,8.65513637191123,7.332060548847901,6.844485290542126,1.4400688949530511,301.5593443674117,-0.027662824050008864,-0.07926315411576561,-0.05160033006575675,1.0,0.07747900626320796,7.475587651633181e-12,2.3,0.022595810293138847,0.28089808043927017,0.06192913694689124,-0.0009646015662793969,0.39293639681034276,0.14451909133905563,0.14044904021963509,1.75,5761337.153017864,0.15495801252641592,0.05835773661006828,0.06192913694689124,-0.12385827389378248,0.06192913694689124,-0.06192913694689124,-0.12385827389378248,0.0025686878606502807,0.0,-0.06192913694689124,0.0,0.0,5.551115123125783e-17
35.0,0.001685440705379404,15.973651016300378,111.58326491158317,57.2966204780566,8.93922214541687,7.557701189610539,6.838854638695411,1.4404156101635706,301.55251384495585,-0.027739649329279584,-0.0791437698214122,-0.051404120492132624,1.0,0.07475390030364237,7.212654898062303e-12,2.3,0.022928649350254654,0.26503933159932674,0.0670688973973752,-0.0008828628816652755,0.38925973552813514,0.14402479527819162,0.13251966579966337,1.75,5851419.978194418,0.14950780060728475,0.05932427138093166,0.0670688973973752,-0.1341377947947504,0.0670688973973752,-0.0670688973973752,-0.1341377947947504,0.0026136315007469573,0.0,-0.0670688973973752,0.0,0.0,2.7755575615628914e-17
40.0,0.0016640582438207402,16.37863582725128,111.1046197974817,57.09564141314484,9.188504708459966,7.749775643472989,6.832107373307319,1.4401107263598187,301.5471658050712,-0.02781757609772611,-0.07902662563832956,-0.05120904954060345,1.0,0.07231093204779208,6.976944294537971e-12,2.3,0.02339264342758572,0.2511823275206349,0.07144427661386266,-0.0008133954850821753,0.38645820256794955,0.14352385480474014,0.12559116376031745,1.75,5932199.617899569,0.14462186409558417,0.06018213778775851,0.07144427661386266,-0.1428885532277253,0.07144427661386266,-0.07144427661386266,-0.1428885532277253,0.002638739408585757,0.0,-0.07144427661386266,0.0,0.0,2.7755575615628914e-17
45.0,0.0016489608041052374,16.76735068113807,110.6289666383682,56.895458773704505,9.407301253681448,7.912462291317003,6.824487036332878,1.4392260664074854,301.5427229278111,-0.027895904483107907,-0.0789117822047857,-0.051015877721677795,1.0,0.07012964104027056,6.766481707226887e-12,2.3,0.023960338350914552,0.23903445358675468,0.07516171251087393,-0.000754169822552186,0.3841434761161598,0.1430210069268777,0.11951722679337734,1.75,6004661.232003365,0.14025928208054111,0.060949866119260405,0.07516171251087393,-0.15032342502174786,0.07516171251087393,-0.07516171251087393,-0.15032342502174786,0.0026472727525625357,0.0,-0.07516171251087393,0.0,0.0,2.7755575615628914e-17
50.0,0.0016373835671848885,17.142096074204943,110.15616687025852,56.69517507007675,9.599327038460284,8.049409972114802,6.816196567762007,1.4378308470007881,301.5388602692644,-0.02797446273534494,-0.07879930212754618,-0.05082483939220124,1.0,0.06818818764672685,6.579159931755321e-12,2.3,0.024608930011461846,0.22835621417003246,0.07831251400670843,-0.0007035537657050135,0.3821007633396492,0.1425188428763687,0.11417810708501623,1.75,6069668.068221937,0.1363763752934537,0.0616419016275701,0.07831251400670843,-0.15662502801341685,0.07831251400670843,-0.07831251400670843,-0.15662502801341685,0.002642169136330525,0.0,-0.07831251400670843,0.0,0.0,2.7755575615628914e-17
55.0,0.0016277225867048608,17.504770410872087,109.68622096098541,56.494235668629685,9.767793691688068,8.16381175422317,6.807405113093821,1.4359892250131083,301.53539169206806,-0.028053311200870956,-0.07868921082477712,-0.05063589962390616,1.0,0.06646470352124718,6.412868993504869e-12,2.3,0.025319161081748587,0.21895088003282548,0.08097495570315669,-0.00066021809378956,0.38021090505515276,0.14201869462046737,0.10947544001641274,1.75,6127971.933158837,0.13292940704249437,0.062269686721122,0.08097495570315669,-0.16194991140631337,0.08097495570315669,-0.08097495570315669,-0.16194991140631337,0.002626020396991832,0.0,-0.08097495570315669,0.0,0.0,4.163336342344337e-17
60.0,0.0016190760017909035,17.85696153892653,109.2191957681131,56.292296285662964,9.915487525643085,8.258466435153089,6.798253632661547,1.4337594708874484,301.5322079588258,-0.028132594009519805,-0.07858148878983687,-0.05044889478031706,1.0,0.0649381010821161,6.265574250150103e-12,2.3,0.026074587869677354,0.21065581699844144,0.0832161487533899,-0.0006230687139691532,0.3784077165077967,0.14152115828775674,0.10532790849922072,1.75,6180227.5716179125,0.1298762021642322,0.06284241119966133,0.0832161487533899,-0.1664322975067798,0.0832161487533899,-0.0832161487533899,-0.1664322975067798,0.0026010759927790885,0.0,-0.0832161487533899,0.0,0.0,2.7755575615628914e-17
65.0,0.0016109488891318914,18.200012200020605,108.75518471516206,56.089150269582056,10.044833292350035,8.335830604380075,6.788859531032406,1.431193943551735,301.529242717167,-0.028212467159080726,-0.0784760770027086,-0.05026360984362788,1.0,0.06358852583340574,6.135360034057353e-12,2.3,0.026861087464513825,0.20333550594036334,0.0850936744476717,-0.0005911969111816461,0.37665441934657534,0.1410264091584064,0.10166775297018167,1.75,6227007.241528221,0.12717705166681148,0.06336754471858065,0.0850936744476717,-0.1701873488953434,0.0850936744476717,-0.0850936744476717,-0.1701873488953434,0.0025692621064348333,0.0,-0.0850936744476717,0.0,0.0,2.7755575615628914e-17
70.0,0.0016030759393541928,18.53506780452414,108.29428654709211,55.884687535793375,10.157946764962146,8.398062996683382,6.779320477115393,1.4283394329472374,301.52645377608576,-0.02829306616860622,-0.07837288651868712,-0.050079820350080906,1.0,0.062397579561212585,6.02045118744772e-12,2.3,0.02766651837229673,0.19687603549636828,0.08665698906159715,-0.0005638421211617053,0.3749305919806276,0.140534392449843,0.09843801774818414,1.75,6268813.904926547,0.12479515912242517,0.0638512227540336,0.08665698906159715,-0.1733139781231943,0.08665698906159715,-0.08665698906159715,-0.1733139781231943,0.0025322093334524476,0.0,-0.08665698906159715,0.0,0.0,1.3877787807814457e-17
75.0,0.0015953188517438877,18.863112153105924,107.8365945753629,55.678870207586854,10.256678658043487,8.447062595589912,6.769717571739962,1.4252376490433236,301.5238127798524,-0.02837449385147966,-0.07827180817636281,-0.049897314324883146,1.0,0.061348398106837794,5.919220566368224e-12,2.3,0.028480474919599427,0.19118079290327622,0.08794862522591959,-0.000540363550469367,0.37322493508709265,0.1400449388453449,0.09559039645163811,1.75,6306092.548257811,0.12269679621367559,0.06429853193050551,0.08794862522591959,-0.17589725045183918,0.08794862522591959,-0.08794862522591959,-0.17589725045183918,0.002491284260348557,0.0,-0.08794862522591959,0.0,0.0,2.7755575615628914e-17
80.0,0.0015876084412850934,19.184994718256714,107.38219175490782,55.47171710020617,10.342651519415107,8.484501413991465,6.7601179773731195,1.4219257431049268,301.5212995030119,-0.02845681794367694,-0.07817272086134203,-0.04971590291766509,1.0,0.06042564092194438,5.8301880329176665e-12,2.3,0.029294097843078345,0.18616710335886885,0.08900521299139273,-0.0005202182265907629,0.3715312620350503,0.13955783386163886,0.09308355167943443,1.75,6339239.601242026,0.12085128184388876,0.06471372457477317,0.08900521299139273,-0.17801042598278546,0.08900521299139273,-0.08900521299139273,-0.17801042598278546,0.0024476217499700115,0.0,-0.08900521299139273,0.0,0.0,2.7755575615628914e-17
85.0,0.0015799125364134971,19.50145196400236,106.93114896658666,55.26329291768379,10.417290957850202,8.511852846679416,6.750577113183494,1.4184368095756719,301.5188986801182,-0.028540073239861366,-0.0780754979377843,-0.049535424697922936,1.0,0.05961542821140804,5.752014390453723e-12,2.3,0.030099916484092132,0.18176360459016724,0.08985834722169034,-0.0005029437714325648,0.36984627298463585,0.1390728587646372,0.09088180229508362,1.75,6368610.658317058,0.11923085642281608,0.06510038257825473,0.08985834722169034,-0.17971669444338068,0.08985834722169034,-0.08985834722169034,-0.17971669444338068,0.0024021560680769784,0.0,-0.08985834722169034,0.0,0.0,2.7755575615628914e-17
90.0,0.0015722184452681672,19.813124305376245,106.48352497791346,55.053700038976054,10.481852124227384,8.530416178237813,6.741140488732559,1.4148003443721102,301.5165982246705,-0.028624265502656964,-0.0779800119692994,-0.04935574646664244,1.0,0.05890525020833275,5.683492629962685e-12,2.3,0.030891709105353937,0.17790819003634145,0.09053532205866677,-0.00048814474041696833,0.3681683162576736,0.13858981387058375,0.08895409501817073,1.75,6394526.745657004,0.1178105004166655,0.06546154418723285,0.09053532205866677,-0.18107064411733353,0.09053532205866677,-0.09053532205866677,-0.18107064411733353,0.0023556497000297833,0.0,-0.09053532205866677,0.0,0.0,2.7755575615628914e-17
95.0,0.0015645235006188668,20.120569852769815,106.03936725226092,54.843071803825566,10.537442293408604,8.541337861614313,6.731845243448714,1.4110426539856078,301.5143882091912,-0.028709375816645125,-0.0778861380196662,-0.049176762203021085,1.0,0.05828386296471353,5.6235378753869526e-12,2.3,0.03166437335324538,0.17454638836519493,0.09105975378481904,-0.00047548166164755514,0.3664966947796174,0.1381085309310524,0.08727319418259746,1.75,6417279.397409998,0.11656772592942706,0.06579980328522299,0.09105975378481904,-0.18211950756963807,0.09105975378481904,-0.09105975378481904,-0.18211950756963807,0.0023087193592110714,0.0,-0.09105975378481904,0.0,0.0,2.7755575615628914e-17
100.0,0.001556830030915138,20.424275689020575,105.59871311684124,54.63156675606449,10.585040126436068,8.545629972146173,6.722721438977665,1.4071872147289353,301.5122602625732,-0.028795364771823206,-0.07779375585437949,-0.048998391082556284,1.0,0.05774118069663545,5.5711769965158046e-12,2.3,0.032413803926330614,0.17163008050327622,0.09145210797598496,-0.000464662174714318,0.3648312741347798,0.13762887877616123,0.08581504025163811,1.75,6437134.758164464,0.1154823613932709,0.06611738790342356,0.09145210797598496,-0.18290421595196993,0.09145210797598496,-0.09145210797598496,-0.18290421595196993,0.0022618589712012846,0.0,-0.09145210797598496,0.0,0.0,2.7755575615628914e-17
105.0,0.0015491427228495197,20.724667248945558,105.16159104843365,54.419363570931175,10.625512183970633,8.54418628282456,6.713793148925881,1.4032549871289608,301.510207198594,-0.028882176238961343,-0.07770275132137205,-0.04882057508241071,1.0,0.057268169800546644,5.525538383110297e-12,2.3,0.033136776129258846,0.16911647679365946,0.09173014683364394,-0.0004554337955285129,0.36317225764172806,0.13715076481812913,0.08455823839682973,1.75,6454336.909778232,0.11453633960109329,0.06641622288141077,0.09173014683364394,-0.1834602936672879,0.09173014683364394,-0.09173014683364394,-0.1834602936672879,0.0022154597145861866,0.0,-0.09173014683364394,0.0,0.0,2.7755575615628914e-17
110.0,0.0015414672615839482,21.022116179442992,104.72802192874951,54.20665652997446,10.659627080356762,8.537796252079035,6.705079377053056,1.3992646895864076,301.5082227734653,-0.028969740670244173,-0.07761301714251809,-0.048643276472273914,1.0,0.05685674828230789,5.485842241281717e-12,2.3,0.03383083589864371,0.1669672973167563,0.09190930827377444,-0.0004475779749655469,0.3615200545076415,0.13667413406764917,0.08348364865837815,1.75,6469110.571753886,0.11371349656461578,0.06669798025783509,0.09190930827377444,-0.18381861654754889,0.09190930827377444,-0.09190930827377444,-0.18381861654754889,0.0021698272725468567,0.0,-0.09190930827377444,0.0,0.0,1.3877787807814457e-17
115.0,0.0015338096438774153,21.316946992167804,104.29802021588975,53.99365147124176,10.688067677428405,8.527157251873492,6.696594834173822,1.3952330373797044,301.5063015179229,-0.0290579779443269,-0.07752445328788055,-0.048466475343553646,1.0,0.05649969185705509,5.45139153350562e-12,2.3,0.03449419677837111,0.16514811027122042,0.09200302828831729,-0.0004409051762487055,0.3598752002657089,0.13619896669578918,0.08257405513561021,1.75,6481663.307250983,0.11299938371411018,0.06696412009662261,0.09200302828831729,-0.18400605657663457,0.09200302828831729,-0.09200302828831729,-0.18400605657663457,0.0021251965694397633,0.0,-0.09200302828831729,0.0,0.0,1.3877787807814457e-17
120.0,0.0015261758400679254,21.609442719338105,103.8715949936404,53.780562169654765,10.711441585939347,8.512885247155811,6.68835059481122,1.3911749511088525,301.5044386134154,-0.029146799802742155,-0.0774369670664134,-0.048290167263671246,1.0,0.05619054781247369,5.421563667691264e-12,2.3,0.03512564484946744,0.16362779537846805,0.0920230148251642,-0.0004352507779962873,0.35823830698325204,0.1357252748086905,0.08181389768923403,1.75,6492187.330114899,0.11238109562494739,0.06721592376641888,0.0920230148251642,-0.1840460296503284,0.0920230148251642,-0.0920230148251642,-0.1840460296503284,0.002081744251114469,0.0,-0.0920230148251642,0.0,0.0,5.551115123125783e-17
125.0,0.0015185716337024785,21.89984976097765,103.44875090049041,53.567607118432164,10.730290257569523,8.495524167992413,6.680354654569885,1.3871037395954438,301.5026297962458,-0.02923611193370255,-0.07735047302458174,-0.04811436109087919,1.0,0.05592355640218117,5.395802912796003e-12,2.3,0.03572445198752157,0.1623781054981299,0.09197948142456959,-0.0004304716358766744,0.3566100307915305,0.1352530988479429,0.08118905274906495,1.75,6500860.998646096,0.11184711280436234,0.0674545212399679,0.09197948142456959,-0.18395896284913918,0.09197948142456959,-0.09197948142456959,-0.18395896284913918,0.0020395992062072735,0.0,-0.09197948142456959,0.0,0.0,2.7755575615628914e-17
130.0,0.0015110025491001545,22.18838205179861,103.02948893367497,53.355006682095016,10.745096853069974,8.475554126941288,6.6726124027459175,1.383031260380987,301.5008712802253,-0.029325815756208254,-0.07726489272333056,-0.04793907696712231,1.0,0.055693579815880016,5.3736135454869125e-12,2.3,0.036290297892610006,0.16137330691142104,0.0918813464150343,-0.00042644318651411663,0.3549910497365388,0.1347825038852922,0.08068665345571052,1.75,6507850.055884185,0.11138715963176003,0.0676809136037041,0.0918813464150343,-0.1837626928300686,0.0918813464150343,-0.0918813464150343,-0.1837626928300686,0.001998851380582839,0.0,-0.0918813464150343,0.0,0.0,2.7755575615628914e-17
135.0,0.001503473821438975,22.47522467029107,102.61380714334945,53.14298059975521,10.756293088419529,8.453398659209306,6.665127024863079,1.3789680615910958,301.4991596926281,-0.029415809949547272,-0.07718015443780304,-0.04776434448825577,1.0,0.05549603801329815,5.354553659057218e-12,2.3,0.03682320072614746,0.16058988186896592,0.09173640352333046,-0.0004230569887057825,0.35338204805481305,0.13431357597255983,0.08029494093448296,1.75,6513308.672192465,0.1109920760265963,0.06789599172161695,0.09173640352333046,-0.1834728070466609,0.09173640352333046,-0.09173640352333046,-0.1834728070466609,0.0019595591416257923,0.0,-0.09173640352333046,0.0,0.0,2.7755575615628914e-17
140.0,0.0014959903861776177,22.760536973084005,102.20170122130227,52.931745810478816,10.76426518781637,8.42943109557944,6.657899845226376,1.374923507394374,301.49749202020126,-0.029505991767695854,-0.0770961928150861,-0.04759020104739025,1.0,0.055326851112491936,5.338229604742576e-12,2.3,0.037323456200178594,0.16000628158108504,0.09155146795346905,-0.00042021862989416036,0.3517837045745282,0.13384641864897479,0.08000314079054252,1.75,6517380.327302293,0.11065370222498387,0.06810055178027054,0.09155146795346905,-0.1831029359069381,0.09155146795346905,-0.09155146795346905,-0.1831029359069381,0.0019217554005134547,0.0,-0.09155146795346905,0.0,0.0,2.7755575615628914e-17
145.0,0.0014885568771377867,23.04445533809328,101.79316499994276,52.72151458151716,10.769359088337794,8.403980198796413,6.6509306198092935,1.3709058898086013,301.4958655630969,-0.029596258168346656,-0.0770129485096221,-0.04741669034127545,1.0,0.055182387552361066,5.324290990164112e-12,2.3,0.037791584542349606,0.15960271931388448,0.09133250208220137,-0.000417845930224616,0.3501966839561487,0.133381149662563,0.07980135965694224,1.75,6520198.5684484,0.11036477510472213,0.0682953083015121,0.09133250208220137,-0.18266500416440273,0.09133250208220137,-0.09133250208220137,-0.18266500416440273,0.0018854526933108615,0.0,-0.09133250208220137,0.0,0.0,1.3877787807814457e-17
150.0,0.001481177627896127,23.327095571985424,101.38819086766632,52.512492911519345,10.771884985969146,8.37733514278893,6.644217786507668,1.3669225283866389,301.4942778954234,-0.029686506783794683,-0.07693036781337145,-0.04724386102957677,1.0,0.055059417646502275,5.3124261979565614e-12,2.3,0.038228284820635165,0.15936099630606945,0.09108472359325019,-0.000415867398576389,0.34862162993073464,0.13291789793692335,0.07968049815303473,1.75,6521887.6673611915,0.11011883529300455,0.06848090507894543,0.09108472359325019,-0.18216944718650038,0.09108472359325019,-0.09108472359325019,-0.18216944718650038,0.0018506473796601412,0.0,-0.09108472359325019,0.0,0.0,2.7755575615628914e-17
155.0,0.0014738566746939604,23.608555040099784,100.9867701138425,52.30487919147573,10.772121327676723,8.349749931218629,6.637758679986601,1.3629798597822986,301.49272683116686,-0.02977663675214295,-0.07684840228815795,-0.047071765536015,1.0,0.05495507183125055,5.302358357316666e-12,2.3,0.038634395875432194,0.1592643538180416,0.09081269898559392,-0.00041422089597765977,0.34705916007167253,0.13245680079713137,0.0796321769090208,1.75,6522563.200319833,0.1099101436625011,0.06865792441168252,0.09081269898559392,-0.18162539797118785,0.09081269898559392,-0.09081269898559392,-0.18162539797118785,0.0018173231080698086,0.0,-0.09081269898559392,0.0,0.0,2.7755575615628914e-17
160.0,0.0014665977598519954,23.888914556239794,100.58889320923726,52.09886309673772,10.77031831235091,8.321447312946262,6.6315497160238035,1.3590835182335947,301.4912103948989,-0.029866549427832075,-0.07676700840827788,-0.04690045898044581,1.0,0.05486680325600746,5.293841734518577e-12,2.3,0.03901086321506267,0.1592973467729481,0.09052042441720737,-0.00041285247696402796,0.34550986173390436,0.13199800145593873,0.07964867338647405,1.75,6522332.564772248,0.10973360651201491,0.06882689492807229,0.09052042441720737,-0.18104084883441474,0.09052042441720737,-0.09052042441720737,-0.18104084883441474,0.0017854536637407698,0.0,-0.09052042441720737,0.0,0.0,2.7755575615628914e-17
165.0,0.0014594043358264032,24.168240073082753,100.19455003233162,51.89462469504571,10.766700977001841,8.292622266085159,6.6255865503929945,1.3552384084217544,301.48972679631225,-0.029956148982896943,-0.07668614721513776,-0.04672999823224082,1.0,0.054792354140504436,5.286658486883228e-12,2.3,0.03935871112499528,0.15944573456662228,0.09021139596388039,-0.00041171537892254904,0.3439742889694486,0.13154164675701369,0.07972286728331114,1.75,6521295.448533556,0.10958470828100887,0.06898829824241116,0.09021139596388039,-0.18042279192776078,0.09021139596388039,-0.09021139596388039,-0.18042279192776078,0.001755005306091603,0.0,-0.09021139596388039,0.0,0.0,4.163336342344337e-17
170.0,0.0014522795697343577,24.44658419824169,99.803730046685,51.69233374573381,10.761471912620474,8.26344509284494,6.6198642157136645,1.3514487714018235,301.4882744083427,-0.030045342912947446,-0.07660578398770516,-0.04656044107475772,1.0,0.054729725606901425,5.280615752018353e-12,2.3,0.03967901936770314,0.1596963862111541,0.0898886706580071,-0.0004107691400380554,0.3424529602234211,0.13108788516391642,0.07984819310557704,1.75,6519544.259085071,0.10945945121380285,0.06914257463633484,0.0898886706580071,-0.1797773413160142,0.0898886706580071,-0.0898886706580071,-0.1797773413160142,0.0017259386784945463,0.0,-0.0898886706580071,0.0,0.0,2.7755575615628914e-17
175.0,0.0014452263487091362,24.723987564530415,99.41642243743486,51.49214917712066,10.754813666090952,8.234064178862207,6.614377239777531,1.3477182446762683,301.48685174805036,-0.03013404245514201,-0.07652588792811438,-0.04639184547297237,1.0,0.05467715052838007,5.275543028105985e-12,2.3,0.03997290382096013,0.1600371968380424,0.08955491978554751,-0.00040997882532599046,0.34094635671723383,0.13063686498544796,0.0800185984190212,1.75,6517164.523531609,0.10935430105676014,0.06929012792614697,0.08955491978554751,-0.17910983957109503,0.08955491978554751,-0.08955491978554751,-0.17910983957109503,0.001698210365845975,0.0,-0.08955491978554751,0.0,0.0,2.7755575615628914e-17
180.0,0.001438247285962474,25.000480070940338,99.03261621145546,51.29421871929002,10.746890859942193,8.204608448398249,6.609119747763686,1.3440499168758964,301.48545746022205,-0.030222162929187925,-0.07644643186423343,-0.046224268935045505,1.0,0.054633069161215686,5.2712898227548256e-12,2.3,0.04024150052230975,0.1604570138072341,0.08921247539544927,-0.00040931434769867284,0.33945492139277805,0.13018873282131616,0.08022850690361705,1.75,6514235.262905279,0.10926613832243137,0.06943132964407772,0.08921247539544927,-0.17842495079089854,0.08921247539544927,-0.08921247539544927,-0.17842495079089854,0.0016717741578163203,0.0,-0.08921247539544927,0.0,0.0,4.163336342344337e-17
185.0,0.0014313447278047871,25.276082014295806,98.65230026737925,51.09867868107342,10.737852072097846,8.17518955606556,6.604085550784176,1.3404463778434732,301.48409030295505,-0.030309624006309877,-0.07636739196764838,-0.04605776796133851,1.0,0.054596107200214065,5.267723535671778e-12,2.3,0.040485952597016484,0.1609455703989187,0.08886337107828411,-0.00040874986973105077,0.3379790583625545,0.12974363221707827,0.08047278519945936,1.75,6510829.347736387,0.10919221440042813,0.06956652264252562,0.08886337107828411,-0.17772674215656822,0.08886337107828411,-0.08886337107828411,-0.17772674215656822,0.0016465820705255946,0.0,-0.08886337107828411,0.0,0.0,2.7755575615628914e-17
190.0,0.0014245207614341894,25.550805122287894,98.27546343947019,50.90565385051708,10.727831498711089,8.145903838839638,6.599268222482957,1.3369097644299723,301.4827491353173,-0.030396349915436154,-0.07628874748799373,-0.04589239757255758,1.0,0.0545650560734745,5.26472755739561e-12,2.3,0.04070739964671168,0.1614934260296992,0.08850937768724622,-0.0004082632770960438,0.33651913277346956,0.12930170251092038,0.0807467130148496,1.75,6507013.836186682,0.109130112146949,0.06969602420835508,0.08850937768724622,-0.17701875537449244,0.08850937768724622,-0.08850937768724622,-0.17701875537449244,0.0016225851668600125,0.0,-0.08850937768724622,0.0,0.0,1.3877787807814457e-17
190.0,0.0014245207614341894,25.550805122287894,98.27546343947019,50.90565385051708,10.727831498711089,8.145903838839638,6.599268222482957,1.3369097644299723,301.4827491353173,-0.030396349915436154,-0.07628874748799373,-0.04589239757255758,1.0,0.0545650560734745,5.26472755739561e-12,2.3,0.04070739964671168,0.1614934260296992,0.08850937768724622,-0.0004082632770960438,0.33651913277346956,0.12930170251092038,0.0807467130148496,1.75,6507013.836186682,0.109130112146949,0.06969602420835508,0.08850937768724622,-0.17701875537449244,0.08850937768724622,-0.08850937768724622,-0.17701875537449244,0.0016225851668600125,0.0,-0.08850937768724622,0.0,0.0,1.3877787807814457e-17
