ae2_signed_cl_fmol_s,ae4_branches_oppose,ae4_cancellation_fraction,ae4_capacity_scale,ae4_cl_fmol_s,ae4_gross_branch_fmol_s,ae4_j_k_fmol_s,ae4_j_na_fmol_s,ae4_net_cl_fmol_s,ae4_productive_fraction,allocation_eligible,bdf_gate_pass,calcium_uM,candidate_id,cl_i_mM,cl_l_mM,condition,continuation_step_attempts,fixed_parameter_rank,gate_failures,hco3_i_mM,inherited_share,k_i_mM,k_l_mM,max_abs_charge_fmol,max_abs_current_A,max_abs_scaled_rest_residual,max_dimensionless_conservation_ratio,na_i_mM,na_l_mM,nkcc1_capacity_scale,nkcc1_cl_fmol_s,numerical_gate_pass,numerical_rest_pass,osm_bath_mOsm,osm_cell_mOsm,osm_lumen_mOsm,ph_i,ph_l,positive_loading_eligible,positive_pool_fmol_s,realized_ae4_share,rest_outflow_pL_s,reused_inherited,root_id,root_payload_path,routing_family,solver_label,status,sustainment_Q600_Q60,sustainment_gate_pass,target_share,tic_i_mM,tic_l_mM,total_basolateral_cl_fmol_s,trajectory_path,trajectory_sha256,v_apical_mV,v_basolateral_mV,v_transepithelial_mV,volume_i_pL,volume_l_pL,wt_admissible,wt_dynamic_gate_without_bdf,wt_rest_admissible,wt_total_0_600_pL
-0.0018657386613867392,True,0.968395279529304,1.0,0.00439891057169553,0.13918523898270913,0.07179207477720233,-0.0673931642055068,0.00439891057169553,0.031604720470695916,True,True,0.1,N_ABS_NKCC_S4_PHIGH_KHIGH_AE4NA05_P1_H1_B00__inherited_baseline,51.727764048467556,145.29487920067712,inherited_baseline,0,10,,4.450673633474581,0.018330017197384484,107.07327379549376,22.471137807901556,2.4158453015843406e-13,3.554291694563791e-26,6.768891003261501e-11,0.00022559731860383178,18.603414600683543,127.8618984676637,1.0,0.23558507440368204,True,True,301.1615928036609,301.179930134533,301.3985348891424,6.840856842478318,6.93584257518408,True,0.23998398497537757,0.018330017197384484,0.0010059774821377515,True,N_ABS_NKCC_S4_PHIGH_KHIGH_AE4NA05_P1_H1:B00,results/16_wt_chloride_allocation/wt_roots/N_ABS_NKCC_S4_PHIGH_KHIGH_AE4NA05_P1_H1_B00__inherited_baseline.json,AE4NA05,production_radau,WT_ADMISSIBLE,0.9487605927278724,True,,5.260513058557183,5.7706194129000155,0.23811824631399084,results/14_scale_free_genotype_holdout/trajectories/N_ABS_NKCC_S4_PHIGH_KHIGH_AE4NA05_P1_H1_B00_ca0.10_WT_production_radau.json,3342778c97bd24899846e515eac584ab9be1c5e87092c8a1281a653d8a7ff2f6,-34.87423691292624,-66.58957015065717,-31.715333237730924,1.3,0.10502988741068876,True,True,True,0.7446346224799579
-0.0018657386613867392,True,0.968395279529304,1.0,0.00439891057169553,0.13918523898270913,0.07179207477720233,-0.0673931642055068,0.00439891057169553,0.031604720470695916,True,True,0.25,N_ABS_NKCC_S4_PHIGH_KHIGH_AE4NA05_P1_H1_B00__inherited_baseline,51.727764048467556,145.29487920067712,inherited_baseline,0,10,,4.450673633474581,0.018330017197384484,107.07327379549376,22.471137807901556,2.7000623958883807e-13,3.554291694563791e-26,6.768891003261501e-11,0.0015489831639570184,18.603414600683543,127.8618984676637,1.0,0.23558507440368204,True,True,301.1615928036609,301.179930134533,301.3985348891424,6.840856842478318,6.93584257518408,True,0.23998398497537757,0.018330017197384484,0.0010059774821377515,True,N_ABS_NKCC_S4_PHIGH_KHIGH_AE4NA05_P1_H1:B00,results/16_wt_chloride_allocation/wt_roots/N_ABS_NKCC_S4_PHIGH_KHIGH_AE4NA05_P1_H1_B00__inherited_baseline.json,AE4NA05,production_radau,WT_ADMISSIBLE,0.8884751169664958,True,,5.260513058557183,5.7706194129000155,0.23811824631399084,results/14_scale_free_genotype_holdout/trajectories/N_ABS_NKCC_S4_PHIGH_KHIGH_AE4NA05_P1_H1_B00_ca0.25_WT_production_radau.json,7db9c20468e99da3e3e564d08f93b0d7843598052ff1034aacf4336d0c13dd0b,-34.87423691292624,-66.58957015065717,-31.715333237730924,1.3,0.10502988741068876,True,True,True,0.847227392975347
-0.0018657386613867392,True,0.968395279529304,1.0,0.00439891057169553,0.13918523898270913,0.07179207477720233,-0.0673931642055068,0.00439891057169553,0.031604720470695916,True,True,0.5,N_ABS_NKCC_S4_PHIGH_KHIGH_AE4NA05_P1_H1_B00__inherited_baseline,51.727764048467556,145.29487920067712,inherited_baseline,0,10,,4.450673633474581,0.018330017197384484,107.07327379549376,22.471137807901556,2.4158453015843406e-13,3.554291694563791e-26,6.768891003261501e-11,0.002467359649926948,18.603414600683543,127.8618984676637,1.0,0.23558507440368204,True,True,301.1615928036609,301.179930134533,301.3985348891424,6.840856842478318,6.93584257518408,True,0.23998398497537757,0.018330017197384484,0.0010059774821377515,True,N_ABS_NKCC_S4_PHIGH_KHIGH_AE4NA05_P1_H1:B00,results/16_wt_chloride_allocation/wt_roots/N_ABS_NKCC_S4_PHIGH_KHIGH_AE4NA05_P1_H1_B00__inherited_baseline.json,AE4NA05,production_radau,WT_ADMISSIBLE,0.8699317121767066,True,,5.260513058557183,5.7706194129000155,0.23811824631399084,results/14_scale_free_genotype_holdout/trajectories/N_ABS_NKCC_S4_PHIGH_KHIGH_AE4NA05_P1_H1_B00_ca0.50_WT_production_radau.json,d3f18f26432348a9d6bb13f9423cac2ea767c425c530106339c98a4511701c87,-34.87423691292624,-66.58957015065717,-31.715333237730924,1.3,0.10502988741068876,True,True,True,0.8752299160390887
,,,5.455532251997507,,,,,,,True,,0.1,N_ABS_NKCC_S4_PHIGH_KHIGH_AE4NA05_P1_H1_B00__share_0.10,,,share_0.10,27,,NUMERICAL_CONTINUATION_FAILURE,,0.018330017197384484,,,,,,,,,0.9168050523767142,,,False,,,,,,,,,,,N_ABS_NKCC_S4_PHIGH_KHIGH_AE4NA05_P1_H1:B00,results/16_wt_chloride_allocation/wt_roots/N_ABS_NKCC_S4_PHIGH_KHIGH_AE4NA05_P1_H1_B00__share_0.10.json,AE4NA05,production_radau,NOT_RUN_REST_REJECTED,,,0.1,,,,,,,,,,,False,,False,
,,,5.455532251997507,,,,,,,True,,0.25,N_ABS_NKCC_S4_PHIGH_KHIGH_AE4NA05_P1_H1_B00__share_0.10,,,share_0.10,27,,NUMERICAL_CONTINUATION_FAILURE,,0.018330017197384484,,,,,,,,,0.9168050523767142,,,False,,,,,,,,,,,N_ABS_NKCC_S4_PHIGH_KHIGH_AE4NA05_P1_H1:B00,results/16_wt_chloride_allocation/wt_roots/N_ABS_NKCC_S4_PHIGH_KHIGH_AE4NA05_P1_H1_B00__share_0.10.json,AE4NA05,production_radau,NOT_RUN_REST_REJECTED,,,0.1,,,,,,,,,,,False,,False,
,,,5.455532251997507,,,,,,,True,,0.5,N_ABS_NKCC_S4_PHIGH_KHIGH_AE4NA05_P1_H1_B00__share_0.10,,,share_0.10,27,,NUMERICAL_CONTINUATION_FAILURE,,0.018330017197384484,,,,,,,,,0.9168050523767142,,,False,,,,,,,,,,,N_ABS_NKCC_S4_PHIGH_KHIGH_AE4NA05_P1_H1:B00,results/16_wt_chloride_allocation/wt_roots/N_ABS_NKCC_S4_PHIGH_KHIGH_AE4NA05_P1_H1_B00__share_0.10.json,AE4NA05,production_radau,NOT_RUN_REST_REJECTED,,,0.1,,,,,,,,,,,False,,False,
,,,16.36659675599252,,,,,,,True,,0.1,N_ABS_NKCC_S4_PHIGH_KHIGH_AE4NA05_P1_H1_B00__share_0.30,,,share_0.30,22,,NUMERICAL_CONTINUATION_FAILURE,,0.018330017197384484,,,,,,,,,0.713070596293,,,False,,,,,,,,,,,N_ABS_NKCC_S4_PHIGH_KHIGH_AE4NA05_P1_H1:B00,results/16_wt_chloride_allocation/wt_roots/N_ABS_NKCC_S4_PHIGH_KHIGH_AE4NA05_P1_H1_B00__share_0.30.json,AE4NA05,production_radau,NOT_RUN_REST_REJECTED,,,0.3,,,,,,,,,,,False,,False,
,,,16.36659675599252,,,,,,,True,,0.25,N_ABS_NKCC_S4_PHIGH_KHIGH_AE4NA05_P1_H1_B00__share_0.30,,,share_0.30,22,,NUMERICAL_CONTINUATION_FAILURE,,0.018330017197384484,,,,,,,,,0.713070596293,,,False,,,,,,,,,,,N_ABS_NKCC_S4_PHIGH_KHIGH_AE4NA05_P1_H1:B00,results/16_wt_chloride_allocation/wt_roots/N_ABS_NKCC_S4_PHIGH_KHIGH_AE4NA05_P1_H1_B00__share_0.30.json,AE4NA05,production_radau,NOT_RUN_REST_REJECTED,,,0.3,,,,,,,,,,,False,,False,
,,,16.36659675599252,,,,,,,True,,0.5,N_ABS_NKCC_S4_PHIGH_KHIGH_AE4NA05_P1_H1_B00__share_0.30,,,share_0.30,22,,NUMERICAL_CONTINUATION_FAILURE,,0.018330017197384484,,,,,,,,,0.713070596293,,,False,,,,,,,,,,,N_ABS_NKCC_S4_PHIGH_KHIGH_AE4NA05_P1_H1:B00,results/16_wt_chloride_allocation/wt_roots/N_ABS_NKCC_S4_PHIGH_KHIGH_AE4NA05_P1_H1_B00__share_0.30.json,AE4NA05,production_radau,NOT_RUN_REST_REJECTED,,,0.3,,,,,,,,,,,False,,False,
-0.0007970646209798337,True,0.9900375659883516,1.0,0.0038049001740020627,0.38192475549180516,0.19286482783290362,-0.18905992765890156,0.0038049001740020627,0.00996243401164841,True,True,0.1,N_ABS_NKCC_S4_PHIGH_KHIGH_AE4NA20_P2_H1_B00__inherited_baseline,52.30555987274908,146.01121731489613,inherited_baseline,0,10,,7.147374385507965,0.01370478692478734,117.25346909672912,22.043492179818998,4.689582056016661e-13,6.462348535570529e-27,1.5441207340538554e-11,1.4210854715202002e-05,14.41423310273199,128.3185880529636,1.0,0.27382803165365593,True,True,301.1615928036609,301.18345830497987,301.44412342487084,7.046777296541653,6.879978559308944,True,0.277632931827658,0.01370478692478734,0.001199531279443772,True,N_ABS_NKCC_S4_PHIGH_KHIGH_AE4NA20_P2_H1:B00,results/16_wt_chloride_allocation/wt_roots/N_ABS_NKCC_S4_PHIGH_KHIGH_AE4NA20_P2_H1_B00__inherited_baseline.json,AE4NA20,production_radau,WT_ADMISSIBLE,0.9937962898391259,True,,7.959285563756632,5.070825877192134,0.2768358672066782,results/14_scale_free_genotype_holdout/trajectories/N_ABS_NKCC_S4_PHIGH_KHIGH_AE4NA20_P2_H1_B00_ca0.10_WT_production_radau.json,e72842393c2b4bb521c7dfd4e4a80572b4c596e980bf341f0ddd841cc3430dfd,-35.891172288448885,-71.23257578708805,-35.341403498639174,1.3,0.10599765639721886,True,True,True,0.9063157943440641
-0.0007970646209798337,True,0.9900375659883516,1.0,0.0038049001740020627,0.38192475549180516,0.19286482783290362,-0.18905992765890156,0.0038049001740020627,0.00996243401164841,True,True,0.25,N_ABS_NKCC_S4_PHIGH_KHIGH_AE4NA20_P2_H1_B00__inherited_baseline,52.30555987274908,146.01121731489613,inherited_baseline,0,10,,7.147374385507965,0.01370478692478734,117.25346909672912,22.043492179818998,8.100187187665142e-13,6.462348535570529e-27,1.5441207340538554e-11,0.006490807891168515,14.41423310273199,128.3185880529636,1.0,0.27382803165365593,True,True,301.1615928036609,301.18345830497987,301.44412342487084,7.046777296541653,6.879978559308944,True,0.277632931827658,0.01370478692478734,0.001199531279443772,True,N_ABS_NKCC_S4_PHIGH_KHIGH_AE4NA20_P2_H1:B00,results/16_wt_chloride_allocation/wt_roots/N_ABS_NKCC_S4_PHIGH_KHIGH_AE4NA20_P2_H1_B00__inherited_baseline.json,AE4NA20,production_radau,WT_ADMISSIBLE,0.9601915858111638,True,,7.959285563756632,5.070825877192134,0.2768358672066782,results/14_scale_free_genotype_holdout/trajectories/N_ABS_NKCC_S4_PHIGH_KHIGH_AE4NA20_P2_H1_B00_ca0.25_WT_production_radau.json,dfa5c9aa9eb9026043f447a766c672d457d28aa1e8514cda0bc03d52537fa661,-35.891172288448885,-71.23257578708805,-35.341403498639174,1.3,0.10599765639721886,True,True,True,1.0401042410522996
-0.0007970646209798337,True,0.9900375659883516,1.0,0.0038049001740020627,0.38192475549180516,0.19286482783290362,-0.18905992765890156,0.0038049001740020627,0.00996243401164841,True,True,0.5,N_ABS_NKCC_S4_PHIGH_KHIGH_AE4NA20_P2_H1_B00__inherited_baseline,52.30555987274908,146.01121731489613,inherited_baseline,0,10,,7.147374385507965,0.01370478692478734,117.25346909672912,22.043492179818998,2.1316282072803006e-13,6.462348535570529e-27,1.5441207340538554e-11,0.006544098596350523,14.41423310273199,128.3185880529636,1.0,0.27382803165365593,True,True,301.1615928036609,301.18345830497987,301.44412342487084,7.046777296541653,6.879978559308944,True,0.277632931827658,0.01370478692478734,0.001199531279443772,True,N_ABS_NKCC_S4_PHIGH_KHIGH_AE4NA20_P2_H1:B00,results/16_wt_chloride_allocation/wt_roots/N_ABS_NKCC_S4_PHIGH_KHIGH_AE4NA20_P2_H1_B00__inherited_baseline.json,AE4NA20,production_radau,WT_ADMISSIBLE,0.9485957503682491,True,,7.959285563756632,5.070825877192134,0.2768358672066782,results/14_scale_free_genotype_holdout/trajectories/N_ABS_NKCC_S4_PHIGH_KHIGH_AE4NA20_P2_H1_B00_ca0.50_WT_production_radau.json,192072ef63d3361104c16209704dbb775998b96e432e2f2d2a1478dfadd8802a,-35.891172288448885,-71.23257578708805,-35.341403498639174,1.3,0.10599765639721886,True,True,True,1.0790057552771866
,,,7.29672052172761,,,,,,,True,,0.1,N_ABS_NKCC_S4_PHIGH_KHIGH_AE4NA20_P2_H1_B00__share_0.10,,,share_0.10,24,,NUMERICAL_CONTINUATION_FAILURE,,0.01370478692478734,,,,,,,,,0.9125056961331598,,,False,,,,,,,,,,,N_ABS_NKCC_S4_PHIGH_KHIGH_AE4NA20_P2_H1:B00,results/16_wt_chloride_allocation/wt_roots/N_ABS_NKCC_S4_PHIGH_KHIGH_AE4NA20_P2_H1_B00__share_0.10.json,AE4NA20,production_radau,NOT_RUN_REST_REJECTED,,,0.1,,,,,,,,,,,False,,False,
,,,7.29672052172761,,,,,,,True,,0.25,N_ABS_NKCC_S4_PHIGH_KHIGH_AE4NA20_P2_H1_B00__share_0.10,,,share_0.10,24,,NUMERICAL_CONTINUATION_FAILURE,,0.01370478692478734,,,,,,,,,0.9125056961331598,,,False,,,,,,,,,,,N_ABS_NKCC_S4_PHIGH_KHIGH_AE4NA20_P2_H1:B00,results/16_wt_chloride_allocation/wt_roots/N_ABS_NKCC_S4_PHIGH_KHIGH_AE4NA20_P2_H1_B00__share_0.10.json,AE4NA20,production_radau,NOT_RUN_REST_REJECTED,,,0.1,,,,,,,,,,,False,,False,
,,,7.29672052172761,,,,,,,True,,0.5,N_ABS_NKCC_S4_PHIGH_KHIGH_AE4NA20_P2_H1_B00__share_0.10,,,share_0.10,24,,NUMERICAL_CONTINUATION_FAILURE,,0.01370478692478734,,,,,,,,,0.9125056961331598,,,False,,,,,,,,,,,N_ABS_NKCC_S4_PHIGH_KHIGH_AE4NA20_P2_H1:B00,results/16_wt_chloride_allocation/wt_roots/N_ABS_NKCC_S4_PHIGH_KHIGH_AE4NA20_P2_H1_B00__share_0.10.json,AE4NA20,production_radau,NOT_RUN_REST_REJECTED,,,0.1,,,,,,,,,,,False,,False,
,,,21.890161565182826,,,,,,,True,,0.1,N_ABS_NKCC_S4_PHIGH_KHIGH_AE4NA20_P2_H1_B00__share_0.30,,,share_0.30,16,,NUMERICAL_CONTINUATION_FAILURE,,0.01370478692478734,,,,,,,,,0.7097266525480131,,,False,,,,,,,,,,,N_ABS_NKCC_S4_PHIGH_KHIGH_AE4NA20_P2_H1:B00,results/16_wt_chloride_allocation/wt_roots/N_ABS_NKCC_S4_PHIGH_KHIGH_AE4NA20_P2_H1_B00__share_0.30.json,AE4NA20,production_radau,NOT_RUN_REST_REJECTED,,,0.3,,,,,,,,,,,False,,False,
,,,21.890161565182826,,,,,,,True,,0.25,N_ABS_NKCC_S4_PHIGH_KHIGH_AE4NA20_P2_H1_B00__share_0.30,,,share_0.30,16,,NUMERICAL_CONTINUATION_FAILURE,,0.01370478692478734,,,,,,,,,0.7097266525480131,,,False,,,,,,,,,,,N_ABS_NKCC_S4_PHIGH_KHIGH_AE4NA20_P2_H1:B00,results/16_wt_chloride_allocation/wt_roots/N_ABS_NKCC_S4_PHIGH_KHIGH_AE4NA20_P2_H1_B00__share_0.30.json,AE4NA20,production_radau,NOT_RUN_REST_REJECTED,,,0.3,,,,,,,,,,,False,,False,
,,,21.890161565182826,,,,,,,True,,0.5,N_ABS_NKCC_S4_PHIGH_KHIGH_AE4NA20_P2_H1_B00__share_0.30,,,share_0.30,16,,NUMERICAL_CONTINUATION_FAILURE,,0.01370478692478734,,,,,,,,,0.7097266525480131,,,False,,,,,,,,,,,N_ABS_NKCC_S4_PHIGH_KHIGH_AE4NA20_P2_H1:B00,results/16_wt_chloride_allocation/wt_roots/N_ABS_NKCC_S4_PHIGH_KHIGH_AE4NA20_P2_H1_B00__share_0.30.json,AE4NA20,production_radau,NOT_RUN_REST_REJECTED,,,0.3,,,,,,,,,,,False,,False,
-0.0018460155324911806,True,0.9680194295617562,1.0,0.004385358818456406,0.13712572222327207,0.07075554052086425,-0.06637018170240784,0.004385358818456406,0.0319805704382438,True,True,0.1,N_ABS_NKCC_S4_PHIGH_KLOW_AE4NA05_P1_H1_B00__inherited_baseline,51.0172208230514,145.55298395608276,inherited_baseline,0,10,,4.429886221962234,0.01789953114568505,105.93491592621889,18.553894280885828,2.1316282072803006e-13,6.462348535570529e-27,9.858867194845189e-11,0.00024158453015843404,18.98139711993734,131.77847623554823,1.0,0.2406131711856975,True,True,301.1615928036609,301.17988547765697,301.3979578644158,6.838597585025212,6.912653628961993,True,0.2449985300041539,0.01789953114568505,0.0010035276265941556,True,N_ABS_NKCC_S4_PHIGH_KLOW_AE4NA05_P1_H1:B00,results/16_wt_chloride_allocation/wt_roots/N_ABS_NKCC_S4_PHIGH_KLOW_AE4NA05_P1_H1_B00__inherited_baseline.json,AE4NA05,production_radau,WT_ADMISSIBLE,0.9507137221574503,True,,5.240131322026218,5.512603391898992,0.24315251447166272,results/14_scale_free_genotype_holdout/trajectories/N_ABS_NKCC_S4_PHIGH_KLOW_AE4NA05_P1_H1_B00_ca0.10_WT_production_radau.json,d9ef71633c1fb1bfcbea3133679305ede63048eca679cce4070674d01c2b8b45,-35.4450782444366,-69.09331965733882,-33.64824141290222,1.3,0.10501763813297078,True,True,True,0.7380557860508516
-0.0018460155324911806,True,0.9680194295617562,1.0,0.004385358818456406,0.13712572222327207,0.07075554052086425,-0.06637018170240784,0.004385358818456406,0.0319805704382438,True,True,0.25,N_ABS_NKCC_S4_PHIGH_KLOW_AE4NA05_P1_H1_B00__inherited_baseline,51.0172208230514,145.55298395608276,inherited_baseline,0,10,,4.429886221962234,0.01789953114568505,105.93491592621889,18.553894280885828,1.5631940186722204e-13,6.462348535570529e-27,9.858867194845189e-11,0.0014033219031261979,18.98139711993734,131.77847623554823,1.0,0.2406131711856975,True,True,301.1615928036609,301.17988547765697,301.3979578644158,6.838597585025212,6.912653628961993,True,0.2449985300041539,0.01789953114568505,0.0010035276265941556,True,N_ABS_NKCC_S4_PHIGH_KLOW_AE4NA05_P1_H1:B00,results/16_wt_chloride_allocation/wt_roots/N_ABS_NKCC_S4_PHIGH_KLOW_AE4NA05_P1_H1_B00__inherited_baseline.json,AE4NA05,production_radau,WT_ADMISSIBLE,0.8964588349658338,True,,5.240131322026218,5.512603391898992,0.24315251447166272,results/14_scale_free_genotype_holdout/trajectories/N_ABS_NKCC_S4_PHIGH_KLOW_AE4NA05_P1_H1_B00_ca0.25_WT_production_radau.json,fc8e5d6ec7a311b3a3bedf0466239635187f8ee876c0b1c943ae258976fe94c1,-35.4450782444366,-69.09331965733882,-33.64824141290222,1.3,0.10501763813297078,True,True,True,0.8393208597961263
-0.0018460155324911806,True,0.9680194295617562,1.0,0.004385358818456406,0.13712572222327207,0.07075554052086425,-0.06637018170240784,0.004385358818456406,0.0319805704382438,True,True,0.5,N_ABS_NKCC_S4_PHIGH_KLOW_AE4NA05_P1_H1_B00__inherited_baseline,51.0172208230514,145.55298395608276,inherited_baseline,0,10,,4.429886221962234,0.01789953114568505,105.93491592621889,18.553894280885828,1.9895196601282805e-13,6.462348535570529e-27,9.858867194845189e-11,0.002140509991477302,18.98139711993734,131.77847623554823,1.0,0.2406131711856975,True,True,301.1615928036609,301.17988547765697,301.3979578644158,6.838597585025212,6.912653628961993,True,0.2449985300041539,0.01789953114568505,0.0010035276265941556,True,N_ABS_NKCC_S4_PHIGH_KLOW_AE4NA05_P1_H1:B00,results/16_wt_chloride_allocation/wt_roots/N_ABS_NKCC_S4_PHIGH_KLOW_AE4NA05_P1_H1_B00__inherited_baseline.json,AE4NA05,production_radau,WT_ADMISSIBLE,0.8795111580743358,True,,5.240131322026218,5.512603391898992,0.24315251447166272,results/14_scale_free_genotype_holdout/trajectories/N_ABS_NKCC_S4_PHIGH_KLOW_AE4NA05_P1_H1_B00_ca0.50_WT_production_radau.json,e6ebb85c96b47551ceedd7210dfeee76db4ecc4b800eab8afec5aed7c6ebf2fd,-35.4450782444366,-69.09331965733882,-33.64824141290222,1.3,0.10501763813297078,True,True,True,0.8677959612678899
,,,5.58673851209262,,,,,,,True,,0.1,N_ABS_NKCC_S4_PHIGH_KLOW_AE4NA05_P1_H1_B00__share_0.10,,,share_0.10,23,,NUMERICAL_CONTINUATION_FAILURE,,0.01789953114568505,,,,,,,,,0.9164031873947779,,,False,,,,,,,,,,,N_ABS_NKCC_S4_PHIGH_KLOW_AE4NA05_P1_H1:B00,results/16_wt_chloride_allocation/wt_roots/N_ABS_NKCC_S4_PHIGH_KLOW_AE4NA05_P1_H1_B00__share_0.10.json,AE4NA05,production_radau,NOT_RUN_REST_REJECTED,,,0.1,,,,,,,,,,,False,,False,
,,,5.58673851209262,,,,,,,True,,0.25,N_ABS_NKCC_S4_PHIGH_KLOW_AE4NA05_P1_H1_B00__share_0.10,,,share_0.10,23,,NUMERICAL_CONTINUATION_FAILURE,,0.01789953114568505,,,,,,,,,0.9164031873947779,,,False,,,,,,,,,,,N_ABS_NKCC_S4_PHIGH_KLOW_AE4NA05_P1_H1:B00,results/16_wt_chloride_allocation/wt_roots/N_ABS_NKCC_S4_PHIGH_KLOW_AE4NA05_P1_H1_B00__share_0.10.json,AE4NA05,production_radau,NOT_RUN_REST_REJECTED,,,0.1,,,,,,,,,,,False,,False,
,,,5.58673851209262,,,,,,,True,,0.5,N_ABS_NKCC_S4_PHIGH_KLOW_AE4NA05_P1_H1_B00__share_0.10,,,share_0.10,23,,NUMERICAL_CONTINUATION_FAILURE,,0.01789953114568505,,,,,,,,,0.9164031873947779,,,False,,,,,,,,,,,N_ABS_NKCC_S4_PHIGH_KLOW_AE4NA05_P1_H1:B00,results/16_wt_chloride_allocation/wt_roots/N_ABS_NKCC_S4_PHIGH_KLOW_AE4NA05_P1_H1_B00__share_0.10.json,AE4NA05,production_radau,NOT_RUN_REST_REJECTED,,,0.1,,,,,,,,,,,False,,False,
,,,16.760215536277858,,,,,,,True,,0.1,N_ABS_NKCC_S4_PHIGH_KLOW_AE4NA05_P1_H1_B00__share_0.30,,,share_0.30,24,,NUMERICAL_CONTINUATION_FAILURE,,0.01789953114568505,,,,,,,,,0.7127580346403827,,,False,,,,,,,,,,,N_ABS_NKCC_S4_PHIGH_KLOW_AE4NA05_P1_H1:B00,results/16_wt_chloride_allocation/wt_roots/N_ABS_NKCC_S4_PHIGH_KLOW_AE4NA05_P1_H1_B00__share_0.30.json,AE4NA05,production_radau,NOT_RUN_REST_REJECTED,,,0.3,,,,,,,,,,,False,,False,
,,,16.760215536277858,,,,,,,True,,0.25,N_ABS_NKCC_S4_PHIGH_KLOW_AE4NA05_P1_H1_B00__share_0.30,,,share_0.30,24,,NUMERICAL_CONTINUATION_FAILURE,,0.01789953114568505,,,,,,,,,0.7127580346403827,,,False,,,,,,,,,,,N_ABS_NKCC_S4_PHIGH_KLOW_AE4NA05_P1_H1:B00,results/16_wt_chloride_allocation/wt_roots/N_ABS_NKCC_S4_PHIGH_KLOW_AE4NA05_P1_H1_B00__share_0.30.json,AE4NA05,production_radau,NOT_RUN_REST_REJECTED,,,0.3,,,,,,,,,,,False,,False,
,,,16.760215536277858,,,,,,,True,,0.5,N_ABS_NKCC_S4_PHIGH_KLOW_AE4NA05_P1_H1_B00__share_0.30,,,share_0.30,24,,NUMERICAL_CONTINUATION_FAILURE,,0.01789953114568505,,,,,,,,,0.7127580346403827,,,False,,,,,,,,,,,N_ABS_NKCC_S4_PHIGH_KLOW_AE4NA05_P1_H1:B00,results/16_wt_chloride_allocation/wt_roots/N_ABS_NKCC_S4_PHIGH_KLOW_AE4NA05_P1_H1_B00__share_0.30.json,AE4NA05,production_radau,NOT_RUN_REST_REJECTED,,,0.3,,,,,,,,,,,False,,False,
-0.0007896205299970801,True,0.9900156984517631,1.0,0.003801050670580758,0.38070271137313294,0.19225188102185686,-0.1884508303512761,0.003801050670580758,0.009984301548236903,True,True,0.1,N_ABS_NKCC_S4_PHIGH_KLOW_AE4NA20_P2_H1_B00__inherited_baseline,52.01352951313897,146.21172440373644,inherited_baseline,0,10,,7.129212663975042,0.013552827891842714,116.87329561535007,17.6922700726937,1.7053025658242404e-13,1.9387045606711586e-26,2.8978555666192563e-11,1.4210854715202002e-05,14.465986422416755,132.6670904512919,1.0,0.2766607614998936,True,True,301.1615928036609,301.1831636874321,301.4403165842419,7.045404735077692,6.858338289961608,True,0.2804618121704744,0.013552827891842714,0.0011833686971691626,True,N_ABS_NKCC_S4_PHIGH_KLOW_AE4NA20_P2_H1:B00,results/16_wt_chloride_allocation/wt_roots/N_ABS_NKCC_S4_PHIGH_KLOW_AE4NA20_P2_H1_B00__inherited_baseline.json,AE4NA20,production_radau,WT_ADMISSIBLE,0.993830842775206,True,,7.9415991195961375,4.8692316565198555,0.2796721916404773,results/14_scale_free_genotype_holdout/trajectories/N_ABS_NKCC_S4_PHIGH_KLOW_AE4NA20_P2_H1_B00_ca0.10_WT_production_radau.json,b512d6165c01fe00c4a4cb2c7c24f32f8ada9019a35c071157b9fad1059141a6,-36.16410287202952,-73.38270073664599,-37.21859786461648,1.2999999999999317,0.10591684348584582,True,True,True,0.8878884180219158
-0.0007896205299970801,True,0.9900156984517631,1.0,0.003801050670580758,0.38070271137313294,0.19225188102185686,-0.1884508303512761,0.003801050670580758,0.009984301548236903,True,True,0.25,N_ABS_NKCC_S4_PHIGH_KLOW_AE4NA20_P2_H1_B00__inherited_baseline,52.01352951313897,146.21172440373644,inherited_baseline,0,10,,7.129212663975042,0.013552827891842714,116.87329561535007,17.6922700726937,1.9895196601282805e-13,1.9387045606711586e-26,2.8978555666192563e-11,0.006462386181738111,14.465986422416755,132.6670904512919,1.0,0.2766607614998936,True,True,301.1615928036609,301.1831636874321,301.4403165842419,7.045404735077692,6.858338289961608,True,0.2804618121704744,0.013552827891842714,0.0011833686971691626,True,N_ABS_NKCC_S4_PHIGH_KLOW_AE4NA20_P2_H1:B00,results/16_wt_chloride_allocation/wt_roots/N_ABS_NKCC_S4_PHIGH_KLOW_AE4NA20_P2_H1_B00__inherited_baseline.json,AE4NA20,production_radau,WT_ADMISSIBLE,0.9641980228762437,True,,7.9415991195961375,4.8692316565198555,0.2796721916404773,results/14_scale_free_genotype_holdout/trajectories/N_ABS_NKCC_S4_PHIGH_KLOW_AE4NA20_P2_H1_B00_ca0.25_WT_production_radau.json,2153a81fec3b635587cff81ba0e91b79ec5995df2689eb3dce1b1cf0673f563f,-36.16410287202952,-73.38270073664599,-37.21859786461648,1.2999999999999317,0.10591684348584582,True,True,True,1.0228347840731686
-0.0007896205299970801,True,0.9900156984517631,1.0,0.003801050670580758,0.38070271137313294,0.19225188102185686,-0.1884508303512761,0.003801050670580758,0.009984301548236903,True,True,0.5,N_ABS_NKCC_S4_PHIGH_KLOW_AE4NA20_P2_H1_B00__inherited_baseline,52.01352951313897,146.21172440373644,inherited_baseline,0,10,,7.129212663975042,0.013552827891842714,116.87329561535007,17.6922700726937,1.7053025658242404e-13,1.9387045606711586e-26,2.8978555666192563e-11,0.006490807891168515,14.465986422416755,132.6670904512919,1.0,0.2766607614998936,True,True,301.1615928036609,301.1831636874321,301.4403165842419,7.045404735077692,6.858338289961608,True,0.2804618121704744,0.013552827891842714,0.0011833686971691626,True,N_ABS_NKCC_S4_PHIGH_KLOW_AE4NA20_P2_H1:B00,results/16_wt_chloride_allocation/wt_roots/N_ABS_NKCC_S4_PHIGH_KLOW_AE4NA20_P2_H1_B00__inherited_baseline.json,AE4NA20,production_radau,WT_ADMISSIBLE,0.9539567821191616,True,,7.9415991195961375,4.8692316565198555,0.2796721916404773,results/14_scale_free_genotype_holdout/trajectories/N_ABS_NKCC_S4_PHIGH_KLOW_AE4NA20_P2_H1_B00_ca0.50_WT_production_radau.json,a36ec3c2470adf2f917e7f46c5443be6da99d8508fca76f2222bee8893655e49,-36.16410287202952,-73.38270073664599,-37.21859786461648,1.2999999999999317,0.10591684348584582,True,True,True,1.0644291289302974
,,,7.378533896987566,,,,,,,True,,0.1,N_ABS_NKCC_S4_PHIGH_KLOW_AE4NA20_P2_H1_B00__share_0.10,,,share_0.10,26,,NUMERICAL_CONTINUATION_FAILURE,,0.013552827891842714,,,,,,,,,0.9123651275481797,,,False,,,,,,,,,,,N_ABS_NKCC_S4_PHIGH_KLOW_AE4NA20_P2_H1:B00,results/16_wt_chloride_allocation/wt_roots/N_ABS_NKCC_S4_PHIGH_KLOW_AE4NA20_P2_H1_B00__share_0.10.json,AE4NA20,production_radau,NOT_RUN_REST_REJECTED,,,0.1,,,,,,,,,,,False,,False,
,,,7.378533896987566,,,,,,,True,,0.25,N_ABS_NKCC_S4_PHIGH_KLOW_AE4NA20_P2_H1_B00__share_0.10,,,share_0.10,26,,NUMERICAL_CONTINUATION_FAILURE,,0.013552827891842714,,,,,,,,,0.9123651275481797,,,False,,,,,,,,,,,N_ABS_NKCC_S4_PHIGH_KLOW_AE4NA20_P2_H1:B00,results/16_wt_chloride_allocation/wt_roots/N_ABS_NKCC_S4_PHIGH_KLOW_AE4NA20_P2_H1_B00__share_0.10.json,AE4NA20,production_radau,NOT_RUN_REST_REJECTED,,,0.1,,,,,,,,,,,False,,False,
,,,7.378533896987566,,,,,,,True,,0.5,N_ABS_NKCC_S4_PHIGH_KLOW_AE4NA20_P2_H1_B00__share_0.10,,,share_0.10,26,,NUMERICAL_CONTINUATION_FAILURE,,0.013552827891842714,,,,,,,,,0.9123651275481797,,,False,,,,,,,,,,,N_ABS_NKCC_S4_PHIGH_KLOW_AE4NA20_P2_H1:B00,results/16_wt_chloride_allocation/wt_roots/N_ABS_NKCC_S4_PHIGH_KLOW_AE4NA20_P2_H1_B00__share_0.10.json,AE4NA20,production_radau,NOT_RUN_REST_REJECTED,,,0.1,,,,,,,,,,,False,,False,
,,,22.135601690962698,,,,,,,True,,0.1,N_ABS_NKCC_S4_PHIGH_KLOW_AE4NA20_P2_H1_B00__share_0.30,,,share_0.30,26,,NUMERICAL_CONTINUATION_FAILURE,,0.013552827891842714,,,,,,,,,0.709617321426362,,,False,,,,,,,,,,,N_ABS_NKCC_S4_PHIGH_KLOW_AE4NA20_P2_H1:B00,results/16_wt_chloride_allocation/wt_roots/N_ABS_NKCC_S4_PHIGH_KLOW_AE4NA20_P2_H1_B00__share_0.30.json,AE4NA20,production_radau,NOT_RUN_REST_REJECTED,,,0.3,,,,,,,,,,,False,,False,
,,,22.135601690962698,,,,,,,True,,0.25,N_ABS_NKCC_S4_PHIGH_KLOW_AE4NA20_P2_H1_B00__share_0.30,,,share_0.30,26,,NUMERICAL_CONTINUATION_FAILURE,,0.013552827891842714,,,,,,,,,0.709617321426362,,,False,,,,,,,,,,,N_ABS_NKCC_S4_PHIGH_KLOW_AE4NA20_P2_H1:B00,results/16_wt_chloride_allocation/wt_roots/N_ABS_NKCC_S4_PHIGH_KLOW_AE4NA20_P2_H1_B00__share_0.30.json,AE4NA20,production_radau,NOT_RUN_REST_REJECTED,,,0.3,,,,,,,,,,,False,,False,
,,,22.135601690962698,,,,,,,True,,0.5,N_ABS_NKCC_S4_PHIGH_KLOW_AE4NA20_P2_H1_B00__share_0.30,,,share_0.30,26,,NUMERICAL_CONTINUATION_FAILURE,,0.013552827891842714,,,,,,,,,0.709617321426362,,,False,,,,,,,,,,,N_ABS_NKCC_S4_PHIGH_KLOW_AE4NA20_P2_H1:B00,results/16_wt_chloride_allocation/wt_roots/N_ABS_NKCC_S4_PHIGH_KLOW_AE4NA20_P2_H1_B00__share_0.30.json,AE4NA20,production_radau,NOT_RUN_REST_REJECTED,,,0.3,,,,,,,,,,,False,,False,
-0.001879082504537062,True,0.9686028013801633,1.0,0.004407693092673928,0.14038491605710185,0.07239630457488788,-0.06798861148221395,0.004407693092673928,0.0313971986198367,True,True,0.1,N_ABS_NKCC_S4_PLOW_KHIGH_AE4NA05_P1_H1_B00__inherited_baseline,52.21277016956934,145.3022861531174,inherited_baseline,0,10,,4.464600569085338,0.018682466119821606,107.77878131867274,23.60561596140796,2.984279490192421e-13,9.693522803355793e-27,6.438100920436174e-11,0.00020961010704922955,18.407742948763282,126.72153017081858,1.0,0.23151903437493176,True,True,301.1615928036609,301.17927321112165,301.39004658710076,6.841704036459819,6.9327689929825125,True,0.23592672746760568,0.018682466119821606,0.0009699389679239973,True,N_ABS_NKCC_S4_PLOW_KHIGH_AE4NA05_P1_H1:B00,results/16_wt_chloride_allocation/wt_roots/N_ABS_NKCC_S4_PLOW_KHIGH_AE4NA05_P1_H1_B00__inherited_baseline.json,AE4NA05,production_radau,WT_ADMISSIBLE,0.9456756879900264,True,,5.275396992992236,5.760614301756793,0.23404764496306862,results/14_scale_free_genotype_holdout/trajectories/N_ABS_NKCC_S4_PLOW_KHIGH_AE4NA05_P1_H1_B00_ca0.10_WT_production_radau.json,8d5ba95fd69a8e9f42d43693dfe8fae29d246e291a640125b0d6fbe4d04210f1,-34.501865042602475,-66.66292026419362,-32.161055221591134,1.2999999999999972,0.10484969483961999,True,True,True,0.7193712867851209
-0.001879082504537062,True,0.9686028013801633,1.0,0.004407693092673928,0.14038491605710185,0.07239630457488788,-0.06798861148221395,0.004407693092673928,0.0313971986198367,True,True,0.25,N_ABS_NKCC_S4_PLOW_KHIGH_AE4NA05_P1_H1_B00__inherited_baseline,52.21277016956934,145.3022861531174,inherited_baseline,0,10,,4.464600569085338,0.018682466119821606,107.77878131867274,23.60561596140796,4.405364961712621e-13,9.693522803355793e-27,6.438100920436174e-11,0.0014601653219870059,18.407742948763282,126.72153017081858,1.0,0.23151903437493176,True,True,301.1615928036609,301.17927321112165,301.39004658710076,6.841704036459819,6.9327689929825125,True,0.23592672746760568,0.018682466119821606,0.0009699389679239973,True,N_ABS_NKCC_S4_PLOW_KHIGH_AE4NA05_P1_H1:B00,results/16_wt_chloride_allocation/wt_roots/N_ABS_NKCC_S4_PLOW_KHIGH_AE4NA05_P1_H1_B00__inherited_baseline.json,AE4NA05,production_radau,WT_ADMISSIBLE,0.8845589262430967,True,,5.275396992992236,5.760614301756793,0.23404764496306862,results/14_scale_free_genotype_holdout/trajectories/N_ABS_NKCC_S4_PLOW_KHIGH_AE4NA05_P1_H1_B00_ca0.25_WT_production_radau.json,26e68f6d9da98f211525901d5d163909924b18f48eca96ad71bba129280fdcb1,-34.501865042602475,-66.66292026419362,-32.161055221591134,1.2999999999999972,0.10484969483961999,True,True,True,0.8200870108901432
-0.001879082504537062,True,0.9686028013801633,1.0,0.004407693092673928,0.14038491605710185,0.07239630457488788,-0.06798861148221395,0.004407693092673928,0.0313971986198367,True,True,0.5,N_ABS_NKCC_S4_PLOW_KHIGH_AE4NA05_P1_H1_B00__inherited_baseline,52.21277016956934,145.3022861531174,inherited_baseline,0,10,,4.464600569085338,0.018682466119821606,107.77878131867274,23.60561596140796,2.2737367544323206e-13,9.693522803355793e-27,6.438100920436174e-11,0.0023590018827235326,18.407742948763282,126.72153017081858,1.0,0.23151903437493176,True,True,301.1615928036609,301.17927321112165,301.39004658710076,6.841704036459819,6.9327689929825125,True,0.23592672746760568,0.018682466119821606,0.0009699389679239973,True,N_ABS_NKCC_S4_PLOW_KHIGH_AE4NA05_P1_H1:B00,results/16_wt_chloride_allocation/wt_roots/N_ABS_NKCC_S4_PLOW_KHIGH_AE4NA05_P1_H1_B00__inherited_baseline.json,AE4NA05,production_radau,WT_ADMISSIBLE,0.8658614710108242,True,,5.275396992992236,5.760614301756793,0.23404764496306862,results/14_scale_free_genotype_holdout/trajectories/N_ABS_NKCC_S4_PLOW_KHIGH_AE4NA05_P1_H1_B00_ca0.50_WT_production_radau.json,cc2dc4369b93adf0f493d07f7a77de57e55e262dee6dd9e23861f8d95fc5d524,-34.501865042602475,-66.66292026419362,-32.161055221591134,1.2999999999999972,0.10484969483961999,True,True,True,0.8475502179636278
,,,5.352612409873589,,,,,,,True,,0.1,N_ABS_NKCC_S4_PLOW_KHIGH_AE4NA05_P1_H1_B00__share_0.10,,,share_0.10,23,,NUMERICAL_CONTINUATION_FAILURE,,0.018682466119821606,,,,,,,,,0.9171343310674938,,,False,,,,,,,,,,,N_ABS_NKCC_S4_PLOW_KHIGH_AE4NA05_P1_H1:B00,results/16_wt_chloride_allocation/wt_roots/N_ABS_NKCC_S4_PLOW_KHIGH_AE4NA05_P1_H1_B00__share_0.10.json,AE4NA05,production_radau,NOT_RUN_REST_REJECTED,,,0.1,,,,,,,,,,,False,,False,
,,,5.352612409873589,,,,,,,True,,0.25,N_ABS_NKCC_S4_PLOW_KHIGH_AE4NA05_P1_H1_B00__share_0.10,,,share_0.10,23,,NUMERICAL_CONTINUATION_FAILURE,,0.018682466119821606,,,,,,,,,0.9171343310674938,,,False,,,,,,,,,,,N_ABS_NKCC_S4_PLOW_KHIGH_AE4NA05_P1_H1:B00,results/16_wt_chloride_allocation/wt_roots/N_ABS_NKCC_S4_PLOW_KHIGH_AE4NA05_P1_H1_B00__share_0.10.json,AE4NA05,production_radau,NOT_RUN_REST_REJECTED,,,0.1,,,,,,,,,,,False,,False,
,,,5.352612409873589,,,,,,,True,,0.5,N_ABS_NKCC_S4_PLOW_KHIGH_AE4NA05_P1_H1_B00__share_0.10,,,share_0.10,23,,NUMERICAL_CONTINUATION_FAILURE,,0.018682466119821606,,,,,,,,,0.9171343310674938,,,False,,,,,,,,,,,N_ABS_NKCC_S4_PLOW_KHIGH_AE4NA05_P1_H1:B00,results/16_wt_chloride_allocation/wt_roots/N_ABS_NKCC_S4_PLOW_KHIGH_AE4NA05_P1_H1_B00__share_0.10.json,AE4NA05,production_radau,NOT_RUN_REST_REJECTED,,,0.1,,,,,,,,,,,False,,False,
,,,16.057837229620766,,,,,,,True,,0.1,N_ABS_NKCC_S4_PLOW_KHIGH_AE4NA05_P1_H1_B00__share_0.30,,,share_0.30,24,,NUMERICAL_CONTINUATION_FAILURE,,0.018682466119821606,,,,,,,,,0.7133267019413839,,,False,,,,,,,,,,,N_ABS_NKCC_S4_PLOW_KHIGH_AE4NA05_P1_H1:B00,results/16_wt_chloride_allocation/wt_roots/N_ABS_NKCC_S4_PLOW_KHIGH_AE4NA05_P1_H1_B00__share_0.30.json,AE4NA05,production_radau,NOT_RUN_REST_REJECTED,,,0.3,,,,,,,,,,,False,,False,
,,,16.057837229620766,,,,,,,True,,0.25,N_ABS_NKCC_S4_PLOW_KHIGH_AE4NA05_P1_H1_B00__share_0.30,,,share_0.30,24,,NUMERICAL_CONTINUATION_FAILURE,,0.018682466119821606,,,,,,,,,0.7133267019413839,,,False,,,,,,,,,,,N_ABS_NKCC_S4_PLOW_KHIGH_AE4NA05_P1_H1:B00,results/16_wt_chloride_allocation/wt_roots/N_ABS_NKCC_S4_PLOW_KHIGH_AE4NA05_P1_H1_B00__share_0.30.json,AE4NA05,production_radau,NOT_RUN_REST_REJECTED,,,0.3,,,,,,,,,,,False,,False,
,,,16.057837229620766,,,,,,,True,,0.5,N_ABS_NKCC_S4_PLOW_KHIGH_AE4NA05_P1_H1_B00__share_0.30,,,share_0.30,24,,NUMERICAL_CONTINUATION_FAILURE,,0.018682466119821606,,,,,,,,,0.7133267019413839,,,False,,,,,,,,,,,N_ABS_NKCC_S4_PLOW_KHIGH_AE4NA05_P1_H1:B00,results/16_wt_chloride_allocation/wt_roots/N_ABS_NKCC_S4_PLOW_KHIGH_AE4NA05_P1_H1_B00__share_0.30.json,AE4NA05,production_radau,NOT_RUN_REST_REJECTED,,,0.3,,,,,,,,,,,False,,False,
-0.0008161273589426067,True,0.9900774081375072,1.0,0.0038151466854192406,0.38449094130742545,0.19415304399642236,-0.19033789731100312,0.0038151466854192406,0.00992259186249276,True,True,0.1,N_ABS_NKCC_S4_PLOW_KHIGH_AE4NA20_P2_H1_B00__inherited_baseline,53.02276689207907,146.0180942184643,inherited_baseline,0,10,,7.188876784913268,0.014125822944054173,118.11570840046096,23.84936333824938,2.1316282072803006e-13,9.693522803355793e-27,1.2674323396355547e-11,1.1934897514720433e-05,14.330572580918796,126.50224248693233,1.0,0.2662679982420845,True,True,301.1615928036609,301.18229138962386,301.42904536580255,7.048271859910505,6.874745333654742,True,0.27008314492750374,0.014125822944054173,0.0011355148432486695,True,N_ABS_NKCC_S4_PLOW_KHIGH_AE4NA20_P2_H1:B00,results/16_wt_chloride_allocation/wt_roots/N_ABS_NKCC_S4_PLOW_KHIGH_AE4NA20_P2_H1_B00__inherited_baseline.json,AE4NA20,production_radau,WT_ADMISSIBLE,0.9896736448646937,True,,8.00272460447838,5.0593453221565055,0.26926701756856114,results/14_scale_free_genotype_holdout/trajectories/N_ABS_NKCC_S4_PLOW_KHIGH_AE4NA20_P2_H1_B00_ca0.10_WT_production_radau.json,1580006faca77e5c44730a82b9aa742c3efb10178480293523babcbc968b1171,-35.29730852512663,-71.32074668811609,-36.02343816298945,1.3000000000000016,0.10567757421624335,True,True,True,0.8570857505364154
-0.0008161273589426067,True,0.9900774081375072,1.0,0.0038151466854192406,0.38449094130742545,0.19415304399642236,-0.19033789731100312,0.0038151466854192406,0.00992259186249276,True,True,0.25,N_ABS_NKCC_S4_PLOW_KHIGH_AE4NA20_P2_H1_B00__inherited_baseline,53.02276689207907,146.0180942184643,inherited_baseline,0,10,,7.188876784913268,0.014125822944054173,118.11570840046096,23.84936333824938,3.979039320256561e-13,9.693522803355793e-27,1.2674323396355547e-11,0.006501466032204917,14.330572580918796,126.50224248693233,1.0,0.2662679982420845,True,True,301.1615928036609,301.18229138962386,301.42904536580255,7.048271859910505,6.874745333654742,True,0.27008314492750374,0.014125822944054173,0.0011355148432486695,True,N_ABS_NKCC_S4_PLOW_KHIGH_AE4NA20_P2_H1:B00,results/16_wt_chloride_allocation/wt_roots/N_ABS_NKCC_S4_PLOW_KHIGH_AE4NA20_P2_H1_B00__inherited_baseline.json,AE4NA20,production_radau,WT_ADMISSIBLE,0.9552310574098919,True,,8.00272460447838,5.0593453221565055,0.26926701756856114,results/14_scale_free_genotype_holdout/trajectories/N_ABS_NKCC_S4_PLOW_KHIGH_AE4NA20_P2_H1_B00_ca0.25_WT_production_radau.json,025c88e81f371501969ae8a8b947e3e74d0fe9562671aa4c4b4ae9dac3a3e0bb,-35.29730852512663,-71.32074668811609,-36.02343816298945,1.3000000000000016,0.10567757421624335,True,True,True,0.9855236092917946
-0.0008161273589426067,True,0.9900774081375072,1.0,0.0038151466854192406,0.38449094130742545,0.19415304399642236,-0.19033789731100312,0.0038151466854192406,0.00992259186249276,True,True,0.5,N_ABS_NKCC_S4_PLOW_KHIGH_AE4NA20_P2_H1_B00__inherited_baseline,53.02276689207907,146.0180942184643,inherited_baseline,0,10,,7.188876784913268,0.014125822944054173,118.11570840046096,23.84936333824938,3.836930773104541e-13,9.693522803355793e-27,1.2674323396355547e-11,0.006515676886920119,14.330572580918796,126.50224248693233,1.0,0.2662679982420845,True,True,301.1615928036609,301.18229138962386,301.42904536580255,7.048271859910505,6.874745333654742,True,0.27008314492750374,0.014125822944054173,0.0011355148432486695,True,N_ABS_NKCC_S4_PLOW_KHIGH_AE4NA20_P2_H1:B00,results/16_wt_chloride_allocation/wt_roots/N_ABS_NKCC_S4_PLOW_KHIGH_AE4NA20_P2_H1_B00__inherited_baseline.json,AE4NA20,production_radau,WT_ADMISSIBLE,0.9435250490490213,True,,8.00272460447838,5.0593453221565055,0.26926701756856114,results/14_scale_free_genotype_holdout/trajectories/N_ABS_NKCC_S4_PLOW_KHIGH_AE4NA20_P2_H1_B00_ca0.50_WT_production_radau.json,ce814e162d2f653f9ef846eaa45fd424404faecaaf7266b07ac4d9286e93dc94,-35.29730852512663,-71.32074668811609,-36.02343816298945,1.3000000000000016,0.10567757421624335,True,True,True,1.022724091653633
,,,7.079233570748662,,,,,,,True,,0.1,N_ABS_NKCC_S4_PLOW_KHIGH_AE4NA20_P2_H1_B00__share_0.10,,,share_0.10,28,,NUMERICAL_CONTINUATION_FAILURE,,0.014125822944054173,,,,,,,,,0.912895398769459,,,False,,,,,,,,,,,N_ABS_NKCC_S4_PLOW_KHIGH_AE4NA20_P2_H1:B00,results/16_wt_chloride_allocation/wt_roots/N_ABS_NKCC_S4_PLOW_KHIGH_AE4NA20_P2_H1_B00__share_0.10.json,AE4NA20,production_radau,NOT_RUN_REST_REJECTED,,,0.1,,,,,,,,,,,False,,False,
,,,7.079233570748662,,,,,,,True,,0.25,N_ABS_NKCC_S4_PLOW_KHIGH_AE4NA20_P2_H1_B00__share_0.10,,,share_0.10,28,,NUMERICAL_CONTINUATION_FAILURE,,0.014125822944054173,,,,,,,,,0.912895398769459,,,False,,,,,,,,,,,N_ABS_NKCC_S4_PLOW_KHIGH_AE4NA20_P2_H1:B00,results/16_wt_chloride_allocation/wt_roots/N_ABS_NKCC_S4_PLOW_KHIGH_AE4NA20_P2_H1_B00__share_0.10.json,AE4NA20,production_radau,NOT_RUN_REST_REJECTED,,,0.1,,,,,,,,,,,False,,False,
,,,7.079233570748662,,,,,,,True,,0.5,N_ABS_NKCC_S4_PLOW_KHIGH_AE4NA20_P2_H1_B00__share_0.10,,,share_0.10,28,,NUMERICAL_CONTINUATION_FAILURE,,0.014125822944054173,,,,,,,,,0.912895398769459,,,False,,,,,,,,,,,N_ABS_NKCC_S4_PLOW_KHIGH_AE4NA20_P2_H1:B00,results/16_wt_chloride_allocation/wt_roots/N_ABS_NKCC_S4_PLOW_KHIGH_AE4NA20_P2_H1_B00__share_0.10.json,AE4NA20,production_radau,NOT_RUN_REST_REJECTED,,,0.1,,,,,,,,,,,False,,False,
,,,21.237700712245985,,,,,,,True,,0.1,N_ABS_NKCC_S4_PLOW_KHIGH_AE4NA20_P2_H1_B00__share_0.30,,,share_0.30,20,,NUMERICAL_CONTINUATION_FAILURE,,0.014125822944054173,,,,,,,,,0.7100297545984682,,,False,,,,,,,,,,,N_ABS_NKCC_S4_PLOW_KHIGH_AE4NA20_P2_H1:B00,results/16_wt_chloride_allocation/wt_roots/N_ABS_NKCC_S4_PLOW_KHIGH_AE4NA20_P2_H1_B00__share_0.30.json,AE4NA20,production_radau,NOT_RUN_REST_REJECTED,,,0.3,,,,,,,,,,,False,,False,
,,,21.237700712245985,,,,,,,True,,0.25,N_ABS_NKCC_S4_PLOW_KHIGH_AE4NA20_P2_H1_B00__share_0.30,,,share_0.30,20,,NUMERICAL_CONTINUATION_FAILURE,,0.014125822944054173,,,,,,,,,0.7100297545984682,,,False,,,,,,,,,,,N_ABS_NKCC_S4_PLOW_KHIGH_AE4NA20_P2_H1:B00,results/16_wt_chloride_allocation/wt_roots/N_ABS_NKCC_S4_PLOW_KHIGH_AE4NA20_P2_H1_B00__share_0.30.json,AE4NA20,production_radau,NOT_RUN_REST_REJECTED,,,0.3,,,,,,,,,,,False,,False,
,,,21.237700712245985,,,,,,,True,,0.5,N_ABS_NKCC_S4_PLOW_KHIGH_AE4NA20_P2_H1_B00__share_0.30,,,share_0.30,20,,NUMERICAL_CONTINUATION_FAILURE,,0.014125822944054173,,,,,,,,,0.7100297545984682,,,False,,,,,,,,,,,N_ABS_NKCC_S4_PLOW_KHIGH_AE4NA20_P2_H1:B00,results/16_wt_chloride_allocation/wt_roots/N_ABS_NKCC_S4_PLOW_KHIGH_AE4NA20_P2_H1_B00__share_0.30.json,AE4NA20,production_radau,NOT_RUN_REST_REJECTED,,,0.3,,,,,,,,,,,False,,False,
-0.0018582204249246942,True,0.9682101203346832,1.0,0.0043934036073688815,0.13820132864995244,0.07129736612866065,-0.06690396252129177,0.0043934036073688815,0.03178987966531676,True,True,0.1,N_ABS_NKCC_S4_PLOW_KLOW_AE4NA05_P1_H1_B00__inherited_baseline,51.450651483083206,145.56561728606735,inherited_baseline,0,10,,4.4423140329245765,0.018205309021634093,106.57053590437759,19.865343085254178,1.7053025658242404e-13,1.9387045606711586e-26,1.0542131403945554e-10,0.00022737367544323203,18.801211031536752,130.46157838609733,1.0,0.23693200329168598,True,True,301.1615928036609,301.1792781438742,301.3901103246581,6.83934235228688,6.909226229149555,True,0.24132540689905485,0.018205309021634093,0.0009702095764451274,True,N_ABS_NKCC_S4_PLOW_KLOW_AE4NA05_P1_H1:B00,results/16_wt_chloride_allocation/wt_roots/N_ABS_NKCC_S4_PLOW_KLOW_AE4NA05_P1_H1_B00__inherited_baseline.json,AE4NA05,production_radau,WT_ADMISSIBLE,0.9476156306902852,True,,5.253445313305777,5.497571567239231,0.23946718647413015,results/14_scale_free_genotype_holdout/trajectories/N_ABS_NKCC_S4_PLOW_KLOW_AE4NA05_P1_H1_B00_ca0.10_WT_production_radau.json,fd7a00ce553e6be6a14b46e0565b4b0a9c1421a34fe74b558be73f984a3784ec,-35.108749747102394,-69.19925918673972,-34.09050943963732,1.2999999999999794,0.10485104788222564,True,True,True,0.7144120704854355
-0.0018582204249246942,True,0.9682101203346832,1.0,0.0043934036073688815,0.13820132864995244,0.07129736612866065,-0.06690396252129177,0.0043934036073688815,0.03178987966531676,True,True,0.25,N_ABS_NKCC_S4_PLOW_KLOW_AE4NA05_P1_H1_B00__inherited_baseline,51.450651483083206,145.56561728606735,inherited_baseline,0,10,,4.4423140329245765,0.018205309021634093,106.57053590437759,19.865343085254178,1.2789769243681803e-13,1.9387045606711586e-26,1.0542131403945554e-10,0.001319833131674386,18.801211031536752,130.46157838609733,1.0,0.23693200329168598,True,True,301.1615928036609,301.1792781438742,301.3901103246581,6.83934235228688,6.909226229149555,True,0.24132540689905485,0.018205309021634093,0.0009702095764451274,True,N_ABS_NKCC_S4_PLOW_KLOW_AE4NA05_P1_H1:B00,results/16_wt_chloride_allocation/wt_roots/N_ABS_NKCC_S4_PLOW_KLOW_AE4NA05_P1_H1_B00__inherited_baseline.json,AE4NA05,production_radau,WT_ADMISSIBLE,0.89273849293687,True,,5.253445313305777,5.497571567239231,0.23946718647413015,results/14_scale_free_genotype_holdout/trajectories/N_ABS_NKCC_S4_PLOW_KLOW_AE4NA05_P1_H1_B00_ca0.25_WT_production_radau.json,ad752f7ebdd8442eb41a5ee6bf65595a07f6bdaf87a1ce4009d885380baa1d00,-35.108749747102394,-69.19925918673972,-34.09050943963732,1.2999999999999794,0.10485104788222564,True,True,True,0.8131019511579796
-0.0018582204249246942,True,0.9682101203346832,1.0,0.0043934036073688815,0.13820132864995244,0.07129736612866065,-0.06690396252129177,0.0043934036073688815,0.03178987966531676,True,True,0.5,N_ABS_NKCC_S4_PLOW_KLOW_AE4NA05_P1_H1_B00__inherited_baseline,51.450651483083206,145.56561728606735,inherited_baseline,0,10,,4.4423140329245765,0.018205309021634093,106.57053590437759,19.865343085254178,1.2789769243681803e-13,1.9387045606711586e-26,1.0542131403945554e-10,0.0020303758674344863,18.801211031536752,130.46157838609733,1.0,0.23693200329168598,True,True,301.1615928036609,301.1792781438742,301.3901103246581,6.83934235228688,6.909226229149555,True,0.24132540689905485,0.018205309021634093,0.0009702095764451274,True,N_ABS_NKCC_S4_PLOW_KLOW_AE4NA05_P1_H1:B00,results/16_wt_chloride_allocation/wt_roots/N_ABS_NKCC_S4_PLOW_KLOW_AE4NA05_P1_H1_B00__inherited_baseline.json,AE4NA05,production_radau,WT_ADMISSIBLE,0.8758270198437128,True,,5.253445313305777,5.497571567239231,0.23946718647413015,results/14_scale_free_genotype_holdout/trajectories/N_ABS_NKCC_S4_PLOW_KLOW_AE4NA05_P1_H1_B00_ca0.50_WT_production_radau.json,c16507f2dba3ed380a1e7629ade0beedefa700f83164f56e2f3cedb89d547c59,-35.108749747102394,-69.19925918673972,-34.09050943963732,1.2999999999999794,0.10485104788222564,True,True,True,0.8407160503792998
,,,5.4929031900071585,,,,,,,True,,0.1,N_ABS_NKCC_S4_PLOW_KLOW_AE4NA05_P1_H1_B00__share_0.10,,,share_0.10,27,,NUMERICAL_CONTINUATION_FAILURE,,0.018205309021634093,,,,,,,,,0.9166885992255093,,,False,,,,,,,,,,,N_ABS_NKCC_S4_PLOW_KLOW_AE4NA05_P1_H1:B00,results/16_wt_chloride_allocation/wt_roots/N_ABS_NKCC_S4_PLOW_KLOW_AE4NA05_P1_H1_B00__share_0.10.json,AE4NA05,production_radau,NOT_RUN_REST_REJECTED,,,0.1,,,,,,,,,,,False,,False,
,,,5.4929031900071585,,,,,,,True,,0.25,N_ABS_NKCC_S4_PLOW_KLOW_AE4NA05_P1_H1_B00__share_0.10,,,share_0.10,27,,NUMERICAL_CONTINUATION_FAILURE,,0.018205309021634093,,,,,,,,,0.9166885992255093,,,False,,,,,,,,,,,N_ABS_NKCC_S4_PLOW_KLOW_AE4NA05_P1_H1:B00,results/16_wt_chloride_allocation/wt_roots/N_ABS_NKCC_S4_PLOW_KLOW_AE4NA05_P1_H1_B00__share_0.10.json,AE4NA05,production_radau,NOT_RUN_REST_REJECTED,,,0.1,,,,,,,,,,,False,,False,
,,,5.4929031900071585,,,,,,,True,,0.5,N_ABS_NKCC_S4_PLOW_KLOW_AE4NA05_P1_H1_B00__share_0.10,,,share_0.10,27,,NUMERICAL_CONTINUATION_FAILURE,,0.018205309021634093,,,,,,,,,0.9166885992255093,,,False,,,,,,,,,,,N_ABS_NKCC_S4_PLOW_KLOW_AE4NA05_P1_H1:B00,results/16_wt_chloride_allocation/wt_roots/N_ABS_NKCC_S4_PLOW_KLOW_AE4NA05_P1_H1_B00__share_0.10.json,AE4NA05,production_radau,NOT_RUN_REST_REJECTED,,,0.1,,,,,,,,,,,False,,False,
,,,16.478709570021472,,,,,,,True,,0.1,N_ABS_NKCC_S4_PLOW_KLOW_AE4NA05_P1_H1_B00__share_0.30,,,share_0.30,22,,NUMERICAL_CONTINUATION_FAILURE,,0.018205309021634093,,,,,,,,,0.7129800216198404,,,False,,,,,,,,,,,N_ABS_NKCC_S4_PLOW_KLOW_AE4NA05_P1_H1:B00,results/16_wt_chloride_allocation/wt_roots/N_ABS_NKCC_S4_PLOW_KLOW_AE4NA05_P1_H1_B00__share_0.30.json,AE4NA05,production_radau,NOT_RUN_REST_REJECTED,,,0.3,,,,,,,,,,,False,,False,
,,,16.478709570021472,,,,,,,True,,0.25,N_ABS_NKCC_S4_PLOW_KLOW_AE4NA05_P1_H1_B00__share_0.30,,,share_0.30,22,,NUMERICAL_CONTINUATION_FAILURE,,0.018205309021634093,,,,,,,,,0.7129800216198404,,,False,,,,,,,,,,,N_ABS_NKCC_S4_PLOW_KLOW_AE4NA05_P1_H1:B00,results/16_wt_chloride_allocation/wt_roots/N_ABS_NKCC_S4_PLOW_KLOW_AE4NA05_P1_H1_B00__share_0.30.json,AE4NA05,production_radau,NOT_RUN_REST_REJECTED,,,0.3,,,,,,,,,,,False,,False,
,,,16.478709570021472,,,,,,,True,,0.5,N_ABS_NKCC_S4_PLOW_KLOW_AE4NA05_P1_H1_B00__share_0.30,,,share_0.30,22,,NUMERICAL_CONTINUATION_FAILURE,,0.018205309021634093,,,,,,,,,0.7129800216198404,,,False,,,,,,,,,,,N_ABS_NKCC_S4_PLOW_KLOW_AE4NA05_P1_H1:B00,results/16_wt_chloride_allocation/wt_roots/N_ABS_NKCC_S4_PLOW_KLOW_AE4NA05_P1_H1_B00__share_0.30.json,AE4NA05,production_radau,NOT_RUN_REST_REJECTED,,,0.3,,,,,,,,,,,False,,False,
-0.0008069417951530902,True,0.990051451798146,1.0,0.003810335683030408,0.38300419374962824,0.19340726471632932,-0.18959692903329892,0.003810335683030408,0.009948548201854007,True,True,0.1,N_ABS_NKCC_S4_PLOW_KLOW_AE4NA20_P2_H1_B00__inherited_baseline,52.65882312366784,146.2253556949718,inherited_baseline,0,10,,7.166525854253288,0.013925033207822955,117.64746639115623,19.7647066236868,1.4210854715202004e-13,2.908056841006738e-26,8.265957363029486e-12,1.4210854715202002e-05,14.39203025946811,130.58500557170842,1.0,0.2698217358649065,True,True,301.1615928036609,301.182090265827,301.4264465856314,7.046728923589141,6.852669010332151,True,0.2736320715479369,0.013925033207822955,0.0011244812848672265,True,N_ABS_NKCC_S4_PLOW_KLOW_AE4NA20_P2_H1:B00,results/16_wt_chloride_allocation/wt_roots/N_ABS_NKCC_S4_PLOW_KLOW_AE4NA20_P2_H1_B00__inherited_baseline.json,AE4NA20,production_radau,WT_ADMISSIBLE,0.9895332367631307,True,,7.980702346709644,4.851378695264425,0.2728251297527838,results/14_scale_free_genotype_holdout/trajectories/N_ABS_NKCC_S4_PLOW_KLOW_AE4NA20_P2_H1_B00_ca0.10_WT_production_radau.json,38823cc04b0eb245249c7ca25d00a943eb9923034251da5ad18eae16e1ffaaf4,-35.6279587834524,-73.51855157662538,-37.890592793172985,1.2999999999999685,0.10562240642433614,True,True,True,0.8423894529923357
-0.0008069417951530902,True,0.990051451798146,1.0,0.003810335683030408,0.38300419374962824,0.19340726471632932,-0.18959692903329892,0.003810335683030408,0.009948548201854007,True,True,0.25,N_ABS_NKCC_S4_PLOW_KLOW_AE4NA20_P2_H1_B00__inherited_baseline,52.65882312366784,146.2253556949718,inherited_baseline,0,10,,7.166525854253288,0.013925033207822955,117.64746639115623,19.7647066236868,1.4210854715202004e-13,2.908056841006738e-26,8.265957363029486e-12,0.006448175327022909,14.39203025946811,130.58500557170842,1.0,0.2698217358649065,True,True,301.1615928036609,301.182090265827,301.4264465856314,7.046728923589141,6.852669010332151,True,0.2736320715479369,0.013925033207822955,0.0011244812848672265,True,N_ABS_NKCC_S4_PLOW_KLOW_AE4NA20_P2_H1:B00,results/16_wt_chloride_allocation/wt_roots/N_ABS_NKCC_S4_PLOW_KLOW_AE4NA20_P2_H1_B00__inherited_baseline.json,AE4NA20,production_radau,WT_ADMISSIBLE,0.9591981778906941,True,,7.980702346709644,4.851378695264425,0.2728251297527838,results/14_scale_free_genotype_holdout/trajectories/N_ABS_NKCC_S4_PLOW_KLOW_AE4NA20_P2_H1_B00_ca0.25_WT_production_radau.json,3ef9fc2b214b6477e89fa8967499793c48c282d0d20cbebaaa2661beee3cb09e,-35.6279587834524,-73.51855157662538,-37.890592793172985,1.2999999999999685,0.10562240642433614,True,True,True,0.9710470450039473
-0.0008069417951530902,True,0.990051451798146,1.0,0.003810335683030408,0.38300419374962824,0.19340726471632932,-0.18959692903329892,0.003810335683030408,0.009948548201854007,True,True,0.5,N_ABS_NKCC_S4_PLOW_KLOW_AE4NA20_P2_H1_B00__inherited_baseline,52.65882312366784,146.2253556949718,inherited_baseline,0,10,,7.166525854253288,0.013925033207822955,117.64746639115623,19.7647066236868,1.8474111129762605e-13,2.908056841006738e-26,8.265957363029486e-12,0.006512124173241318,14.39203025946811,130.58500557170842,1.0,0.2698217358649065,True,True,301.1615928036609,301.182090265827,301.4264465856314,7.046728923589141,6.852669010332151,True,0.2736320715479369,0.013925033207822955,0.0011244812848672265,True,N_ABS_NKCC_S4_PLOW_KLOW_AE4NA20_P2_H1:B00,results/16_wt_chloride_allocation/wt_roots/N_ABS_NKCC_S4_PLOW_KLOW_AE4NA20_P2_H1_B00__inherited_baseline.json,AE4NA20,production_radau,WT_ADMISSIBLE,0.9491165579339452,True,,7.980702346709644,4.851378695264425,0.2728251297527838,results/14_scale_free_genotype_holdout/trajectories/N_ABS_NKCC_S4_PLOW_KLOW_AE4NA20_P2_H1_B00_ca0.50_WT_production_radau.json,c3ba185ef5d545cbbc98f5f329b04a9da90af45c69ef680d876379679fddfec6,-35.6279587834524,-73.51855157662538,-37.890592793172985,1.2999999999999685,0.10562240642433614,True,True,True,1.01031913782588
,,,7.181311420056143,,,,,,,True,,0.1,N_ABS_NKCC_S4_PLOW_KLOW_AE4NA20_P2_H1_B00__share_0.10,,,share_0.10,26,,NUMERICAL_CONTINUATION_FAILURE,,0.013925033207822955,,,,,,,,,0.9127095102391763,,,False,,,,,,,,,,,N_ABS_NKCC_S4_PLOW_KLOW_AE4NA20_P2_H1:B00,results/16_wt_chloride_allocation/wt_roots/N_ABS_NKCC_S4_PLOW_KLOW_AE4NA20_P2_H1_B00__share_0.10.json,AE4NA20,production_radau,NOT_RUN_REST_REJECTED,,,0.1,,,,,,,,,,,False,,False,
,,,7.181311420056143,,,,,,,True,,0.25,N_ABS_NKCC_S4_PLOW_KLOW_AE4NA20_P2_H1_B00__share_0.10,,,share_0.10,26,,NUMERICAL_CONTINUATION_FAILURE,,0.013925033207822955,,,,,,,,,0.9127095102391763,,,False,,,,,,,,,,,N_ABS_NKCC_S4_PLOW_KLOW_AE4NA20_P2_H1:B00,results/16_wt_chloride_allocation/wt_roots/N_ABS_NKCC_S4_PLOW_KLOW_AE4NA20_P2_H1_B00__share_0.10.json,AE4NA20,production_radau,NOT_RUN_REST_REJECTED,,,0.1,,,,,,,,,,,False,,False,
,,,7.181311420056143,,,,,,,True,,0.5,N_ABS_NKCC_S4_PLOW_KLOW_AE4NA20_P2_H1_B00__share_0.10,,,share_0.10,26,,NUMERICAL_CONTINUATION_FAILURE,,0.013925033207822955,,,,,,,,,0.9127095102391763,,,False,,,,,,,,,,,N_ABS_NKCC_S4_PLOW_KLOW_AE4NA20_P2_H1:B00,results/16_wt_chloride_allocation/wt_roots/N_ABS_NKCC_S4_PLOW_KLOW_AE4NA20_P2_H1_B00__share_0.10.json,AE4NA20,production_radau,NOT_RUN_REST_REJECTED,,,0.1,,,,,,,,,,,False,,False,
,,,21.543934260168424,,,,,,,True,,0.1,N_ABS_NKCC_S4_PLOW_KLOW_AE4NA20_P2_H1_B00__share_0.30,,,share_0.30,18,,NUMERICAL_CONTINUATION_FAILURE,,0.013925033207822955,,,,,,,,,0.7098851746304704,,,False,,,,,,,,,,,N_ABS_NKCC_S4_PLOW_KLOW_AE4NA20_P2_H1:B00,results/16_wt_chloride_allocation/wt_roots/N_ABS_NKCC_S4_PLOW_KLOW_AE4NA20_P2_H1_B00__share_0.30.json,AE4NA20,production_radau,NOT_RUN_REST_REJECTED,,,0.3,,,,,,,,,,,False,,False,
,,,21.543934260168424,,,,,,,True,,0.25,N_ABS_NKCC_S4_PLOW_KLOW_AE4NA20_P2_H1_B00__share_0.30,,,share_0.30,18,,NUMERICAL_CONTINUATION_FAILURE,,0.013925033207822955,,,,,,,,,0.7098851746304704,,,False,,,,,,,,,,,N_ABS_NKCC_S4_PLOW_KLOW_AE4NA20_P2_H1:B00,results/16_wt_chloride_allocation/wt_roots/N_ABS_NKCC_S4_PLOW_KLOW_AE4NA20_P2_H1_B00__share_0.30.json,AE4NA20,production_radau,NOT_RUN_REST_REJECTED,,,0.3,,,,,,,,,,,False,,False,
,,,21.543934260168424,,,,,,,True,,0.5,N_ABS_NKCC_S4_PLOW_KLOW_AE4NA20_P2_H1_B00__share_0.30,,,share_0.30,18,,NUMERICAL_CONTINUATION_FAILURE,,0.013925033207822955,,,,,,,,,0.7098851746304704,,,False,,,,,,,,,,,N_ABS_NKCC_S4_PLOW_KLOW_AE4NA20_P2_H1:B00,results/16_wt_chloride_allocation/wt_roots/N_ABS_NKCC_S4_PLOW_KLOW_AE4NA20_P2_H1_B00__share_0.30.json,AE4NA20,production_radau,NOT_RUN_REST_REJECTED,,,0.3,,,,,,,,,,,False,,False,
-0.0018594864525171612,True,0.9682554781360532,1.0,0.004394412409467793,0.13843057483435128,0.07141249362190953,-0.06701808121244174,0.004394412409467793,0.031744521863946835,True,True,0.1,N_ABS_NKCC_S4_PNOM_KMID_AE4NA05_P1_H1_B00__inherited_baseline,51.49828391087373,145.44415577398036,inherited_baseline,0,10,,4.443814593604029,0.018212072945510235,106.67761375937039,21.37786881434762,3.836930773104541e-13,4.8467614016778965e-26,9.28814317124882e-11,0.00023447910280083303,18.75000344655174,128.95259904600937,1.0,0.23689675870629107,True,True,301.1615928036609,301.1796606810283,301.39505320057026,6.839866620914312,6.921669926091222,True,0.24129117111575887,0.018212072945510235,0.0009911953876181572,True,N_ABS_NKCC_S4_PNOM_KMID_AE4NA05_P1_H1:B00,results/16_wt_chloride_allocation/wt_roots/N_ABS_NKCC_S4_PNOM_KMID_AE4NA05_P1_H1_B00__inherited_baseline.json,AE4NA05,production_radau,WT_ADMISSIBLE,0.9479985326368063,True,,5.254244663275258,5.620429566232922,0.23943168466324172,results/14_scale_free_genotype_holdout/trajectories/N_ABS_NKCC_S4_PNOM_KMID_AE4NA05_P1_H1_B00_ca0.10_WT_production_radau.json,05e95b9dc2f17a5e30bb7882cc9b052d9f94837e3994fa6f430b6143ae09c8b2,-35.06062347126671,-68.02722748180626,-32.966604010539555,1.2999999999999954,0.10495597693809079,True,True,True,0.7313940367671029
-0.0018594864525171612,True,0.9682554781360532,1.0,0.004394412409467793,0.13843057483435128,0.07141249362190953,-0.06701808121244174,0.004394412409467793,0.031744521863946835,True,True,0.25,N_ABS_NKCC_S4_PNOM_KMID_AE4NA05_P1_H1_B00__inherited_baseline,51.49828391087373,145.44415577398036,inherited_baseline,0,10,,4.443814593604029,0.018212072945510235,106.67761375937039,21.37786881434762,3.552713678800501e-13,4.8467614016778965e-26,9.28814317124882e-11,0.0014122036873231991,18.75000344655174,128.95259904600937,1.0,0.23689675870629107,True,True,301.1615928036609,301.1796606810283,301.39505320057026,6.839866620914312,6.921669926091222,True,0.24129117111575887,0.018212072945510235,0.0009911953876181572,True,N_ABS_NKCC_S4_PNOM_KMID_AE4NA05_P1_H1:B00,results/16_wt_chloride_allocation/wt_roots/N_ABS_NKCC_S4_PNOM_KMID_AE4NA05_P1_H1_B00__inherited_baseline.json,AE4NA05,production_radau,WT_ADMISSIBLE,0.8906298530131732,True,,5.254244663275258,5.620429566232922,0.23943168466324172,results/14_scale_free_genotype_holdout/trajectories/N_ABS_NKCC_S4_PNOM_KMID_AE4NA05_P1_H1_B00_ca0.25_WT_production_radau.json,e5904ee72186eb909154af52d563ea45548306e3306e6c431ef96b74285376a8,-35.06062347126671,-68.02722748180626,-32.966604010539555,1.2999999999999954,0.10495597693809079,True,True,True,0.8310357738976427
-0.0018594864525171612,True,0.9682554781360532,1.0,0.004394412409467793,0.13843057483435128,0.07141249362190953,-0.06701808121244174,0.004394412409467793,0.031744521863946835,True,True,0.5,N_ABS_NKCC_S4_PNOM_KMID_AE4NA05_P1_H1_B00__inherited_baseline,51.49828391087373,145.44415577398036,inherited_baseline,0,10,,4.443814593604029,0.018212072945510235,106.67761375937039,21.37786881434762,2.7000623958883807e-13,4.8467614016778965e-26,9.28814317124882e-11,0.0022080115513745113,18.75000344655174,128.95259904600937,1.0,0.23689675870629107,True,True,301.1615928036609,301.1796606810283,301.39505320057026,6.839866620914312,6.921669926091222,True,0.24129117111575887,0.018212072945510235,0.0009911953876181572,True,N_ABS_NKCC_S4_PNOM_KMID_AE4NA05_P1_H1:B00,results/16_wt_chloride_allocation/wt_roots/N_ABS_NKCC_S4_PNOM_KMID_AE4NA05_P1_H1_B00__inherited_baseline.json,AE4NA05,production_radau,WT_ADMISSIBLE,0.8729087468513895,True,,5.254244663275258,5.620429566232922,0.23943168466324172,results/14_scale_free_genotype_holdout/trajectories/N_ABS_NKCC_S4_PNOM_KMID_AE4NA05_P1_H1_B00_ca0.50_WT_production_radau.json,f6d2af8bf1b84ca9017bddac390aaa367cc5d62c054b73a6c73becd3f7b67874,-35.06062347126671,-68.02722748180626,-32.966604010539555,1.2999999999999954,0.10495597693809079,True,True,True,0.858347125221013
,,,5.4908631378314725,,,,,,,True,,0.1,N_ABS_NKCC_S4_PNOM_KMID_AE4NA05_P1_H1_B00__share_0.10,,,share_0.10,27,,NUMERICAL_CONTINUATION_FAILURE,,0.018212072945510235,,,,,,,,,0.9166949146544654,,,False,,,,,,,,,,,N_ABS_NKCC_S4_PNOM_KMID_AE4NA05_P1_H1:B00,results/16_wt_chloride_allocation/wt_roots/N_ABS_NKCC_S4_PNOM_KMID_AE4NA05_P1_H1_B00__share_0.10.json,AE4NA05,production_radau,NOT_RUN_REST_REJECTED,,,0.1,,,,,,,,,,,False,,False,
,,,5.4908631378314725,,,,,,,True,,0.25,N_ABS_NKCC_S4_PNOM_KMID_AE4NA05_P1_H1_B00__share_0.10,,,share_0.10,27,,NUMERICAL_CONTINUATION_FAILURE,,0.018212072945510235,,,,,,,,,0.9166949146544654,,,False,,,,,,,,,,,N_ABS_NKCC_S4_PNOM_KMID_AE4NA05_P1_H1:B00,results/16_wt_chloride_allocation/wt_roots/N_ABS_NKCC_S4_PNOM_KMID_AE4NA05_P1_H1_B00__share_0.10.json,AE4NA05,production_radau,NOT_RUN_REST_REJECTED,,,0.1,,,,,,,,,,,False,,False,
,,,5.4908631378314725,,,,,,,True,,0.5,N_ABS_NKCC_S4_PNOM_KMID_AE4NA05_P1_H1_B00__share_0.10,,,share_0.10,27,,NUMERICAL_CONTINUATION_FAILURE,,0.018212072945510235,,,,,,,,,0.9166949146544654,,,False,,,,,,,,,,,N_ABS_NKCC_S4_PNOM_KMID_AE4NA05_P1_H1:B00,results/16_wt_chloride_allocation/wt_roots/N_ABS_NKCC_S4_PNOM_KMID_AE4NA05_P1_H1_B00__share_0.10.json,AE4NA05,production_radau,NOT_RUN_REST_REJECTED,,,0.1,,,,,,,,,,,False,,False,
,,,16.47258941349442,,,,,,,True,,0.1,N_ABS_NKCC_S4_PNOM_KMID_AE4NA05_P1_H1_B00__share_0.30,,,share_0.30,20,,NUMERICAL_CONTINUATION_FAILURE,,0.018212072945510235,,,,,,,,,0.7129849336201397,,,False,,,,,,,,,,,N_ABS_NKCC_S4_PNOM_KMID_AE4NA05_P1_H1:B00,results/16_wt_chloride_allocation/wt_roots/N_ABS_NKCC_S4_PNOM_KMID_AE4NA05_P1_H1_B00__share_0.30.json,AE4NA05,production_radau,NOT_RUN_REST_REJECTED,,,0.3,,,,,,,,,,,False,,False,
,,,16.47258941349442,,,,,,,True,,0.25,N_ABS_NKCC_S4_PNOM_KMID_AE4NA05_P1_H1_B00__share_0.30,,,share_0.30,20,,NUMERICAL_CONTINUATION_FAILURE,,0.018212072945510235,,,,,,,,,0.7129849336201397,,,False,,,,,,,,,,,N_ABS_NKCC_S4_PNOM_KMID_AE4NA05_P1_H1:B00,results/16_wt_chloride_allocation/wt_roots/N_ABS_NKCC_S4_PNOM_KMID_AE4NA05_P1_H1_B00__share_0.30.json,AE4NA05,production_radau,NOT_RUN_REST_REJECTED,,,0.3,,,,,,,,,,,False,,False,
,,,16.47258941349442,,,,,,,True,,0.5,N_ABS_NKCC_S4_PNOM_KMID_AE4NA05_P1_H1_B00__share_0.30,,,share_0.30,20,,NUMERICAL_CONTINUATION_FAILURE,,0.018212072945510235,,,,,,,,,0.7129849336201397,,,False,,,,,,,,,,,N_ABS_NKCC_S4_PNOM_KMID_AE4NA05_P1_H1:B00,results/16_wt_chloride_allocation/wt_roots/N_ABS_NKCC_S4_PNOM_KMID_AE4NA05_P1_H1_B00__share_0.30.json,AE4NA05,production_radau,NOT_RUN_REST_REJECTED,,,0.3,,,,,,,,,,,False,,False,
-0.0008003304972374787,True,0.990039807210617,1.0,0.0038066772351557643,0.3821891117623234,0.19299789449873958,-0.18919121726358382,0.0038066772351557643,0.00996019278938294,True,True,0.1,N_ABS_NKCC_S4_PNOM_KMID_AE4NA20_P2_H1_B00__inherited_baseline,52.415463080722006,146.1290855332081,inherited_baseline,0,10,,7.152797116456394,0.013778519537944704,117.36523032014148,21.17737648490521,3.836930773104541e-13,1.2924697071141057e-26,8.903468240450962e-12,1.0658141036401503e-05,14.4148122053577,129.17904402621545,1.0,0.2724695384114197,True,True,301.1615928036609,301.1828325439069,301.43603778063624,7.046551760952452,6.865602985348553,True,0.27627621564657545,0.013778519537944704,0.0011652023166842885,True,N_ABS_NKCC_S4_PNOM_KMID_AE4NA20_P2_H1:B00,results/16_wt_chloride_allocation/wt_roots/N_ABS_NKCC_S4_PNOM_KMID_AE4NA20_P2_H1_B00__inherited_baseline.json,AE4NA20,production_radau,WT_ADMISSIBLE,0.991807781460098,True,,7.965742213993891,4.950531736307492,0.27547588514933796,results/14_scale_free_genotype_holdout/trajectories/N_ABS_NKCC_S4_PNOM_KMID_AE4NA20_P2_H1_B00_ca0.10_WT_production_radau.json,c79f81f0becfbeb340f7ed52878ace35915690e9eb7d13ddbe3a92d465e210f1,-35.815108746982744,-72.49156472427332,-36.67645597729057,1.3000000000000427,0.10582601158342145,True,True,True,0.8767819988230405
-0.0008003304972374787,True,0.990039807210617,1.0,0.0038066772351557643,0.3821891117623234,0.19299789449873958,-0.18919121726358382,0.0038066772351557643,0.00996019278938294,True,True,0.25,N_ABS_NKCC_S4_PNOM_KMID_AE4NA20_P2_H1_B00__inherited_baseline,52.415463080722006,146.1290855332081,inherited_baseline,0,10,,7.152797116456394,0.013778519537944704,117.36523032014148,21.17737648490521,6.394884621840902e-13,1.2924697071141057e-26,8.903468240450962e-12,0.006469491609095712,14.4148122053577,129.17904402621545,1.0,0.2724695384114197,True,True,301.1615928036609,301.1828325439069,301.43603778063624,7.046551760952452,6.865602985348553,True,0.27627621564657545,0.013778519537944704,0.0011652023166842885,True,N_ABS_NKCC_S4_PNOM_KMID_AE4NA20_P2_H1:B00,results/16_wt_chloride_allocation/wt_roots/N_ABS_NKCC_S4_PNOM_KMID_AE4NA20_P2_H1_B00__inherited_baseline.json,AE4NA20,production_radau,WT_ADMISSIBLE,0.9599296473035147,True,,7.965742213993891,4.950531736307492,0.27547588514933796,results/14_scale_free_genotype_holdout/trajectories/N_ABS_NKCC_S4_PNOM_KMID_AE4NA20_P2_H1_B00_ca0.25_WT_production_radau.json,e057b54fd9c3c16b9916bc5c7e79382f14f16bacbc30f6c0ed272d357d289431,-35.815108746982744,-72.49156472427332,-36.67645597729057,1.3000000000000427,0.10582601158342145,True,True,True,1.0073000732707007
-0.0008003304972374787,True,0.990039807210617,1.0,0.0038066772351557643,0.3821891117623234,0.19299789449873958,-0.18919121726358382,0.0038066772351557643,0.00996019278938294,True,True,0.5,N_ABS_NKCC_S4_PNOM_KMID_AE4NA20_P2_H1_B00__inherited_baseline,52.415463080722006,146.1290855332081,inherited_baseline,0,10,,7.152797116456394,0.013778519537944704,117.36523032014148,21.17737648490521,2.1316282072803006e-13,1.2924697071141057e-26,8.903468240450962e-12,0.006494360604847316,14.4148122053577,129.17904402621545,1.0,0.2724695384114197,True,True,301.1615928036609,301.1828325439069,301.43603778063624,7.046551760952452,6.865602985348553,True,0.27627621564657545,0.013778519537944704,0.0011652023166842885,True,N_ABS_NKCC_S4_PNOM_KMID_AE4NA20_P2_H1:B00,results/16_wt_chloride_allocation/wt_roots/N_ABS_NKCC_S4_PNOM_KMID_AE4NA20_P2_H1_B00__inherited_baseline.json,AE4NA20,production_radau,WT_ADMISSIBLE,0.9489272867560395,True,,7.965742213993891,4.950531736307492,0.27547588514933796,results/14_scale_free_genotype_holdout/trajectories/N_ABS_NKCC_S4_PNOM_KMID_AE4NA20_P2_H1_B00_ca0.50_WT_production_radau.json,bdd6f345ae8837bee92a0a42ace66132fc0eddd5392aad9c828c57b72d4b6ed0,-35.815108746982744,-72.49156472427332,-36.67645597729057,1.3000000000000427,0.10582601158342145,True,True,True,1.0458124423709692
,,,7.25767378161418,,,,,,,True,,0.1,N_ABS_NKCC_S4_PNOM_KMID_AE4NA20_P2_H1_B00__share_0.10,,,share_0.10,26,,NUMERICAL_CONTINUATION_FAILURE,,0.013778519537944704,,,,,,,,,0.9125739175528204,,,False,,,,,,,,,,,N_ABS_NKCC_S4_PNOM_KMID_AE4NA20_P2_H1:B00,results/16_wt_chloride_allocation/wt_roots/N_ABS_NKCC_S4_PNOM_KMID_AE4NA20_P2_H1_B00__share_0.10.json,AE4NA20,production_radau,NOT_RUN_REST_REJECTED,,,0.1,,,,,,,,,,,False,,False,
,,,7.25767378161418,,,,,,,True,,0.25,N_ABS_NKCC_S4_PNOM_KMID_AE4NA20_P2_H1_B00__share_0.10,,,share_0.10,26,,NUMERICAL_CONTINUATION_FAILURE,,0.013778519537944704,,,,,,,,,0.9125739175528204,,,False,,,,,,,,,,,N_ABS_NKCC_S4_PNOM_KMID_AE4NA20_P2_H1:B00,results/16_wt_chloride_allocation/wt_roots/N_ABS_NKCC_S4_PNOM_KMID_AE4NA20_P2_H1_B00__share_0.10.json,AE4NA20,production_radau,NOT_RUN_REST_REJECTED,,,0.1,,,,,,,,,,,False,,False,
,,,7.25767378161418,,,,,,,True,,0.5,N_ABS_NKCC_S4_PNOM_KMID_AE4NA20_P2_H1_B00__share_0.10,,,share_0.10,26,,NUMERICAL_CONTINUATION_FAILURE,,0.013778519537944704,,,,,,,,,0.9125739175528204,,,False,,,,,,,,,,,N_ABS_NKCC_S4_PNOM_KMID_AE4NA20_P2_H1:B00,results/16_wt_chloride_allocation/wt_roots/N_ABS_NKCC_S4_PNOM_KMID_AE4NA20_P2_H1_B00__share_0.10.json,AE4NA20,production_radau,NOT_RUN_REST_REJECTED,,,0.1,,,,,,,,,,,False,,False,
,,,21.773021344842537,,,,,,,True,,0.1,N_ABS_NKCC_S4_PNOM_KMID_AE4NA20_P2_H1_B00__share_0.30,,,share_0.30,18,,NUMERICAL_CONTINUATION_FAILURE,,0.013778519537944704,,,,,,,,,0.7097797136521935,,,False,,,,,,,,,,,N_ABS_NKCC_S4_PNOM_KMID_AE4NA20_P2_H1:B00,results/16_wt_chloride_allocation/wt_roots/N_ABS_NKCC_S4_PNOM_KMID_AE4NA20_P2_H1_B00__share_0.30.json,AE4NA20,production_radau,NOT_RUN_REST_REJECTED,,,0.3,,,,,,,,,,,False,,False,
,,,21.773021344842537,,,,,,,True,,0.25,N_ABS_NKCC_S4_PNOM_KMID_AE4NA20_P2_H1_B00__share_0.30,,,share_0.30,18,,NUMERICAL_CONTINUATION_FAILURE,,0.013778519537944704,,,,,,,,,0.7097797136521935,,,False,,,,,,,,,,,N_ABS_NKCC_S4_PNOM_KMID_AE4NA20_P2_H1:B00,results/16_wt_chloride_allocation/wt_roots/N_ABS_NKCC_S4_PNOM_KMID_AE4NA20_P2_H1_B00__share_0.30.json,AE4NA20,production_radau,NOT_RUN_REST_REJECTED,,,0.3,,,,,,,,,,,False,,False,
,,,21.773021344842537,,,,,,,True,,0.5,N_ABS_NKCC_S4_PNOM_KMID_AE4NA20_P2_H1_B00__share_0.30,,,share_0.30,18,,NUMERICAL_CONTINUATION_FAILURE,,0.013778519537944704,,,,,,,,,0.7097797136521935,,,False,,,,,,,,,,,N_ABS_NKCC_S4_PNOM_KMID_AE4NA20_P2_H1:B00,results/16_wt_chloride_allocation/wt_roots/N_ABS_NKCC_S4_PNOM_KMID_AE4NA20_P2_H1_B00__share_0.30.json,AE4NA20,production_radau,NOT_RUN_REST_REJECTED,,,0.3,,,,,,,,,,,False,,False,
