ae2_signed_cl_fmol_s,ae4_branches_oppose,ae4_cancellation_fraction,ae4_capacity_scale,ae4_cl_fmol_s,ae4_gross_branch_fmol_s,ae4_j_k_fmol_s,ae4_j_na_fmol_s,ae4_net_cl_fmol_s,ae4_productive_fraction,allocation_eligible,candidate_id,cl_i_mM,cl_l_mM,condition,continuation_step_attempts,fixed_parameter_rank,gate_failures,hco3_i_mM,inherited_share,k_i_mM,k_l_mM,max_abs_charge_fmol,max_abs_current_A,max_abs_scaled_rest_residual,max_dimensionless_conservation_ratio,na_i_mM,na_l_mM,nkcc1_capacity_scale,nkcc1_cl_fmol_s,numerical_rest_pass,osm_bath_mOsm,osm_cell_mOsm,osm_lumen_mOsm,ph_i,ph_l,positive_loading_eligible,positive_pool_fmol_s,realized_ae4_share,rest_outflow_pL_s,root_id,root_payload_path,routing_family,status,target_share,tic_i_mM,tic_l_mM,total_basolateral_cl_fmol_s,v_apical_mV,v_basolateral_mV,v_transepithelial_mV,volume_i_pL,volume_l_pL,wt_rest_admissible
-0.0018657386613867392,True,0.968395279529304,1.0,0.00439891057169553,0.13918523898270913,0.07179207477720233,-0.0673931642055068,0.00439891057169553,0.031604720470695916,True,N_ABS_NKCC_S4_PHIGH_KHIGH_AE4NA05_P1_H1_B00__inherited_baseline,51.727764048467556,145.29487920067712,inherited_baseline,0,10,,4.450673633474581,0.018330017197384484,107.07327379549376,22.471137807901556,1.4210854715202004e-14,3.554291694563791e-26,6.768891003261501e-11,0.00011546319456101627,18.603414600683543,127.8618984676637,1.0,0.23558507440368204,True,301.1615928036609,301.179930134533,301.3985348891424,6.840856842478318,6.93584257518408,True,0.23998398497537757,0.018330017197384484,0.0010059774821377515,N_ABS_NKCC_S4_PHIGH_KHIGH_AE4NA05_P1_H1:B00,results/16_wt_chloride_allocation/wt_roots/N_ABS_NKCC_S4_PHIGH_KHIGH_AE4NA05_P1_H1_B00__inherited_baseline.json,AE4NA05,INHERITED_ROOT_REUSED,,5.260513058557183,5.7706194129000155,0.23811824631399084,-34.87423691292624,-66.58957015065717,-31.715333237730924,1.3,0.10502988741068876,True
,,,5.455532251997507,,,,,,,True,N_ABS_NKCC_S4_PHIGH_KHIGH_AE4NA05_P1_H1_B00__share_0.10,,,share_0.10,27,,NUMERICAL_CONTINUATION_FAILURE,,0.018330017197384484,,,,,,,,,0.9168050523767142,,False,,,,,,,,,,N_ABS_NKCC_S4_PHIGH_KHIGH_AE4NA05_P1_H1:B00,results/16_wt_chloride_allocation/wt_roots/N_ABS_NKCC_S4_PHIGH_KHIGH_AE4NA05_P1_H1_B00__share_0.10.json,AE4NA05,NUMERICAL_CONTINUATION_FAILURE,0.1,,,,,,,,,False
,,,16.36659675599252,,,,,,,True,N_ABS_NKCC_S4_PHIGH_KHIGH_AE4NA05_P1_H1_B00__share_0.30,,,share_0.30,22,,NUMERICAL_CONTINUATION_FAILURE,,0.018330017197384484,,,,,,,,,0.713070596293,,False,,,,,,,,,,N_ABS_NKCC_S4_PHIGH_KHIGH_AE4NA05_P1_H1:B00,results/16_wt_chloride_allocation/wt_roots/N_ABS_NKCC_S4_PHIGH_KHIGH_AE4NA05_P1_H1_B00__share_0.30.json,AE4NA05,NUMERICAL_CONTINUATION_FAILURE,0.3,,,,,,,,,False
-0.0007970646209798337,True,0.9900375659883516,1.0,0.0038049001740020627,0.38192475549180516,0.19286482783290362,-0.18905992765890156,0.0038049001740020627,0.00996243401164841,True,N_ABS_NKCC_S4_PHIGH_KHIGH_AE4NA20_P2_H1_B00__inherited_baseline,52.30555987274908,146.01121731489613,inherited_baseline,0,10,,7.147374385507965,0.01370478692478734,117.25346909672912,22.043492179818998,2.220446049250313e-15,6.462348535570529e-27,1.5441207340538554e-11,9.71445146547012e-07,14.41423310273199,128.3185880529636,1.0,0.27382803165365593,True,301.1615928036609,301.18345830497987,301.44412342487084,7.046777296541653,6.879978559308944,True,0.277632931827658,0.01370478692478734,0.001199531279443772,N_ABS_NKCC_S4_PHIGH_KHIGH_AE4NA20_P2_H1:B00,results/16_wt_chloride_allocation/wt_roots/N_ABS_NKCC_S4_PHIGH_KHIGH_AE4NA20_P2_H1_B00__inherited_baseline.json,AE4NA20,INHERITED_ROOT_REUSED,,7.959285563756632,5.070825877192134,0.2768358672066782,-35.891172288448885,-71.23257578708805,-35.341403498639174,1.3,0.10599765639721886,True
,,,7.29672052172761,,,,,,,True,N_ABS_NKCC_S4_PHIGH_KHIGH_AE4NA20_P2_H1_B00__share_0.10,,,share_0.10,24,,NUMERICAL_CONTINUATION_FAILURE,,0.01370478692478734,,,,,,,,,0.9125056961331598,,False,,,,,,,,,,N_ABS_NKCC_S4_PHIGH_KHIGH_AE4NA20_P2_H1:B00,results/16_wt_chloride_allocation/wt_roots/N_ABS_NKCC_S4_PHIGH_KHIGH_AE4NA20_P2_H1_B00__share_0.10.json,AE4NA20,NUMERICAL_CONTINUATION_FAILURE,0.1,,,,,,,,,False
,,,21.890161565182826,,,,,,,True,N_ABS_NKCC_S4_PHIGH_KHIGH_AE4NA20_P2_H1_B00__share_0.30,,,share_0.30,16,,NUMERICAL_CONTINUATION_FAILURE,,0.01370478692478734,,,,,,,,,0.7097266525480131,,False,,,,,,,,,,N_ABS_NKCC_S4_PHIGH_KHIGH_AE4NA20_P2_H1:B00,results/16_wt_chloride_allocation/wt_roots/N_ABS_NKCC_S4_PHIGH_KHIGH_AE4NA20_P2_H1_B00__share_0.30.json,AE4NA20,NUMERICAL_CONTINUATION_FAILURE,0.3,,,,,,,,,False
-0.0018460155324911806,True,0.9680194295617562,1.0,0.004385358818456406,0.13712572222327207,0.07075554052086425,-0.06637018170240784,0.004385358818456406,0.0319805704382438,True,N_ABS_NKCC_S4_PHIGH_KLOW_AE4NA05_P1_H1_B00__inherited_baseline,51.0172208230514,145.55298395608276,inherited_baseline,0,10,,4.429886221962234,0.01789953114568505,105.93491592621889,18.553894280885828,1.4210854715202004e-14,6.462348535570529e-27,9.858867194845189e-11,0.00016697754290362354,18.98139711993734,131.77847623554823,1.0,0.2406131711856975,True,301.1615928036609,301.17988547765697,301.3979578644158,6.838597585025212,6.912653628961993,True,0.2449985300041539,0.01789953114568505,0.0010035276265941556,N_ABS_NKCC_S4_PHIGH_KLOW_AE4NA05_P1_H1:B00,results/16_wt_chloride_allocation/wt_roots/N_ABS_NKCC_S4_PHIGH_KLOW_AE4NA05_P1_H1_B00__inherited_baseline.json,AE4NA05,INHERITED_ROOT_REUSED,,5.240131322026218,5.512603391898992,0.24315251447166272,-35.4450782444366,-69.09331965733882,-33.64824141290222,1.3,0.10501763813297078,True
,,,5.58673851209262,,,,,,,True,N_ABS_NKCC_S4_PHIGH_KLOW_AE4NA05_P1_H1_B00__share_0.10,,,share_0.10,23,,NUMERICAL_CONTINUATION_FAILURE,,0.01789953114568505,,,,,,,,,0.9164031873947779,,False,,,,,,,,,,N_ABS_NKCC_S4_PHIGH_KLOW_AE4NA05_P1_H1:B00,results/16_wt_chloride_allocation/wt_roots/N_ABS_NKCC_S4_PHIGH_KLOW_AE4NA05_P1_H1_B00__share_0.10.json,AE4NA05,NUMERICAL_CONTINUATION_FAILURE,0.1,,,,,,,,,False
,,,16.760215536277858,,,,,,,True,N_ABS_NKCC_S4_PHIGH_KLOW_AE4NA05_P1_H1_B00__share_0.30,,,share_0.30,24,,NUMERICAL_CONTINUATION_FAILURE,,0.01789953114568505,,,,,,,,,0.7127580346403827,,False,,,,,,,,,,N_ABS_NKCC_S4_PHIGH_KLOW_AE4NA05_P1_H1:B00,results/16_wt_chloride_allocation/wt_roots/N_ABS_NKCC_S4_PHIGH_KLOW_AE4NA05_P1_H1_B00__share_0.30.json,AE4NA05,NUMERICAL_CONTINUATION_FAILURE,0.3,,,,,,,,,False
-0.0007896205299970801,True,0.9900156984517631,1.0,0.003801050670580758,0.38070271137313294,0.19225188102185686,-0.1884508303512761,0.003801050670580758,0.009984301548236903,True,N_ABS_NKCC_S4_PHIGH_KLOW_AE4NA20_P2_H1_B00__inherited_baseline,52.01352951313897,146.21172440373644,inherited_baseline,0,10,,7.129212663975042,0.013552827891842714,116.87329561535007,17.6922700726937,2.842170943040401e-14,1.9387045606711586e-26,2.8978555666192563e-11,2.0729945537922845e-06,14.465986422416755,132.6670904512919,1.0,0.2766607614998936,True,301.1615928036609,301.1831636874321,301.4403165842419,7.045404735077692,6.858338289961608,True,0.2804618121704744,0.013552827891842714,0.0011833686971691626,N_ABS_NKCC_S4_PHIGH_KLOW_AE4NA20_P2_H1:B00,results/16_wt_chloride_allocation/wt_roots/N_ABS_NKCC_S4_PHIGH_KLOW_AE4NA20_P2_H1_B00__inherited_baseline.json,AE4NA20,INHERITED_ROOT_REUSED,,7.9415991195961375,4.8692316565198555,0.2796721916404773,-36.16410287202952,-73.38270073664599,-37.21859786461648,1.2999999999999317,0.10591684348584582,True
,,,7.378533896987566,,,,,,,True,N_ABS_NKCC_S4_PHIGH_KLOW_AE4NA20_P2_H1_B00__share_0.10,,,share_0.10,26,,NUMERICAL_CONTINUATION_FAILURE,,0.013552827891842714,,,,,,,,,0.9123651275481797,,False,,,,,,,,,,N_ABS_NKCC_S4_PHIGH_KLOW_AE4NA20_P2_H1:B00,results/16_wt_chloride_allocation/wt_roots/N_ABS_NKCC_S4_PHIGH_KLOW_AE4NA20_P2_H1_B00__share_0.10.json,AE4NA20,NUMERICAL_CONTINUATION_FAILURE,0.1,,,,,,,,,False
,,,22.135601690962698,,,,,,,True,N_ABS_NKCC_S4_PHIGH_KLOW_AE4NA20_P2_H1_B00__share_0.30,,,share_0.30,26,,NUMERICAL_CONTINUATION_FAILURE,,0.013552827891842714,,,,,,,,,0.709617321426362,,False,,,,,,,,,,N_ABS_NKCC_S4_PHIGH_KLOW_AE4NA20_P2_H1:B00,results/16_wt_chloride_allocation/wt_roots/N_ABS_NKCC_S4_PHIGH_KLOW_AE4NA20_P2_H1_B00__share_0.30.json,AE4NA20,NUMERICAL_CONTINUATION_FAILURE,0.3,,,,,,,,,False
-0.001879082504537062,True,0.9686028013801633,1.0,0.004407693092673928,0.14038491605710185,0.07239630457488788,-0.06798861148221395,0.004407693092673928,0.0313971986198367,True,N_ABS_NKCC_S4_PLOW_KHIGH_AE4NA05_P1_H1_B00__inherited_baseline,52.21277016956934,145.3022861531174,inherited_baseline,0,10,,4.464600569085338,0.018682466119821606,107.77878131867274,23.60561596140796,1.4432899320127035e-15,9.693522803355793e-27,6.438100920436174e-11,8.881784197001252e-05,18.407742948763282,126.72153017081858,1.0,0.23151903437493176,True,301.1615928036609,301.17927321112165,301.39004658710076,6.841704036459819,6.9327689929825125,True,0.23592672746760568,0.018682466119821606,0.0009699389679239973,N_ABS_NKCC_S4_PLOW_KHIGH_AE4NA05_P1_H1:B00,results/16_wt_chloride_allocation/wt_roots/N_ABS_NKCC_S4_PLOW_KHIGH_AE4NA05_P1_H1_B00__inherited_baseline.json,AE4NA05,INHERITED_ROOT_REUSED,,5.275396992992236,5.760614301756793,0.23404764496306862,-34.501865042602475,-66.66292026419362,-32.161055221591134,1.2999999999999972,0.10484969483961999,True
,,,5.352612409873589,,,,,,,True,N_ABS_NKCC_S4_PLOW_KHIGH_AE4NA05_P1_H1_B00__share_0.10,,,share_0.10,23,,NUMERICAL_CONTINUATION_FAILURE,,0.018682466119821606,,,,,,,,,0.9171343310674938,,False,,,,,,,,,,N_ABS_NKCC_S4_PLOW_KHIGH_AE4NA05_P1_H1:B00,results/16_wt_chloride_allocation/wt_roots/N_ABS_NKCC_S4_PLOW_KHIGH_AE4NA05_P1_H1_B00__share_0.10.json,AE4NA05,NUMERICAL_CONTINUATION_FAILURE,0.1,,,,,,,,,False
,,,16.057837229620766,,,,,,,True,N_ABS_NKCC_S4_PLOW_KHIGH_AE4NA05_P1_H1_B00__share_0.30,,,share_0.30,24,,NUMERICAL_CONTINUATION_FAILURE,,0.018682466119821606,,,,,,,,,0.7133267019413839,,False,,,,,,,,,,N_ABS_NKCC_S4_PLOW_KHIGH_AE4NA05_P1_H1:B00,results/16_wt_chloride_allocation/wt_roots/N_ABS_NKCC_S4_PLOW_KHIGH_AE4NA05_P1_H1_B00__share_0.30.json,AE4NA05,NUMERICAL_CONTINUATION_FAILURE,0.3,,,,,,,,,False
-0.0008161273589426067,True,0.9900774081375072,1.0,0.0038151466854192406,0.38449094130742545,0.19415304399642236,-0.19033789731100312,0.0038151466854192406,0.00992259186249276,True,N_ABS_NKCC_S4_PLOW_KHIGH_AE4NA20_P2_H1_B00__inherited_baseline,53.02276689207907,146.0180942184643,inherited_baseline,0,10,,7.188876784913268,0.014125822944054173,118.11570840046096,23.84936333824938,2.7755575615628914e-16,9.693522803355793e-27,1.2674323396355547e-11,2.47198095326695e-06,14.330572580918796,126.50224248693233,1.0,0.2662679982420845,True,301.1615928036609,301.18229138962386,301.42904536580255,7.048271859910505,6.874745333654742,True,0.27008314492750374,0.014125822944054173,0.0011355148432486695,N_ABS_NKCC_S4_PLOW_KHIGH_AE4NA20_P2_H1:B00,results/16_wt_chloride_allocation/wt_roots/N_ABS_NKCC_S4_PLOW_KHIGH_AE4NA20_P2_H1_B00__inherited_baseline.json,AE4NA20,INHERITED_ROOT_REUSED,,8.00272460447838,5.0593453221565055,0.26926701756856114,-35.29730852512663,-71.32074668811609,-36.02343816298945,1.3000000000000016,0.10567757421624335,True
,,,7.079233570748662,,,,,,,True,N_ABS_NKCC_S4_PLOW_KHIGH_AE4NA20_P2_H1_B00__share_0.10,,,share_0.10,28,,NUMERICAL_CONTINUATION_FAILURE,,0.014125822944054173,,,,,,,,,0.912895398769459,,False,,,,,,,,,,N_ABS_NKCC_S4_PLOW_KHIGH_AE4NA20_P2_H1:B00,results/16_wt_chloride_allocation/wt_roots/N_ABS_NKCC_S4_PLOW_KHIGH_AE4NA20_P2_H1_B00__share_0.10.json,AE4NA20,NUMERICAL_CONTINUATION_FAILURE,0.1,,,,,,,,,False
,,,21.237700712245985,,,,,,,True,N_ABS_NKCC_S4_PLOW_KHIGH_AE4NA20_P2_H1_B00__share_0.30,,,share_0.30,20,,NUMERICAL_CONTINUATION_FAILURE,,0.014125822944054173,,,,,,,,,0.7100297545984682,,False,,,,,,,,,,N_ABS_NKCC_S4_PLOW_KHIGH_AE4NA20_P2_H1:B00,results/16_wt_chloride_allocation/wt_roots/N_ABS_NKCC_S4_PLOW_KHIGH_AE4NA20_P2_H1_B00__share_0.30.json,AE4NA20,NUMERICAL_CONTINUATION_FAILURE,0.3,,,,,,,,,False
-0.0018582204249246942,True,0.9682101203346832,1.0,0.0043934036073688815,0.13820132864995244,0.07129736612866065,-0.06690396252129177,0.0043934036073688815,0.03178987966531676,True,N_ABS_NKCC_S4_PLOW_KLOW_AE4NA05_P1_H1_B00__inherited_baseline,51.450651483083206,145.56561728606735,inherited_baseline,0,10,,4.4423140329245765,0.018205309021634093,106.57053590437759,19.865343085254178,1.6653345369377348e-16,1.9387045606711586e-26,1.0542131403945554e-10,0.0001545430450278218,18.801211031536752,130.46157838609733,1.0,0.23693200329168598,True,301.1615928036609,301.1792781438742,301.3901103246581,6.83934235228688,6.909226229149555,True,0.24132540689905485,0.018205309021634093,0.0009702095764451274,N_ABS_NKCC_S4_PLOW_KLOW_AE4NA05_P1_H1:B00,results/16_wt_chloride_allocation/wt_roots/N_ABS_NKCC_S4_PLOW_KLOW_AE4NA05_P1_H1_B00__inherited_baseline.json,AE4NA05,INHERITED_ROOT_REUSED,,5.253445313305777,5.497571567239231,0.23946718647413015,-35.108749747102394,-69.19925918673972,-34.09050943963732,1.2999999999999794,0.10485104788222564,True
,,,5.4929031900071585,,,,,,,True,N_ABS_NKCC_S4_PLOW_KLOW_AE4NA05_P1_H1_B00__share_0.10,,,share_0.10,27,,NUMERICAL_CONTINUATION_FAILURE,,0.018205309021634093,,,,,,,,,0.9166885992255093,,False,,,,,,,,,,N_ABS_NKCC_S4_PLOW_KLOW_AE4NA05_P1_H1:B00,results/16_wt_chloride_allocation/wt_roots/N_ABS_NKCC_S4_PLOW_KLOW_AE4NA05_P1_H1_B00__share_0.10.json,AE4NA05,NUMERICAL_CONTINUATION_FAILURE,0.1,,,,,,,,,False
,,,16.478709570021472,,,,,,,True,N_ABS_NKCC_S4_PLOW_KLOW_AE4NA05_P1_H1_B00__share_0.30,,,share_0.30,22,,NUMERICAL_CONTINUATION_FAILURE,,0.018205309021634093,,,,,,,,,0.7129800216198404,,False,,,,,,,,,,N_ABS_NKCC_S4_PLOW_KLOW_AE4NA05_P1_H1:B00,results/16_wt_chloride_allocation/wt_roots/N_ABS_NKCC_S4_PLOW_KLOW_AE4NA05_P1_H1_B00__share_0.30.json,AE4NA05,NUMERICAL_CONTINUATION_FAILURE,0.3,,,,,,,,,False
-0.0008069417951530902,True,0.990051451798146,1.0,0.003810335683030408,0.38300419374962824,0.19340726471632932,-0.18959692903329892,0.003810335683030408,0.009948548201854007,True,N_ABS_NKCC_S4_PLOW_KLOW_AE4NA20_P2_H1_B00__inherited_baseline,52.65882312366784,146.2253556949718,inherited_baseline,0,10,,7.166525854253288,0.013925033207822955,117.64746639115623,19.7647066236868,1.4210854715202004e-14,2.908056841006738e-26,8.265957363029486e-12,2.92300905702092e-06,14.39203025946811,130.58500557170842,1.0,0.2698217358649065,True,301.1615928036609,301.182090265827,301.4264465856314,7.046728923589141,6.852669010332151,True,0.2736320715479369,0.013925033207822955,0.0011244812848672265,N_ABS_NKCC_S4_PLOW_KLOW_AE4NA20_P2_H1:B00,results/16_wt_chloride_allocation/wt_roots/N_ABS_NKCC_S4_PLOW_KLOW_AE4NA20_P2_H1_B00__inherited_baseline.json,AE4NA20,INHERITED_ROOT_REUSED,,7.980702346709644,4.851378695264425,0.2728251297527838,-35.6279587834524,-73.51855157662538,-37.890592793172985,1.2999999999999685,0.10562240642433614,True
,,,7.181311420056143,,,,,,,True,N_ABS_NKCC_S4_PLOW_KLOW_AE4NA20_P2_H1_B00__share_0.10,,,share_0.10,26,,NUMERICAL_CONTINUATION_FAILURE,,0.013925033207822955,,,,,,,,,0.9127095102391763,,False,,,,,,,,,,N_ABS_NKCC_S4_PLOW_KLOW_AE4NA20_P2_H1:B00,results/16_wt_chloride_allocation/wt_roots/N_ABS_NKCC_S4_PLOW_KLOW_AE4NA20_P2_H1_B00__share_0.10.json,AE4NA20,NUMERICAL_CONTINUATION_FAILURE,0.1,,,,,,,,,False
,,,21.543934260168424,,,,,,,True,N_ABS_NKCC_S4_PLOW_KLOW_AE4NA20_P2_H1_B00__share_0.30,,,share_0.30,18,,NUMERICAL_CONTINUATION_FAILURE,,0.013925033207822955,,,,,,,,,0.7098851746304704,,False,,,,,,,,,,N_ABS_NKCC_S4_PLOW_KLOW_AE4NA20_P2_H1:B00,results/16_wt_chloride_allocation/wt_roots/N_ABS_NKCC_S4_PLOW_KLOW_AE4NA20_P2_H1_B00__share_0.30.json,AE4NA20,NUMERICAL_CONTINUATION_FAILURE,0.3,,,,,,,,,False
-0.0018594864525171612,True,0.9682554781360532,1.0,0.004394412409467793,0.13843057483435128,0.07141249362190953,-0.06701808121244174,0.004394412409467793,0.031744521863946835,True,N_ABS_NKCC_S4_PNOM_KMID_AE4NA05_P1_H1_B00__inherited_baseline,51.49828391087373,145.44415577398036,inherited_baseline,0,10,,4.443814593604029,0.018212072945510235,106.67761375937039,21.37786881434762,1.4210854715202004e-14,4.8467614016778965e-26,9.28814317124882e-11,0.00014210854715202004,18.75000344655174,128.95259904600937,1.0,0.23689675870629107,True,301.1615928036609,301.1796606810283,301.39505320057026,6.839866620914312,6.921669926091222,True,0.24129117111575887,0.018212072945510235,0.0009911953876181572,N_ABS_NKCC_S4_PNOM_KMID_AE4NA05_P1_H1:B00,results/16_wt_chloride_allocation/wt_roots/N_ABS_NKCC_S4_PNOM_KMID_AE4NA05_P1_H1_B00__inherited_baseline.json,AE4NA05,INHERITED_ROOT_REUSED,,5.254244663275258,5.620429566232922,0.23943168466324172,-35.06062347126671,-68.02722748180626,-32.966604010539555,1.2999999999999954,0.10495597693809079,True
,,,5.4908631378314725,,,,,,,True,N_ABS_NKCC_S4_PNOM_KMID_AE4NA05_P1_H1_B00__share_0.10,,,share_0.10,27,,NUMERICAL_CONTINUATION_FAILURE,,0.018212072945510235,,,,,,,,,0.9166949146544654,,False,,,,,,,,,,N_ABS_NKCC_S4_PNOM_KMID_AE4NA05_P1_H1:B00,results/16_wt_chloride_allocation/wt_roots/N_ABS_NKCC_S4_PNOM_KMID_AE4NA05_P1_H1_B00__share_0.10.json,AE4NA05,NUMERICAL_CONTINUATION_FAILURE,0.1,,,,,,,,,False
,,,16.47258941349442,,,,,,,True,N_ABS_NKCC_S4_PNOM_KMID_AE4NA05_P1_H1_B00__share_0.30,,,share_0.30,20,,NUMERICAL_CONTINUATION_FAILURE,,0.018212072945510235,,,,,,,,,0.7129849336201397,,False,,,,,,,,,,N_ABS_NKCC_S4_PNOM_KMID_AE4NA05_P1_H1:B00,results/16_wt_chloride_allocation/wt_roots/N_ABS_NKCC_S4_PNOM_KMID_AE4NA05_P1_H1_B00__share_0.30.json,AE4NA05,NUMERICAL_CONTINUATION_FAILURE,0.3,,,,,,,,,False
-0.0008003304972374787,True,0.990039807210617,1.0,0.0038066772351557643,0.3821891117623234,0.19299789449873958,-0.18919121726358382,0.0038066772351557643,0.00996019278938294,True,N_ABS_NKCC_S4_PNOM_KMID_AE4NA20_P2_H1_B00__inherited_baseline,52.415463080722006,146.1290855332081,inherited_baseline,0,10,,7.152797116456394,0.013778519537944704,117.36523032014148,21.17737648490521,4.263256414560601e-14,1.2924697071141057e-26,8.903468240450962e-12,1.474514954580286e-06,14.4148122053577,129.17904402621545,1.0,0.2724695384114197,True,301.1615928036609,301.1828325439069,301.43603778063624,7.046551760952452,6.865602985348553,True,0.27627621564657545,0.013778519537944704,0.0011652023166842885,N_ABS_NKCC_S4_PNOM_KMID_AE4NA20_P2_H1:B00,results/16_wt_chloride_allocation/wt_roots/N_ABS_NKCC_S4_PNOM_KMID_AE4NA20_P2_H1_B00__inherited_baseline.json,AE4NA20,INHERITED_ROOT_REUSED,,7.965742213993891,4.950531736307492,0.27547588514933796,-35.815108746982744,-72.49156472427332,-36.67645597729057,1.3000000000000427,0.10582601158342145,True
,,,7.25767378161418,,,,,,,True,N_ABS_NKCC_S4_PNOM_KMID_AE4NA20_P2_H1_B00__share_0.10,,,share_0.10,26,,NUMERICAL_CONTINUATION_FAILURE,,0.013778519537944704,,,,,,,,,0.9125739175528204,,False,,,,,,,,,,N_ABS_NKCC_S4_PNOM_KMID_AE4NA20_P2_H1:B00,results/16_wt_chloride_allocation/wt_roots/N_ABS_NKCC_S4_PNOM_KMID_AE4NA20_P2_H1_B00__share_0.10.json,AE4NA20,NUMERICAL_CONTINUATION_FAILURE,0.1,,,,,,,,,False
,,,21.773021344842537,,,,,,,True,N_ABS_NKCC_S4_PNOM_KMID_AE4NA20_P2_H1_B00__share_0.30,,,share_0.30,18,,NUMERICAL_CONTINUATION_FAILURE,,0.013778519537944704,,,,,,,,,0.7097797136521935,,False,,,,,,,,,,N_ABS_NKCC_S4_PNOM_KMID_AE4NA20_P2_H1:B00,results/16_wt_chloride_allocation/wt_roots/N_ABS_NKCC_S4_PNOM_KMID_AE4NA20_P2_H1_B00__share_0.30.json,AE4NA20,NUMERICAL_CONTINUATION_FAILURE,0.3,,,,,,,,,False
