snapshot_id,state_index,state_id,effective_state_energy,agent_e_occupancy
SR2_SHARED_123|slow_common|physiology_basal,0,Eo,0.0,0.00403366044589012
SR2_SHARED_123|slow_common|physiology_basal,1,EoCl1,0.0,0.4256214613774362
SR2_SHARED_123|slow_common|physiology_basal,2,EiCl1,0.0,0.5433004576685374
SR2_SHARED_123|slow_common|physiology_basal,3,Ei,0.0,0.011101367145952955
SR2_SHARED_123|slow_common|physiology_basal,4,EiNa2B3,17.779636196876847,0.00013362409662892846
SR2_SHARED_123|slow_common|physiology_basal,5,EoNa2B3,17.779636196876847,0.013937859937218416
SR2_SHARED_123|slow_common|physiology_basal,6,EiK2B3,18.26957231187076,0.001859165250298944
SR2_SHARED_123|slow_common|physiology_basal,7,EoK2B3,18.26957231187076,1.2404078037001139e-05
SR2_SHARED_123|slow_common|na_assay_150,0,Eo,0.0,0.01065518572740711
SR2_SHARED_123|slow_common|na_assay_150,1,EoCl1,0.0,0.1103549475042425
SR2_SHARED_123|slow_common|na_assay_150,2,EiCl1,0.0,0.7876969934503831
SR2_SHARED_123|slow_common|na_assay_150,3,Ei,0.0,0.01710862396089995
SR2_SHARED_123|slow_common|na_assay_150,4,EiNa2B3,17.779636196876847,0.000212768545609637
SR2_SHARED_123|slow_common|na_assay_150,5,EoNa2B3,17.779636196876847,0.07110596287553783
SR2_SHARED_123|slow_common|na_assay_150,6,EiK2B3,18.26957231187076,0.0028652089616998757
SR2_SHARED_123|slow_common|na_assay_150,7,EoK2B3,18.26957231187076,3.089742200594438e-07
SR2_SHARED_123|slow_common|k_assay_150,0,Eo,0.0,0.015180054747422437
SR2_SHARED_123|slow_common|k_assay_150,1,EoCl1,0.0,0.12584042853722552
SR2_SHARED_123|slow_common|k_assay_150,2,EiCl1,0.0,0.7770425240125833
SR2_SHARED_123|slow_common|k_assay_150,3,Ei,0.0,0.016843254671202387
SR2_SHARED_123|slow_common|k_assay_150,4,EiNa2B3,17.779636196876847,0.00019982430690118432
SR2_SHARED_123|slow_common|k_assay_150,5,EoNa2B3,17.779636196876847,2.7528942904146813e-08
SR2_SHARED_123|slow_common|k_assay_150,6,EiK2B3,18.26957231187076,0.0028274601328143996
SR2_SHARED_123|slow_common|k_assay_150,7,EoK2B3,18.26957231187076,0.062066426062907916
SR5_COORDINATION_112|unit_common|physiology_basal,0,Eo,0.0,0.004016446622107725
SR5_COORDINATION_112|unit_common|physiology_basal,1,EoCl1,0.0,0.43440967246315376
SR5_COORDINATION_112|unit_common|physiology_basal,2,EiCl1,0.0,0.45673192149805497
SR5_COORDINATION_112|unit_common|physiology_basal,3,Ei,0.0,0.009581083410659127
SR5_COORDINATION_112|unit_common|physiology_basal,4,EiNa1B2,12.920768728742743,9.426902258676873e-05
SR5_COORDINATION_112|unit_common|physiology_basal,5,EoNa1B2,12.920768728742743,0.0005719253609589177
SR5_COORDINATION_112|unit_common|physiology_basal,6,EiK1B2,13.393989826696139,0.00017470478501610044
SR5_COORDINATION_112|unit_common|physiology_basal,7,EoK1B2,13.393989826696139,1.4855381551103234e-05
SR5_COORDINATION_112|unit_common|physiology_basal,8,EiNa1B2RNae,12.920768728742743,0.03553898984659006
SR5_COORDINATION_112|unit_common|physiology_basal,9,EoNa1B2RNae,12.920768728742743,0.057861462726515156
SR5_COORDINATION_112|unit_common|physiology_basal,10,EiK1B2RKe,13.393989826696139,0.0006435347477972228
SR5_COORDINATION_112|unit_common|physiology_basal,11,EoK1B2RKe,13.393989826696139,0.0003611341350091136
SR5_COORDINATION_112|unit_common|na_assay_150,0,Eo,0.0,0.013400008826741723
SR5_COORDINATION_112|unit_common|na_assay_150,1,EoCl1,0.0,0.18618189835672325
SR5_COORDINATION_112|unit_common|na_assay_150,2,EiCl1,0.0,0.3187637614064796
SR5_COORDINATION_112|unit_common|na_assay_150,3,Ei,0.0,0.009026912489124714
SR5_COORDINATION_112|unit_common|na_assay_150,4,EiNa1B2,12.920768728742743,0.00026287765368795637
SR5_COORDINATION_112|unit_common|na_assay_150,5,EoNa1B2,12.920768728742743,0.0028660117799157074
SR5_COORDINATION_112|unit_common|na_assay_150,6,EiK1B2,13.393989826696139,0.0001649109181708907
SR5_COORDINATION_112|unit_common|na_assay_150,7,EoK1B2,13.393989826696139,2.0336349221823058e-07
SR5_COORDINATION_112|unit_common|na_assay_150,8,EiNa1B2RNae,12.920768728742743,0.16958835436458097
SR5_COORDINATION_112|unit_common|na_assay_150,9,EoNa1B2RNae,12.920768728742743,0.2997450606759685
SR5_COORDINATION_112|unit_common|na_assay_150,10,EiK1B2RKe,13.393989826696139,1.1000849283655108e-10
SR5_COORDINATION_112|unit_common|na_assay_150,11,EoK1B2RKe,13.393989826696139,5.510606750221142e-11
SR5_COORDINATION_112|unit_common|k_assay_150,0,Eo,0.0,0.019206630182250044
SR5_COORDINATION_112|unit_common|k_assay_150,1,EoCl1,0.0,0.20295728051945014
SR5_COORDINATION_112|unit_common|k_assay_150,2,EiCl1,0.0,0.3290880403099001
SR5_COORDINATION_112|unit_common|k_assay_150,3,Ei,0.0,0.009104376002007
SR5_COORDINATION_112|unit_common|k_assay_150,4,EiNa1B2,12.920768728742743,5.560244668718117e-05
SR5_COORDINATION_112|unit_common|k_assay_150,5,EoNa1B2,12.920768728742743,8.686655765473872e-08
SR5_COORDINATION_112|unit_common|k_assay_150,6,EiK1B2,13.393989826696139,0.00031070719608993673
SR5_COORDINATION_112|unit_common|k_assay_150,7,EoK1B2,13.393989826696139,0.0026004715033634317
SR5_COORDINATION_112|unit_common|k_assay_150,8,EiNa1B2RNae,12.920768728742743,3.709725331067237e-11
SR5_COORDINATION_112|unit_common|k_assay_150,9,EoNa1B2RNae,12.920768728742743,1.8592059934163552e-11
SR5_COORDINATION_112|unit_common|k_assay_150,10,EiK1B2RKe,13.393989826696139,0.16109429477716528
SR5_COORDINATION_112|unit_common|k_assay_150,11,EoK1B2RKe,13.393989826696139,0.27558251014084006
SR5_COORDINATION_112|fast_common|physiology_basal,0,Eo,0.0,0.004020856035872264
SR5_COORDINATION_112|fast_common|physiology_basal,1,EoCl1,0.0,0.43787988709437164
SR5_COORDINATION_112|fast_common|physiology_basal,2,EiCl1,0.0,0.4404138928757594
SR5_COORDINATION_112|fast_common|physiology_basal,3,Ei,0.0,0.00931507901379273
SR5_COORDINATION_112|fast_common|physiology_basal,4,EiNa1B2,12.790204286047732,0.00010810706818039777
SR5_COORDINATION_112|fast_common|physiology_basal,5,EoNa1B2,12.790204286047732,0.0006499084083797946
SR5_COORDINATION_112|fast_common|physiology_basal,6,EiK1B2,13.254023484703254,0.0001953302411283203
SR5_COORDINATION_112|fast_common|physiology_basal,7,EoK1B2,13.254023484703254,1.713002711061239e-05
SR5_COORDINATION_112|fast_common|physiology_basal,8,EiNa1B2RNae,12.790204286047732,0.04047679359087692
SR5_COORDINATION_112|fast_common|physiology_basal,9,EoNa1B2RNae,12.790204286047732,0.06579697622286207
SR5_COORDINATION_112|fast_common|physiology_basal,10,EiK1B2RKe,13.254023484703254,0.0007204298998819788
SR5_COORDINATION_112|fast_common|physiology_basal,11,EoK1B2RKe,13.254023484703254,0.0004056095217838607
SR5_COORDINATION_112|fast_common|na_assay_150,0,Eo,0.0,0.013670335361572776
SR5_COORDINATION_112|fast_common|na_assay_150,1,EoCl1,0.0,0.20793248397879724
SR5_COORDINATION_112|fast_common|na_assay_150,2,EiCl1,0.0,0.22325759823204783
SR5_COORDINATION_112|fast_common|na_assay_150,3,Ei,0.0,0.007530174815291072
SR5_COORDINATION_112|fast_common|na_assay_150,4,EiNa1B2,12.790204286047732,0.0003086494429666878
SR5_COORDINATION_112|fast_common|na_assay_150,5,EoNa1B2,12.790204286047732,0.003316853719798216
SR5_COORDINATION_112|fast_common|na_assay_150,6,EiK1B2,13.254023484703254,0.0001582206362139067
SR5_COORDINATION_112|fast_common|na_assay_150,7,EoK1B2,13.254023484703254,2.0924014720504848e-07
SR5_COORDINATION_112|fast_common|na_assay_150,8,EiNa1B2RNae,12.790204286047732,0.19670763028657948
SR5_COORDINATION_112|fast_common|na_assay_150,9,EoNa1B2RNae,12.790204286047732,0.34711784412815583
SR5_COORDINATION_112|fast_common|na_assay_150,10,EiK1B2RKe,13.254023484703254,1.0555015345910007e-10
SR5_COORDINATION_112|fast_common|na_assay_150,11,EoK1B2RKe,13.254023484703254,5.287967070429322e-11
SR5_COORDINATION_112|fast_common|k_assay_150,0,Eo,0.0,0.019589181497136027
SR5_COORDINATION_112|fast_common|k_assay_150,1,EoCl1,0.0,0.2237786918859082
SR5_COORDINATION_112|fast_common|k_assay_150,2,EiCl1,0.0,0.23832088847564464
SR5_COORDINATION_112|fast_common|k_assay_150,3,Ei,0.0,0.00767485708746018
SR5_COORDINATION_112|fast_common|k_assay_150,4,EiNa1B2,12.790204286047732,5.34037587924111e-05
SR5_COORDINATION_112|fast_common|k_assay_150,5,EoNa1B2,12.790204286047732,8.905454088040577e-08
SR5_COORDINATION_112|fast_common|k_assay_150,6,EiK1B2,13.254023484703254,0.00034343163406646334
SR5_COORDINATION_112|fast_common|k_assay_150,7,EoK1B2,13.254023484703254,0.003037911996311178
SR5_COORDINATION_112|fast_common|k_assay_150,8,EiNa1B2RNae,12.790204286047732,3.563219070856755e-11
SR5_COORDINATION_112|fast_common|k_assay_150,9,EoNa1B2RNae,12.790204286047732,1.7860622624723974e-11
SR5_COORDINATION_112|fast_common|k_assay_150,10,EiK1B2RKe,13.254023484703254,0.1862387632222056
SR5_COORDINATION_112|fast_common|k_assay_150,11,EoK1B2RKe,13.254023484703254,0.32096278133444167
SR6_PKA_EDGE_112|unit_common|physiology_basal,0,Eo^U,0.0,0.004016442605643974
SR6_PKA_EDGE_112|unit_common|physiology_basal,1,EoCl1^U,0.0,0.4344092380510916
SR6_PKA_EDGE_112|unit_common|physiology_basal,2,EiCl1^U,0.0,0.45673146476311177
SR6_PKA_EDGE_112|unit_common|physiology_basal,3,Ei^U,0.0,0.00958107382950263
SR6_PKA_EDGE_112|unit_common|physiology_basal,4,EiNa1B2^U,12.920768728668055,9.42689283253594e-05
SR6_PKA_EDGE_112|unit_common|physiology_basal,5,EoNa1B2^U,12.920768728668055,0.0005719247890726623
SR6_PKA_EDGE_112|unit_common|physiology_basal,6,EiK1B2^U,13.393989826779919,0.00017470461029536877
SR6_PKA_EDGE_112|unit_common|physiology_basal,7,EoK1B2^U,13.393989826779919,1.485536669438891e-05
SR6_PKA_EDGE_112|unit_common|physiology_basal,8,EiNa1B2RNae^U,12.920768728668055,0.03553895431013934
SR6_PKA_EDGE_112|unit_common|physiology_basal,9,EoNa1B2RNae^U,12.920768728668055,0.057861404869063285
SR6_PKA_EDGE_112|unit_common|physiology_basal,10,EiK1B2RKe^U,13.393989826779919,0.0006435341042037234
SR6_PKA_EDGE_112|unit_common|physiology_basal,11,EoK1B2RKe^U,13.393989826779919,0.00036113377384199247
SR6_PKA_EDGE_112|unit_common|physiology_basal,12,Eo^P,0.0,4.016442661853916e-09
SR6_PKA_EDGE_112|unit_common|physiology_basal,13,EoCl1^P,0.0,4.3440924403980054e-07
SR6_PKA_EDGE_112|unit_common|physiology_basal,14,EiCl1^P,0.0,4.5673147097338954e-07
SR6_PKA_EDGE_112|unit_common|physiology_basal,15,Ei^P,0.0,9.581073958139574e-09
SR6_PKA_EDGE_112|unit_common|physiology_basal,16,EiNa1B2^P,12.920768728668055,9.426892961347958e-11
SR6_PKA_EDGE_112|unit_common|physiology_basal,17,EoNa1B2^P,12.920768728668055,5.719247970745596e-10
SR6_PKA_EDGE_112|unit_common|physiology_basal,18,EiK1B2^P,13.393989826779919,1.7470461269412556e-10
SR6_PKA_EDGE_112|unit_common|physiology_basal,19,EoK1B2^P,13.393989826779919,1.4855367007649687e-11
SR6_PKA_EDGE_112|unit_common|physiology_basal,20,EiNa1B2RNae^P,12.920768728668055,3.553895480449097e-08
SR6_PKA_EDGE_112|unit_common|physiology_basal,21,EoNa1B2RNae^P,12.920768728668055,5.786140567717211e-08
SR6_PKA_EDGE_112|unit_common|physiology_basal,22,EiK1B2RKe^P,13.393989826779919,6.435341561118035e-10
SR6_PKA_EDGE_112|unit_common|physiology_basal,23,EoK1B2RKe^P,13.393989826779919,3.611338649447416e-10
SR6_PKA_EDGE_112|unit_common|na_assay_150,0,Eo^U,0.0,0.013399995425927196
SR6_PKA_EDGE_112|unit_common|na_assay_150,1,EoCl1^U,0.0,0.18618171217192328
SR6_PKA_EDGE_112|unit_common|na_assay_150,2,EiCl1^U,0.0,0.3187634426401378
SR6_PKA_EDGE_112|unit_common|na_assay_150,3,Ei^U,0.0,0.009026903462167052
SR6_PKA_EDGE_112|unit_common|na_assay_150,4,EiNa1B2^U,12.920768728668055,0.0002628773908236528
SR6_PKA_EDGE_112|unit_common|na_assay_150,5,EoNa1B2^U,12.920768728668055,0.0028660089139391836
SR6_PKA_EDGE_112|unit_common|na_assay_150,6,EiK1B2^U,13.393989826779919,0.00016491075324533928
SR6_PKA_EDGE_112|unit_common|na_assay_150,7,EoK1B2^U,13.393989826779919,2.0336328882795526e-07
SR6_PKA_EDGE_112|unit_common|na_assay_150,8,EiNa1B2RNae^U,12.920768728668055,0.16958818477932444
SR6_PKA_EDGE_112|unit_common|na_assay_150,9,EoNa1B2RNae^U,12.920768728668055,0.29974476093510094
SR6_PKA_EDGE_112|unit_common|na_assay_150,10,EiK1B2RKe^U,13.393989826779919,1.1000828992650214e-10
SR6_PKA_EDGE_112|unit_common|na_assay_150,11,EoK1B2RKe^U,13.393989826779919,5.510582660766506e-11
SR6_PKA_EDGE_112|unit_common|na_assay_150,12,Eo^P,0.0,1.339999553742322e-08
SR6_PKA_EDGE_112|unit_common|na_assay_150,13,EoCl1^P,0.0,1.8618171367007938e-07
SR6_PKA_EDGE_112|unit_common|na_assay_150,14,EiCl1^P,0.0,3.1876344519046587e-07
SR6_PKA_EDGE_112|unit_common|na_assay_150,15,Ei^P,0.0,9.026903534217048e-09
SR6_PKA_EDGE_112|unit_common|na_assay_150,16,EiNa1B2^P,12.920768728668055,2.628773929935255e-10
SR6_PKA_EDGE_112|unit_common|na_assay_150,17,EoNa1B2^P,12.920768728668055,2.866008937784815e-09
SR6_PKA_EDGE_112|unit_common|na_assay_150,18,EiK1B2^P,13.393989826779919,1.6491075459129472e-10
SR6_PKA_EDGE_112|unit_common|na_assay_150,19,EoK1B2^P,13.393989826779919,2.0336334971749815e-13
SR6_PKA_EDGE_112|unit_common|na_assay_150,20,EiNa1B2RNae^P,12.920768728668055,1.695881861885933e-07
SR6_PKA_EDGE_112|unit_common|na_assay_150,21,EoNa1B2RNae^P,12.920768728668055,2.997447634281577e-07
SR6_PKA_EDGE_112|unit_common|na_assay_150,22,EiK1B2RKe^P,13.393989826779919,1.3402500956752436e-16
SR6_PKA_EDGE_112|unit_common|na_assay_150,23,EoK1B2RKe^P,13.393989826779919,1.0313926454375392e-16
SR6_PKA_EDGE_112|unit_common|k_assay_150,0,Eo^U,0.0,0.019206610943104344
SR6_PKA_EDGE_112|unit_common|k_assay_150,1,EoCl1^U,0.0,0.20295707775505328
SR6_PKA_EDGE_112|unit_common|k_assay_150,2,EiCl1^U,0.0,0.32908771173768914
SR6_PKA_EDGE_112|unit_common|k_assay_150,3,Ei^U,0.0,0.009104366914406498
SR6_PKA_EDGE_112|unit_common|k_assay_150,4,EiNa1B2^U,12.920768728668055,5.5602391191335795e-05
SR6_PKA_EDGE_112|unit_common|k_assay_150,5,EoNa1B2^U,12.920768728668055,8.686647095785625e-08
SR6_PKA_EDGE_112|unit_common|k_assay_150,6,EiK1B2^U,13.393989826779919,0.0003107068853811854
SR6_PKA_EDGE_112|unit_common|k_assay_150,7,EoK1B2^U,13.393989826779919,0.0026004688983099285
SR6_PKA_EDGE_112|unit_common|k_assay_150,8,EiNa1B2RNae^U,12.920768728668055,3.7097216284543186e-11
SR6_PKA_EDGE_112|unit_common|k_assay_150,9,EoNa1B2RNae^U,12.920768728668055,1.8592041377750518e-11
SR6_PKA_EDGE_112|unit_common|k_assay_150,10,EiK1B2RKe^U,13.393989826779919,0.16109413345361495
SR6_PKA_EDGE_112|unit_common|k_assay_150,11,EoK1B2RKe^U,13.393989826779919,0.2755822341000521
SR6_PKA_EDGE_112|unit_common|k_assay_150,12,Eo^P,0.0,1.920661165605127e-08
SR6_PKA_EDGE_112|unit_common|k_assay_150,13,EoCl1^P,0.0,2.0295708507289444e-07
SR6_PKA_EDGE_112|unit_common|k_assay_150,14,EiCl1^P,0.0,3.2908772352158377e-07
SR6_PKA_EDGE_112|unit_common|k_assay_150,15,Ei^P,0.0,9.104367239405466e-09
SR6_PKA_EDGE_112|unit_common|k_assay_150,16,EiNa1B2^P,12.920768728668055,5.5602393176176706e-11
SR6_PKA_EDGE_112|unit_common|k_assay_150,17,EoNa1B2^P,12.920768728668055,8.686647405877405e-14
SR6_PKA_EDGE_112|unit_common|k_assay_150,18,EiK1B2^P,13.393989826779919,3.1070689683212e-10
SR6_PKA_EDGE_112|unit_common|k_assay_150,19,EoK1B2^P,13.393989826779919,2.600468995085769e-09
SR6_PKA_EDGE_112|unit_common|k_assay_150,20,EiNa1B2RNae^P,12.920768728668055,3.709721760880407e-17
SR6_PKA_EDGE_112|unit_common|k_assay_150,21,EoNa1B2RNae^P,12.920768728668055,1.859204204143142e-17
SR6_PKA_EDGE_112|unit_common|k_assay_150,22,EiK1B2RKe^P,13.393989826779919,1.6109413954583346e-07
SR6_PKA_EDGE_112|unit_common|k_assay_150,23,EoK1B2RKe^P,13.393989826779919,2.75582244566849e-07
SR6_PKA_EDGE_112|unit_common|na_assay_150_pka,0,Eo^U,0.0,0.00800391827364759
SR6_PKA_EDGE_112|unit_common|na_assay_150_pka,1,EoCl1^U,0.0,0.11120774007045921
SR6_PKA_EDGE_112|unit_common|na_assay_150_pka,2,EiCl1^U,0.0,0.19039980704632806
SR6_PKA_EDGE_112|unit_common|na_assay_150_pka,3,Ei^U,0.0,0.005391837480443939
SR6_PKA_EDGE_112|unit_common|na_assay_150_pka,4,EiNa1B2^U,12.920768728668055,0.00015701864704156394
SR6_PKA_EDGE_112|unit_common|na_assay_150_pka,5,EoNa1B2^U,12.920768728668055,0.0017118887275386853
SR6_PKA_EDGE_112|unit_common|na_assay_150_pka,6,EiK1B2^U,13.393989826779919,9.850243596855775e-05
SR6_PKA_EDGE_112|unit_common|na_assay_150_pka,7,EoK1B2^U,13.393989826779919,1.2147042531744126e-07
SR6_PKA_EDGE_112|unit_common|na_assay_150_pka,8,EiNa1B2RNae^U,12.920768728668055,0.10129630108109064
SR6_PKA_EDGE_112|unit_common|na_assay_150_pka,9,EoNa1B2RNae^U,12.920768728668055,0.1790398051059467
SR6_PKA_EDGE_112|unit_common|na_assay_150_pka,10,EiK1B2RKe^U,13.393989826779919,6.570878078747762e-11
SR6_PKA_EDGE_112|unit_common|na_assay_150_pka,11,EoK1B2RKe^U,13.393989826779919,3.291512560639752e-11
SR6_PKA_EDGE_112|unit_common|na_assay_150_pka,12,Eo^P,0.0,0.003093902015134838
SR6_PKA_EDGE_112|unit_common|na_assay_150_pka,13,EoCl1^P,0.0,0.09811445324505053
SR6_PKA_EDGE_112|unit_common|na_assay_150_pka,14,EiCl1^P,0.0,0.18385329842956175
SR6_PKA_EDGE_112|unit_common|na_assay_150_pka,15,Ei^P,0.0,0.00539184287228146
SR6_PKA_EDGE_112|unit_common|na_assay_150_pka,16,EiNa1B2^P,12.920768728668055,0.00018941598398647286
SR6_PKA_EDGE_112|unit_common|na_assay_150_pka,17,EoNa1B2^P,12.920768728668055,0.0005532392405267263
SR6_PKA_EDGE_112|unit_common|na_assay_150_pka,18,EiK1B2^P,13.393989826779919,8.231806041902417e-05
SR6_PKA_EDGE_112|unit_common|na_assay_150_pka,19,EoK1B2^P,13.393989826779919,1.6305939921107634e-05
SR6_PKA_EDGE_112|unit_common|na_assay_150_pka,20,EiNa1B2RNae^P,12.920768728668055,0.055631120099347155
SR6_PKA_EDGE_112|unit_common|na_assay_150_pka,21,EoNa1B2RNae^P,12.920768728668055,0.05576716357763271
SR6_PKA_EDGE_112|unit_common|na_assay_150_pka,22,EiK1B2RKe^P,13.393989826779919,4.939431744875596e-11
SR6_PKA_EDGE_112|unit_common|na_assay_150_pka,23,EoK1B2RKe^P,13.393989826779919,4.922975937621495e-11
SR6_PKA_EDGE_112|fast_common|physiology_basal,0,Eo^U,0.0,0.004020852014995662
SR6_PKA_EDGE_112|fast_common|physiology_basal,1,EoCl1^U,0.0,0.43787944921469063
SR6_PKA_EDGE_112|fast_common|physiology_basal,2,EiCl1^U,0.0,0.4404134524623042
SR6_PKA_EDGE_112|fast_common|physiology_basal,3,Ei^U,0.0,0.009315069698768793
SR6_PKA_EDGE_112|fast_common|physiology_basal,4,EiNa1B2^U,12.790204286020458,0.00010810696007689975
SR6_PKA_EDGE_112|fast_common|physiology_basal,5,EoNa1B2^U,12.790204286020458,0.0006499077584853289
SR6_PKA_EDGE_112|fast_common|physiology_basal,6,EiK1B2^U,13.254023486279646,0.00019533004549182763
SR6_PKA_EDGE_112|fast_common|physiology_basal,7,EoK1B2^U,13.254023486279646,1.7130009952991543e-05
SR6_PKA_EDGE_112|fast_common|physiology_basal,8,EiNa1B2RNae^U,12.790204286020458,0.04047675311506858
SR6_PKA_EDGE_112|fast_common|physiology_basal,9,EoNa1B2RNae^U,12.790204286020458,0.06579691042735582
SR6_PKA_EDGE_112|fast_common|physiology_basal,10,EiK1B2RKe^U,13.254023486279646,0.0007204291783214093
SR6_PKA_EDGE_112|fast_common|physiology_basal,11,EoK1B2RKe^U,13.254023486279646,0.0004056091155361322
SR6_PKA_EDGE_112|fast_common|physiology_basal,12,Eo^P,0.0,4.020851820220784e-09
SR6_PKA_EDGE_112|fast_common|physiology_basal,13,EoCl1^P,0.0,4.378794283077089e-07
SR6_PKA_EDGE_112|fast_common|physiology_basal,14,EiCl1^P,0.0,4.4041343146301454e-07
SR6_PKA_EDGE_112|fast_common|physiology_basal,15,Ei^P,0.0,9.315069260321413e-09
SR6_PKA_EDGE_112|fast_common|physiology_basal,16,EiNa1B2^P,12.790204286020458,1.0810695492305828e-10
SR6_PKA_EDGE_112|fast_common|physiology_basal,17,EoNa1B2^P,12.790204286020458,6.499077270091462e-10
SR6_PKA_EDGE_112|fast_common|physiology_basal,18,EiK1B2^P,13.254023486279646,1.9533003610360963e-10
SR6_PKA_EDGE_112|fast_common|physiology_basal,19,EoK1B2^P,13.254023486279646,1.7130008737838855e-11
SR6_PKA_EDGE_112|fast_common|physiology_basal,20,EiNa1B2RNae^P,12.790204286020458,4.047675116236928e-08
SR6_PKA_EDGE_112|fast_common|physiology_basal,21,EoNa1B2RNae^P,12.790204286020458,6.579690724452578e-08
SR6_PKA_EDGE_112|fast_common|physiology_basal,22,EiK1B2RKe^P,13.254023486279646,7.204289968536598e-10
SR6_PKA_EDGE_112|fast_common|physiology_basal,23,EoK1B2RKe^P,13.254023486279646,4.056088023581886e-10
SR6_PKA_EDGE_112|fast_common|na_assay_150,0,Eo^U,0.0,0.013670321690917937
SR6_PKA_EDGE_112|fast_common|na_assay_150,1,EoCl1^U,0.0,0.20793227604585873
SR6_PKA_EDGE_112|fast_common|na_assay_150,2,EiCl1^U,0.0,0.22325737497407744
SR6_PKA_EDGE_112|fast_common|na_assay_150,3,Ei^U,0.0,0.007530167285125298
SR6_PKA_EDGE_112|fast_common|na_assay_150,4,EiNa1B2^U,12.790204286020458,0.0003086491343226306
SR6_PKA_EDGE_112|fast_common|na_assay_150,5,EoNa1B2^U,12.790204286020458,0.0033168504029545544
SR6_PKA_EDGE_112|fast_common|na_assay_150,6,EiK1B2^U,13.254023486279646,0.00015822047774420735
SR6_PKA_EDGE_112|fast_common|na_assay_150,7,EoK1B2^U,13.254023486279646,2.0923993747087916e-07
SR6_PKA_EDGE_112|fast_common|na_assay_150,8,EiNa1B2RNae^U,12.790204286020458,0.1967074335799908
SR6_PKA_EDGE_112|fast_common|na_assay_150,9,EoNa1B2RNae^U,12.790204286020458,0.347117497011587
SR6_PKA_EDGE_112|fast_common|na_assay_150,10,EiK1B2RKe^U,13.254023486279646,1.0555006514196194e-10
SR6_PKA_EDGE_112|fast_common|na_assay_150,11,EoK1B2RKe^U,13.254023486279646,5.2879652539716423e-11
SR6_PKA_EDGE_112|fast_common|na_assay_150,12,Eo^P,0.0,1.367032243510038e-08
SR6_PKA_EDGE_112|fast_common|na_assay_150,13,EoCl1^P,0.0,2.079322870881242e-07
SR6_PKA_EDGE_112|fast_common|na_assay_150,14,EiCl1^P,0.0,2.2325738682289645e-07
SR6_PKA_EDGE_112|fast_common|na_assay_150,15,Ei^P,0.0,7.530167683412387e-09
SR6_PKA_EDGE_112|fast_common|na_assay_150,16,EiNa1B2^P,12.790204286020458,3.0864915104959687e-10
SR6_PKA_EDGE_112|fast_common|na_assay_150,17,EoNa1B2^P,12.790204286020458,3.3168505835107405e-09
SR6_PKA_EDGE_112|fast_common|na_assay_150,18,EiK1B2^P,13.254023486279646,1.5822048628886083e-10
SR6_PKA_EDGE_112|fast_common|na_assay_150,19,EoK1B2^P,13.254023486279646,2.0924029989122557e-13
SR6_PKA_EDGE_112|fast_common|na_assay_150,20,EiNa1B2RNae^P,12.790204286020458,1.9670744428049664e-07
SR6_PKA_EDGE_112|fast_common|na_assay_150,21,EoNa1B2RNae^P,12.790204286020458,3.471175159035538e-07
SR6_PKA_EDGE_112|fast_common|na_assay_150,22,EiK1B2RKe^P,13.254023486279646,2.3831255413835667e-16
SR6_PKA_EDGE_112|fast_common|na_assay_150,23,EoK1B2RKe^P,13.254023486279646,3.1840462198785233e-16
SR6_PKA_EDGE_112|fast_common|k_assay_150,0,Eo^U,0.0,0.01958916194494835
SR6_PKA_EDGE_112|fast_common|k_assay_150,1,EoCl1^U,0.0,0.22377846805406165
SR6_PKA_EDGE_112|fast_common|k_assay_150,2,EiCl1^U,0.0,0.23832065008148848
SR6_PKA_EDGE_112|fast_common|k_assay_150,3,Ei^U,0.0,0.0076748494071151386
SR6_PKA_EDGE_112|fast_common|k_assay_150,4,EiNa1B2^U,12.790204286020458,5.340370535192095e-05
SR6_PKA_EDGE_112|fast_common|k_assay_150,5,EoNa1B2^U,12.790204286020458,8.905445176591344e-08
SR6_PKA_EDGE_112|fast_common|k_assay_150,6,EiK1B2^U,13.254023486279646,0.00034343129022026595
SR6_PKA_EDGE_112|fast_common|k_assay_150,7,EoK1B2^U,13.254023486279646,0.0030379089594486284
SR6_PKA_EDGE_112|fast_common|k_assay_150,8,EiNa1B2RNae^U,12.790204286020458,3.563215505186929e-11
SR6_PKA_EDGE_112|fast_common|k_assay_150,9,EoNa1B2RNae^U,12.790204286020458,1.7860604751817602e-11
SR6_PKA_EDGE_112|fast_common|k_assay_150,10,EiK1B2RKe^U,13.254023486279646,0.18623857699445795
SR6_PKA_EDGE_112|fast_common|k_assay_150,11,EoK1B2RKe^U,13.254023486279646,0.320962460455876
SR6_PKA_EDGE_112|fast_common|k_assay_150,12,Eo^P,0.0,1.9589163656145907e-08
SR6_PKA_EDGE_112|fast_common|k_assay_150,13,EoCl1^P,0.0,2.237784871734567e-07
SR6_PKA_EDGE_112|fast_common|k_assay_150,14,EiCl1^P,0.0,2.3832067042834403e-07
SR6_PKA_EDGE_112|fast_common|k_assay_150,15,Ei^P,0.0,7.674850059544348e-09
SR6_PKA_EDGE_112|fast_common|k_assay_150,16,EiNa1B2^P,12.790204286020458,5.340370989170219e-11
SR6_PKA_EDGE_112|fast_common|k_assay_150,17,EoNa1B2^P,12.790204286020458,8.905445933639933e-14
SR6_PKA_EDGE_112|fast_common|k_assay_150,18,EiK1B2^P,13.254023486279646,3.434313201693479e-10
SR6_PKA_EDGE_112|fast_common|k_assay_150,19,EoK1B2^P,13.254023486279646,3.037909225359306e-09
SR6_PKA_EDGE_112|fast_common|k_assay_150,20,EiNa1B2RNae^P,12.790204286020458,3.563215808091361e-17
SR6_PKA_EDGE_112|fast_common|k_assay_150,21,EoNa1B2RNae^P,12.790204286020458,1.7860606270125004e-17
SR6_PKA_EDGE_112|fast_common|k_assay_150,22,EiK1B2RKe^P,13.254023486279646,1.862385935023766e-07
SR6_PKA_EDGE_112|fast_common|k_assay_150,23,EoK1B2RKe^P,13.254023486279646,3.209624889793511e-07
SR6_PKA_EDGE_112|fast_common|na_assay_150_pka,0,Eo^U,0.0,0.008137629862016407
SR6_PKA_EDGE_112|fast_common|na_assay_150_pka,1,EoCl1^U,0.0,0.1237773285139276
SR6_PKA_EDGE_112|fast_common|na_assay_150_pka,2,EiCl1^U,0.0,0.1329000094205138
SR6_PKA_EDGE_112|fast_common|na_assay_150_pka,3,Ei^U,0.0,0.0044825363697275225
SR6_PKA_EDGE_112|fast_common|na_assay_150_pka,4,EiNa1B2^U,12.790204286020458,0.00018373177084911
SR6_PKA_EDGE_112|fast_common|na_assay_150_pka,5,EoNa1B2^U,12.790204286020458,0.0019744451884300697
SR6_PKA_EDGE_112|fast_common|na_assay_150_pka,6,EiK1B2^U,13.254023486279646,9.418503189498171e-05
SR6_PKA_EDGE_112|fast_common|na_assay_150_pka,7,EoK1B2^U,13.254023486279646,1.245557494539941e-07
SR6_PKA_EDGE_112|fast_common|na_assay_150_pka,8,EiNa1B2RNae^U,12.790204286020458,0.11709543650641444
SR6_PKA_EDGE_112|fast_common|na_assay_150_pka,9,EoNa1B2RNae^U,12.790204286020458,0.2066311073854624
SR6_PKA_EDGE_112|fast_common|na_assay_150_pka,10,EiK1B2RKe^U,13.254023486279646,6.283153984647251e-11
SR6_PKA_EDGE_112|fast_common|na_assay_150_pka,11,EoK1B2RKe^U,13.254023486279646,3.1478047797963244e-11
SR6_PKA_EDGE_112|fast_common|na_assay_150_pka,12,Eo^P,0.0,0.003852346254075237
SR6_PKA_EDGE_112|fast_common|na_assay_150_pka,13,EoCl1^P,0.0,0.11479874577673739
SR6_PKA_EDGE_112|fast_common|na_assay_150_pka,14,EiCl1^P,0.0,0.12473768185278104
SR6_PKA_EDGE_112|fast_common|na_assay_150_pka,15,Ei^P,0.0,0.004482540852264353
SR6_PKA_EDGE_112|fast_common|na_assay_150_pka,16,EiNa1B2^P,12.790204286020458,0.00021026862584598723
SR6_PKA_EDGE_112|fast_common|na_assay_150_pka,17,EoNa1B2^P,12.790204286020458,0.0008278627701359876
SR6_PKA_EDGE_112|fast_common|na_assay_150_pka,18,EiK1B2^P,13.254023486279646,8.451599758841778e-05
SR6_PKA_EDGE_112|fast_common|na_assay_150_pka,19,EoK1B2^P,13.254023486279646,9.79367966979796e-06
SR6_PKA_EDGE_112|fast_common|na_assay_150_pka,20,EiNa1B2RNae^P,12.790204286020458,0.07762705831918208
SR6_PKA_EDGE_112|fast_common|na_assay_150_pka,21,EoNa1B2RNae^P,12.790204286020458,0.078092651078115
SR6_PKA_EDGE_112|fast_common|na_assay_150_pka,22,EiK1B2RKe^P,13.254023486279646,4.7342449829474455e-11
SR6_PKA_EDGE_112|fast_common|na_assay_150_pka,23,EoK1B2RKe^P,13.254023486279646,4.696690307825727e-11
