time_s,nkcc_multiplier,nkcc_ca_multiplier,nkcc_beta_increment,nkcc_cycles_fmol_s,nkcc_cl_fmol_s,ae4_cl_fmol_s,ae2_cl_fmol_s,nhe_fmol_s,nbc_cycles_fmol_s,vrac_conductance_S,vrac_current_A,vrac_cl_fmol_s,tmem16a_current_A,tmem16a_cl_fmol_s,total_cl_export_fmol_s,na_i_mM,k_i_mM,cl_i_mM,tic_i_mM,hco3_i_mM,ph_i,volume_i_pL,relative_swelling,v_apical_V,v_basolateral_V,v_trans_V,pump_cycles_fmol_s,k_apical_fmol_s,k_basolateral_fmol_s,para_cl_return_fmol_s,lumen_osm_mOsm,volume_l_pL,flow_pL_s,chloride_derivative_mM_s,cell_bulk_charge_rate_fmol_s,lumen_bulk_charge_rate_minus_outflow_fmol_s,carbon_accounting_fmol_s,buffer_site_accounting_fmol_s,water_volume_accounting_pL_s,homeostasis_charge_fmol_s,ae4_charge_fmol_s,apical_current_A,basolateral_current_A,cell_speciation_alkalinity_mM,lumen_speciation_alkalinity_mM,cumulative_pL
0.0,1.0,1.0,0.0,0.1298776641370829,0.2597553282741658,0.005549800351254686,-0.0020760874273370302,0.009023513275380054,0.0,0.0,0.0,0.0,-2.5397741463566907e-11,0.2632290411974684,0.2632290411974684,11.952206317073285,122.85284792705396,57.85495030913425,5.427597369124638,4.658274425121358,6.883124544391061,1.259615564408113,0.0,-0.03450040362198103,-0.07186910966463332,-0.03736870604265229,0.045375425745436924,0.03666705523316194,0.1811865602188694,0.11023584374900455,321.115857715653,0.10491258831956275,0.0009825176639125493,-1.2997433340931482e-10,1.491862189340054e-16,6.938893903907228e-18,2.168404344971009e-19,0.0,0.0,1.0408340855860843e-17,0.0,-6.462348535570529e-27,-1.2924697071141057e-26,5.329070518200751e-15,-8.881784197001252e-16,0.0
1e-06,2.5,1.0,1.5,0.32469416034270726,0.6493883206854145,0.005549800351254686,-0.0020760874273370302,0.009023513275380054,0.0,0.0,0.0,0.0,-2.5397741463566907e-11,0.2632290411974684,0.2632290411974684,11.952206317073285,122.85284792705396,57.85495030913425,5.427597369124638,4.658274425121358,6.883124544391061,1.259615564408113,0.0,-0.03450040362198103,-0.07186910966463332,-0.03736870604265229,0.045375425745436924,0.03666705523316194,0.1811865602188694,0.11023584374900455,321.115857715653,0.10491258831956275,0.0009825176639125493,0.3093269115252776,1.214306433183765e-16,6.938893903907228e-18,2.168404344971009e-19,0.0,0.0,-1.0061396160665481e-16,0.0,-6.462348535570529e-27,-1.2924697071141057e-26,5.329070518200751e-15,-8.881784197001252e-16,9.825176639125494e-10
1.0,2.5,1.0,1.5,0.31088622475591215,0.6217724495118243,0.005369065641386797,-0.002086329721034738,0.008987409156159396,0.0,1.6679361381766178e-09,-9.460415629797402e-12,0.09805029865090131,-1.7920378724212556e-11,0.18573163744645413,0.28378193609735547,12.080338149093132,122.78897149547073,58.047212159549325,5.418715900783966,4.650651184329346,6.88312410966056,1.261716522728199,0.0016679361381766178,-0.03205128062114937,-0.07091755388614734,-0.038866273264997975,0.04590934045407169,0.04710317908699909,0.1907694165562846,0.11413217035665604,321.17717933164784,0.10494446213219703,0.0009888924264394056,0.17191005484928074,9.8879238130678e-17,1.0527603094834248e-16,1.0842021724855044e-19,0.0,0.0,-3.9898639947466563e-17,0.0,6.462348535570529e-27,-1.2924697071141057e-26,7.105427357601002e-15,0.0,0.0009857050419885963
2.0,2.5,1.0,1.5,0.29899681642241627,0.5979936328448325,0.005205048864723505,-0.0020952328566806416,0.008954628169125883,0.0,3.2792387007054555e-09,-1.4474604677372455e-11,0.1500187060492284,-1.3946013000308278e-11,0.14454023936989147,0.29455894541911987,12.197597261906997,122.71119353476288,58.20968309024628,5.410482569480453,4.643583481670789,6.883123189601952,1.2637461445149312,0.0032792387007054558,-0.030721970788678152,-0.07040711451118546,-0.03968514372250731,0.04638903230850519,0.05235687233947667,0.1958130407711381,0.11626248897120708,321.18591500744503,0.10505218548654822,0.001010437097309644,0.15383772735470402,-6.938893903907228e-18,-6.006480035569695e-17,-1.0842021724855044e-19,0.0,0.0,1.0408340855860843e-16,0.0,0.0,9.693522803355793e-27,-7.105427357601002e-15,1.7763568394002505e-15,0.001985369803863121
5.0,2.5,1.0,1.5,0.26973991263164615,0.5394798252632923,0.004835151142350766,-0.0021165027765556307,0.008870840588632722,0.0,7.295690380318742e-09,-2.0695653186374246e-11,0.2144953303434226,-8.962499166175081e-12,0.09288975815545009,0.3073850884988727,12.501307674171812,122.50542993531816,58.61108533453574,5.391745521306021,4.627495768062521,6.883118856144547,1.2688053295642652,0.007295690380318742,-0.028972405752413014,-0.06975817044232512,-0.0407857646899121,0.04759211206156591,0.057806118139141494,0.20198685829816485,0.11914386767571555,321.19224509196414,0.10541476289227095,0.0010829525784541883,0.11666768209755371,3.712308238590367e-16,4.553649124439119e-18,2.168404344971009e-19,0.0,2.168404344971009e-19,1.0408340855860843e-17,0.0,-3.2311742677852644e-27,-3.877409121342317e-26,1.7763568394002505e-15,1.7763568394002505e-15,0.005127384151887758
10.0,2.5,1.0,1.5,0.23547368991047035,0.4709473798209407,0.0044791018905834395,-0.0021401218482999503,0.008767673344524314,0.0,1.2178711352074156e-08,-2.39717012879556e-11,0.24844917627626234,-6.218904749232834e-12,0.06445440578986975,0.31290358206613206,12.883491436445611,122.24119179272289,59.091018633269854,5.37355276735667,4.611866588542104,6.883108746609416,1.2749560587816196,0.012178711352074156,-0.027905748248692335,-0.069391875952607,-0.04148612770391466,0.049026665408539574,0.05873632385161827,0.20514059280597424,0.12100951757527614,321.1892877687688,0.10581315046467461,0.0011626300929349215,0.07860239891628802,-6.591949208711867e-17,-7.502679033599691e-17,-4.336808689942018e-19,0.0,0.0,-1.0408340855860843e-17,0.0,-6.462348535570529e-27,6.462348535570529e-27,-1.7763568394002505e-15,0.0,0.010764270531293123
20.0,2.5,1.0,1.5,0.19645442781259725,0.3929088556251945,0.004297935490081811,-0.0021635099264480356,0.008643803405055888,0.0,1.8050967355964564e-08,-2.5762117618124898e-11,0.2670055339197489,-4.5091788676898375e-12,0.046734345714659675,0.3137398796344085,13.357306609849703,121.90707581464964,59.65245513814869,5.362738647489404,4.602534749333367,6.88307491320494,1.2823528438423089,0.018050967355964564,-0.027144717935518047,-0.06915996064455816,-0.04201524270904011,0.05068626380290993,0.0562904465025443,0.20676316932895458,0.12246559966645879,321.1799494585191,0.10604426127415095,0.0012088522548301896,0.039000679947852154,-2.255140518769849e-16,-2.476317761956892e-16,-4.336808689942018e-19,0.0,0.0,-3.469446951953614e-18,0.0,-2.261821987449685e-26,4.52364397489937e-26,1.7763568394002505e-15,-8.881784197001252e-16,0.022697906439836223
30.0,2.5,1.0,1.5,0.17674956579648368,0.35349913159296736,0.004435329280322156,-0.0021719244734013884,0.008579569607313332,0.0,2.115621125576128e-08,-2.623393380479104e-11,0.27189556410671384,-3.917796811773545e-12,0.040605102617058235,0.312500666723772,13.61612042141098,121.72059484949831,59.938606413541905,5.36628716424794,4.605484125765351,6.883010682865751,1.286264257389776,0.02115621125576128,-0.026852508167979353,-0.06908283627141117,-0.042230328103431816,0.051539304512260874,0.05382813265120863,0.2071332295603018,0.12308215161943586,321.1733714543565,0.10604016523338464,0.0012080330466769263,0.020387925911219126,7.216449660063518e-16,1.8214596497756474e-17,4.336808689942018e-19,0.0,0.0,-3.469446951953614e-17,0.0,0.0,-7.431700815906108e-26,0.0,-4.440892098500626e-16,0.03479566074216745
40.0,2.5,1.0,1.5,0.16615858546971135,0.3323171709394227,0.004665954388786517,-0.002174241305834135,0.008546417919450884,0.0,2.2858990288981082e-08,-2.638622407188469e-11,0.2734739415009508,-3.647006926568194e-12,0.03779856322650541,0.3112725047274562,13.762876837797915,121.61245499597254,60.09002550672173,5.373876128506458,4.61184638514598,6.882910075472469,1.2884091043627677,0.022858990288981085,-0.026714476992084908,-0.06905070230900497,-0.04233622531692006,0.052006797818205844,0.052046846657714724,0.20721886025153505,0.1233956855747473,321.1691863673631,0.10600240967993686,0.0012004819359873716,0.010916274301269947,5.776629175002768e-16,-4.2847669856627135e-16,0.0,0.0,0.0,1.5612511283791264e-17,0.0,-4.2005265481208437e-26,-1.2924697071141057e-26,-3.552713678800501e-15,4.440892098500626e-16,0.046838780588830446
50.0,2.5,1.0,1.5,0.1602692563831473,0.3205385127662946,0.004893738540872258,-0.002174190258806282,0.00853066103851427,0.0,2.380799157096858e-08,-2.6434337735634966e-11,0.2739726044862265,-3.5080199897911762e-12,0.03635806513500112,0.3103306696212276,13.848012078137524,121.5479705066161,60.17156276838483,5.381537389310835,4.618220570073709,6.882776385630312,1.2896044811482024,0.02380799157096858,-0.026643977458755373,-0.06903618049777904,-0.04239220303902367,0.052272737739838815,0.050835531878522015,0.20722240000286757,0.12356594427793441,321.166551593556,0.1059690273441837,0.0011938054688367394,0.005908891425650147,-7.91033905045424e-16,-7.32920668600201e-17,0.0,0.0,0.0,-3.469446951953614e-17,0.0,-6.462348535570529e-27,8.077935669463161e-26,7.105427357601002e-15,8.881784197001252e-16,0.05880876699911942
60.0,2.5,1.0,1.5,0.1569266248445064,0.3138532496890128,0.005083672433316505,-0.002173377505651765,0.008524985622207134,0.0,2.4339055574535084e-08,-2.6444840602928336e-11,0.2740814590350226,-3.4328404300738277e-12,0.03557888390542473,0.3096603429404474,13.89820805957124,121.50853662739888,60.215774085766384,5.38792998294585,4.623466871639908,6.882617025134709,1.2902734176327915,0.024339055574535085,-0.026606721001793742,-0.06902941418879262,-0.04242269318699887,0.05242775374253375,0.05002966898785107,0.207202920210062,0.12366092991317787,321.1648912896853,0.1059445909842945,0.0011889181968588987,0.00320613215841723,5.204170427930421e-16,-1.5005358067199381e-16,-4.336808689942018e-19,0.0,0.0,-2.0816681711721685e-17,0.0,-1.9387045606711586e-26,-3.2311742677852644e-26,0.0,4.440892098500626e-16,0.07072097629369803
70.0,2.5,1.0,1.5,0.15500367235167614,0.3100073447033523,0.0052288179820102615,-0.002172465214956739,0.008525232491535507,0.0,2.4634079696224775e-08,-2.6441778311196116e-11,0.2740497206177427,-3.3913350841412925e-12,0.035148711307988724,0.30919843192573143,13.928217138057892,121.48374940047323,60.23971786916053,5.392808300502202,4.627386627952446,6.8824400223907585,1.2906450346083476,0.024634079696224775,-0.02658682183077523,-0.06902626270796737,-0.04243944087719214,0.052519803260524835,0.04949922675927289,0.20717940190593417,0.12371433324267107,321.1638422286516,0.10592766582378409,0.0011855331647568164,0.0017293896368833469,-5.412337245047638e-16,4.2240516640035253e-16,2.168404344971009e-19,0.0,0.0,1.3877787807814457e-17,0.0,4.2005265481208437e-26,6.462348535570529e-27,-5.329070518200751e-15,4.440892098500626e-16,0.08259216903364047
80.0,2.5,1.0,1.5,0.15388660117937003,0.30777320235874006,0.005333745615534083,-0.002171692136015141,0.008528949922099892,0.0,2.4794227875619244e-08,-2.6434408444504005e-11,0.2739733373320123,-3.3684910121165724e-12,0.03491194918546934,0.30888528651748165,13.946416833093332,121.46763965845379,60.25254574652426,5.396342465504738,4.630136520268178,6.882252402052357,1.2908467597477247,0.024794227875619246,-0.02657629393831425,-0.0690248482816893,-0.04244855434337505,0.052575402689852196,0.049152250379516135,0.20715763344811397,0.12374414774292664,321.1631774236925,0.1059162027361959,0.0011832405472391784,0.0009161440963364147,-6.626643678231403e-16,-2.168404344971009e-17,0.0,0.0,0.0,1.734723475976807e-17,0.0,-3.2311742677852644e-27,6.462348535570529e-26,8.881784197001252e-15,8.881784197001252e-16,0.0944352894530725
90.0,2.5,1.0,1.5,0.1532326291710579,0.3064652583421158,0.005406556755729222,-0.002171113983933271,0.008534662983029547,0.0,2.487671612335829e-08,-2.6426286231034496e-11,0.2738891565214057,-3.35628992671644e-12,0.03478549384627894,0.30867465036768466,13.95764673228853,121.45672544878376,60.25923529028101,5.398818659751578,4.631970572027686,6.8820596860075645,1.2909506632284573,0.02487671612335829,-0.026570931384302072,-0.06902428346438004,-0.04245335208007797,0.05260962457834216,0.048926164016557104,0.20713886177278493,0.12376037839397641,321.16275472345814,0.10590852167809758,0.0011817043356195157,0.0004656641569576565,4.354155924701786e-16,-1.7477339020466331e-16,-8.673617379884035e-19,0.0,0.0,-2.949029909160572e-17,0.0,-1.9387045606711586e-26,-2.5849394142282115e-26,5.329070518200751e-15,1.7763568394002505e-15,0.10625950362312193
100.0,2.5,1.0,1.5,0.15284717895330338,0.30569435790660676,0.005455367596305383,-0.0021707147251213655,0.008541474721205736,0.0,2.4914275656427564e-08,-2.641866472366982e-11,0.27381016516388834,-3.35026363369476e-12,0.034723035720372455,0.30853320088426084,13.964735215677754,121.44895263481311,60.262516618699216,5.400516018366969,4.633134528804808,6.881865931179688,1.2909979738009034,0.024914275656427565,-0.026568455227143222,-0.06902413918493405,-0.04245568395779083,0.05263119202774412,0.0487791535666554,0.20712285528986069,0.12376871750409789,321.16248480501986,0.10590339896718826,0.0011806797934376502,0.00021483176794992844,5.863365348801608e-16,2.0296264668928643e-16,0.0,0.0,0.0,2.42861286636753e-17,0.0,2.261821987449685e-26,-7.754818242684634e-26,5.329070518200751e-15,8.881784197001252e-16,0.1180710820901362
110.0,2.5,1.0,1.5,0.15261854658323695,0.3052370931664739,0.005487009786775646,-0.002170456553677429,0.008548837272369398,0.0,2.4925787896186378e-08,-2.6411869709721174e-11,0.27373973980700406,-3.3478549721344074e-12,0.03469807170244943,0.3084378115094535,13.969349093880936,121.4430994655646,60.263895638145655,5.401664623418195,4.6338301676356055,6.881673970859301,1.2910124747972849,0.02492578789618638,-0.026567607472111277,-0.06902420541598991,-0.04245659794387864,0.05264521537422962,0.04868358221548006,0.20710901391974346,0.12377244911605825,321.16231139565417,0.1058999828990895,0.0011799965798178992,7.440394736979832e-05,3.2612801348363973e-16,4.466912950640278e-17,0.0,0.0,0.0,-2.0816681711721685e-17,0.0,-3.2311742677852644e-27,-3.2311742677852644e-26,5.329070518200751e-15,-4.440892098500626e-16,0.12987423701279496
120.0,2.5,1.0,1.5,0.15248206275840032,0.30496412551680063,0.005506757075291829,-0.0021703007458478796,0.008556416274536264,0.0,2.4922216529821516e-08,-2.6405876202244277e-11,0.27367762147932456,-3.3475749013739785e-12,0.034695168973565414,0.30837279045289,13.972476862047218,121.43843468031372,60.26420672784425,5.402438769460904,4.634209946991897,6.881485696083689,1.2910079762486253,0.024922216529821517,-0.02656768443326956,-0.06902437865101083,-0.042456694217741266,0.05265471440966248,0.048621324710239056,0.20709675133298852,0.12377348514246614,321.16219898678855,0.10589769448097738,0.0011795388961954756,-4.707268358135046e-06,-9.8879238130678e-17,-5.451368523257116e-16,4.336808689942018e-19,0.0,0.0,4.683753385137379e-17,0.0,-5.169878828456423e-26,6.139231108792002e-26,-7.105427357601002e-15,4.440892098500626e-16,0.1416717650726483
130.0,2.5,1.0,1.5,0.15240003418014897,0.30480006836029794,0.005518472506815725,-0.0021702150258921925,0.008564008935981988,0.0,2.490996238957921e-08,-2.6400549882168207e-11,0.2736224180617787,-3.3485461280730342e-12,0.03470523502897213,0.3083276530907509,13.97470764982635,121.43451832548315,60.26391425346515,5.402963777523134,4.634383242883917,6.881302308353137,1.2909925407428477,0.02490996238957921,-0.026568288345790704,-0.06902460761307233,-0.04245631926728163,0.05266148494612283,0.048580565857079906,0.20708560228754777,0.12377294581595223,321.1621251534333,0.10589614594684564,0.001179229189369127,-4.9600849414339395e-05,3.86843335142828e-16,1.7867651802561113e-16,4.336808689942018e-19,0.0,0.0,-1.734723475976807e-18,0.0,1.6155871338926322e-26,-4.8467614016778965e-26,0.0,4.440892098500626e-16,0.15346550783403287
140.0,2.5,1.0,1.5,0.1523503628196785,0.304700725639357,0.005524886170098664,-0.0021701750274923347,0.008571493893671265,0.0,2.489277969543191e-08,-2.6395743595307604e-11,0.2735726044087084,-3.350247490885094e-12,0.03472286841194006,0.3082954728206484,13.976393948207615,121.43108450971586,60.26327804191402,5.403326499261098,4.634425675326414,6.881124522366247,1.2909708971538614,0.02489277969543191,-0.026569192278533035,-0.06902486669291469,-0.04245567441438165,0.05266660001653955,0.048553642225672655,0.2070752305784361,0.12377149074765505,321.16207572913805,0.10589508037086727,0.001179016074173453,-7.528020800508375e-05,1.0408340855860843e-16,-5.538104697055957e-16,2.168404344971009e-19,0.0,0.0,2.7755575615628914e-17,0.0,-5.492996255234949e-26,4.52364397489937e-26,-3.552713678800501e-15,1.3322676295501878e-15,0.16525667054321316
150.0,2.5,1.0,1.5,0.15232002517756765,0.3046400503551353,0.005527876521960448,-0.002170163453334351,0.00857880027381749,0.0,2.4872878974902865e-08,-2.639133113478291e-11,0.27352687247798124,-3.3523675202323046e-12,0.03474484096777449,0.3082717134457557,13.977747300020326,121.4279718532209,60.26244453090959,5.403585418236443,4.634388011538581,6.88095271865326,1.29094582989654,0.024872878974902868,-0.026570265584885986,-0.06902514288092648,-0.0424548772960405,0.05267070305128245,0.04853560415478927,0.2070654062396833,0.12376950992892548,321.1620417650269,0.10589432892219902,0.0011788657844398033,-9.007626275225677e-05,7.598088824778415e-16,-2.259477327459791e-16,1.0842021724855044e-19,0.0,0.0,5.204170427930421e-17,0.0,-2.261821987449685e-26,-4.52364397489937e-26,-3.552713678800501e-15,1.3322676295501878e-15,0.1770460385208485
160.0,2.5,1.0,1.5,0.15230130780546694,0.3046026156109339,0.005528708415438732,-0.0021701685699513137,0.008585888497911332,0.0,2.485156589602e-08,-2.6387214835764534e-11,0.27348421004496754,-3.354719238672481e-12,0.034769214811844924,0.30825342485681245,13.978894932738267,121.42508197669899,60.261497099817035,5.40377895783985,4.63430346452902,6.880787053880713,1.2909189836106536,0.02485156589602,-0.02657143232507108,-0.06902542934044724,-0.04245399701537616,0.05267418082646825,0.048523266137794216,0.20705597789254937,0.12376723479167702,321.1620176096145,0.10589378139316499,0.0011787562786329975,-9.863155744565334e-05,6.38378239159465e-16,-2.393918396847994e-16,4.336808689942018e-19,0.0,0.0,5.551115123125783e-17,0.0,-2.261821987449685e-26,-3.554291694563791e-26,-8.881784197001252e-15,-4.440892098500626e-16,0.18883412202682612
170.0,2.5,1.0,1.5,0.15228962042279795,0.3045792408455959,0.005528217648490569,-0.0021701827215879483,0.008592738334084136,0.0,2.4829613349798273e-08,-2.6383323227785035e-11,0.2734438763704702,-3.357190044350166e-12,0.03479482290815755,0.30823869927862774,13.979913456469458,121.4223546011263,60.26048391374184,5.403931790533262,4.634193225637853,6.880627538293103,1.2908913318417543,0.024829613349798274,-0.02657264788374274,-0.06902572226180217,-0.04245307437805944,0.052677266165925156,0.048514584206197406,0.20704684890650463,0.1237648031531822,321.1619996951663,0.10589336623381587,0.0011786732467631734,-0.00010354613096836456,4.874572967494828e-16,-2.740863092043355e-16,-3.2526065174565133e-19,0.0,0.0,-2.6020852139652106e-17,0.0,-2.5849394142282115e-26,-2.261821987449685e-26,5.329070518200751e-15,8.881784197001252e-16,0.20062125223742378
180.0,2.5,1.0,1.5,0.15228221850982543,0.30456443701965086,0.005526946803464675,-0.002170201100562446,0.008599341443904852,0.0,2.4807479258890375e-08,-2.637960577349761e-11,0.27340534767179914,-3.3597119896701204e-12,0.034820961029512806,0.30822630870131196,13.9808490080457,121.41975254866884,60.2594333563594,5.404059398643054,4.634070459234818,6.8804740888966425,1.2908634513963428,0.024807479258890375,-0.02657388572542469,-0.0690260193335283,-0.042452133608103605,0.052680099257781166,0.04850825014971059,0.20703795929382127,0.12376229736245231,321.16198577037443,0.10589303720043539,0.001178607440087076,-0.00010628662543262827,-1.1310397063368782e-15,1.95590071916385e-16,3.2526065174565133e-19,0.0,0.0,-2.7755575615628914e-17,0.0,1.9387045606711586e-26,8.401053096241687e-26,-5.329070518200751e-15,8.881784197001252e-16,0.21240764431288706
190.0,2.5,1.0,1.5,0.15227745337706589,0.30455490675413177,0.005525241814084064,-0.0021702208155394585,0.008605696729762854,0.0,2.4785434668747053e-08,-2.6376027526374904e-11,0.27336826175372136,-3.3622440434455597e-12,0.03484720391762652,0.3082154656713479,13.981729341058339,121.41725267581606,60.25836260375717,5.4041712594198446,4.633943090255856,6.880326565329694,1.2908356836874872,0.024785434668747053,-0.026575129841353337,-0.06902631900543774,-0.0424511891640844,0.052682764426195135,0.04850342839448546,0.20702927285066802,0.12375976678916502,321.16197441523605,0.1058927645162792,0.001178552903255839,-0.00010768899860087295,-7.28583859910259e-16,-8.847089727481716e-17,2.168404344971009e-19,0.0,0.0,1.3877787807814457e-17,0.0,-1.2924697071141057e-26,7.754818242684634e-26,5.329070518200751e-15,1.7763568394002505e-15,0.22419343856432547
200.0,2.5,1.0,1.5,0.152274329801513,0.304548659603026,0.005523318894217699,-0.002170240223050217,0.008611807431859247,0.0,2.476363939649695e-08,-2.637256467021401e-11,0.2733323717786878,-3.364761451287092e-12,0.034873295011331844,0.30820566679001965,13.982571106827617,121.4148403765468,60.25728240359916,5.404273011007756,4.633815698790134,6.88018479367238,1.2908082300233306,0.02476363939649695,-0.026576370412469685,-0.06902662013538369,-0.042450249722914,0.052685312265043284,0.04849958612012995,0.20702076840484565,0.12375724112530317,321.1619647344374,0.10589252906655425,0.0011785058133108484,-0.00010823681666928002,7.684824998577255e-16,2.185751579730777e-16,4.336808689942018e-19,0.0,0.0,1.214306433183765e-17,0.0,1.9387045606711586e-26,-9.370405376577267e-26,-1.7763568394002505e-15,8.881784197001252e-16,0.23597872717760382
210.0,2.5,1.0,1.5,0.1522722438951455,0.304544487790291,0.005521310012724642,-0.0021702584662907217,0.008617679320178881,0.0,2.4742186878423443e-08,-2.63692011147759e-11,0.27329751098312227,-3.367249327603756e-12,0.03489908003235006,0.30819659101547225,13.983384251525381,121.412506242207,60.25619975227236,5.404367892899247,4.633690779541949,6.88004858200941,1.2907812080976695,0.024742186878423444,-0.026577601301038603,-0.06902692181952973,-0.042449320518491124,0.05268777300033495,0.04849638397686768,0.20701243403826844,0.12375473827665834,321.1619561636368,0.105892318611069,0.001178463722213799,-0.00010821555116281334,1.1934897514720433e-15,-2.0773313624822265e-16,-7.589415207398531e-19,0.0,0.0,-2.0816681711721685e-17,0.0,-2.261821987449685e-26,-9.370405376577267e-26,-5.329070518200751e-15,2.220446049250313e-15,0.24776357148197029
220.0,2.5,1.0,1.5,0.15227082708946332,0.30454165417892665,0.005519293282411311,-0.0021702751668093334,0.008623319572348393,0.0,2.4721130845095418e-08,-2.6365926026943207e-11,0.2732635670896751,-3.3696987835564162e-12,0.034924466854355435,0.30818803394403055,13.984174677351964,121.41024402858565,60.25511940552512,5.404457684619435,4.633569562308771,6.879917730438913,1.2907546855903649,0.024721130845095418,-0.026578818588428244,-0.06902722330912053,-0.04244840472069229,0.052690164575330614,0.04849360600346127,0.20700426336523786,0.12375226905839593,321.16194834713764,0.10589212532664102,0.0011784250653282037,-0.00010779831369424398,7.615436059538183e-16,4.380176776841438e-17,-8.673617379884035e-19,0.0,2.168404344971009e-19,2.6020852139652106e-17,0.0,0.0,-7.754818242684634e-26,-3.552713678800501e-15,0.0,0.2595480130658373
230.0,2.5,1.0,1.5,0.15226985288460032,0.30453970576920064,0.005517312968944088,-0.0021702902241614824,0.00862873608111679,0.0,2.4700501230628057e-08,-2.6362732097629772e-11,0.2732304643450065,-3.3721045814159824e-12,0.0349494011921113,0.30817986553711785,13.98494585529199,121.40804941748482,60.25404473992465,5.404543305269949,4.633452535879217,6.879792037389614,1.290728700206894,0.024700501230628058,-0.026580019715289366,-0.06902752396751397,-0.0424475042522246,0.052692497549503,0.04849111480151767,0.206996253186098,0.12374983999721474,321.16194106068025,0.10589194421955146,0.0011783888439102913,-0.00010709367544881869,-9.17668718791731e-16,4.666406150377611e-16,-2.168404344971009e-19,0.0,0.0,1.9081958235744878e-17,0.0,4.52364397489937e-26,3.554291694563791e-26,3.552713678800501e-15,4.440892098500626e-16,0.2713320809086113
240.0,2.5,1.0,1.5,0.15226918088701424,0.3045383617740285,0.005515392480702042,-0.002170303689355958,0.00863393703068038,0.0,2.468031368034196e-08,-2.6359614351818746e-11,0.27319815118670027,-3.3744637109820685e-12,0.03497385184708911,0.30817200303378933,13.985699802925714,121.40591926223023,60.25297825144056,5.404625188334443,4.633339775448032,6.879671303513689,1.2907032716543463,0.02468031368034196,-0.026581202971030622,-0.06902782324587364,-0.04244662027484302,0.05269477806834884,0.048488822926822495,0.20698840203861885,0.12374745500872465,321.1619341627388,0.10589177210387951,0.0011783544207759013,-0.00010617247693473525,-7.997075224253081e-16,-7.41594285980085e-17,-4.336808689942018e-19,0.0,0.0,-8.673617379884035e-18,0.0,0.0,8.401053096241687e-26,-1.7763568394002505e-15,8.881784197001252e-16,0.2831157959436047
250.0,2.5,1.0,1.5,0.1522687230957898,0.3045374461915796,0.005513542682005365,-0.002170315687381613,0.008638930640895217,0.0,2.4660575239969783e-08,-2.6356569344263973e-11,0.27316659190729614,-3.376774524601167e-12,0.03499780174256363,0.30816439364985976,13.986437676876298,121.40385112843006,60.25192184983394,5.404703510259551,4.633231142208363,6.879555334006393,1.2906784088076364,0.024660575239969784,-0.02658236718736551,-0.06902812066765923,-0.042445753480293724,0.052697009662555756,0.04848667466376768,0.20698070932353588,0.1237451164048875,321.16192756381844,0.10589160694607386,0.0011783213892147704,-0.00010508299111886498,4.874572967494828e-16,8.326672684688674e-17,1.0842021724855044e-19,0.0,0.0,1.5612511283791264e-17,0.0,6.462348535570529e-27,-5.169878828456423e-26,-5.329070518200751e-15,1.3322676295501878e-15,0.29489917397019966
260.0,2.5,1.0,1.5,0.15226842351886563,0.30453684703773126,0.005511767131871251,-0.002170326371574538,0.008643725015985544,0.0,2.4641287761695715e-08,-2.6353594622084613e-11,0.27313576108447574,-3.379036211320818e-12,0.035021242473604886,0.3081570035580807,13.987160131028643,121.40184301502286,60.25087703701205,5.404778325621811,4.6331264012878695,6.879443939917443,1.2906541139998042,0.024641287761695718,-0.026583511552069342,-0.06902841581751529,-0.04244490426544595,0.052699194335739566,0.04848463443169334,0.2069731747906479,0.12374282550140127,321.1619212071089,0.10589144744558594,0.0011782894891171876,-0.00010385959685045633,-1.8388068845354155e-16,3.235259282696745e-16,-2.168404344971009e-19,0.0,0.0,3.469446951953614e-18,0.0,2.908056841006738e-26,-1.2924697071141057e-26,1.7763568394002505e-15,1.3322676295501878e-15,0.3066822275083396
270.0,2.5,1.0,1.5,0.15226824580722365,0.3045364916144473,0.00551006532744136,-0.002170335898128704,0.008648328057970098,0.0,2.4622449942855562e-08,-2.6350688368790697e-11,0.27310563989164716,-3.381248477224321e-12,0.03504417099398093,0.30814981088562804,13.987867532289451,121.39989318543111,60.24984501852912,5.404849643782053,4.633025288532816,6.879336938825276,1.2906303855899937,0.024622449942855562,-0.026584635494182014,-0.06902870833262763,-0.04244407283844562,0.05270133321953996,0.04848267941872515,0.20696579824736222,0.12374058298557301,321.16191505630667,0.10589129276714009,0.001178258553428016,-0.00010252782108509097,7.233796894823286e-16,3.0401028916493544e-16,-7.589415207398531e-19,0.0,-2.168404344971009e-19,1.5612511283791264e-17,0.0,2.5849394142282115e-26,-9.693522803355793e-26,-5.329070518200751e-15,0.0,0.31846496697700266
280.0,2.5,1.0,1.5,0.15226816572981444,0.3045363314596289,0.005508434669354925,-0.0021703444130005377,0.008652747419891778,0.0,2.4604058545296457e-08,-2.6347849170094326e-11,0.27307621367074925,-3.383411351182557e-12,0.035066587602917365,0.30814280127366656,13.988560089729846,121.3980000659057,60.248826775844066,5.40491746971375,4.632927545966403,6.879234155115483,1.290607219499377,0.02460405854529646,-0.026585738612085782,-0.06902899789568437,-0.042443259283598586,0.05270342696569233,0.04848079490600021,0.20695857940197412,0.12373838914040257,321.1619090879519,0.10589114237013655,0.0011782284740273097,-0.00010110733789412798,-1.0234868508263162e-16,3.2569433261464553e-16,7.589415207398531e-19,0.0,0.0,-5.377642775528102e-17,0.0,3.2311742677852644e-26,-2.5849394142282115e-26,3.552713678800501e-15,4.440892098500626e-16,0.33024740144148174
290.0,2.5,1.0,1.5,0.15226816658108944,0.3045363331621789,0.005506871620050702,-0.002170352046185914,0.008656990483286314,0.0,2.4586109124068e-08,-2.6345075860741458e-11,0.2730474703447749,-3.385525066866782e-12,0.0350884947222461,0.308135965067021,13.989237931139389,121.3961621847955,60.24782311498493,5.40498182350741,4.632832938595312,6.879135420018627,1.2905846101290255,0.024586109124068,-0.026586820627581928,-0.0690292842290308,-0.04244246360144888,0.052705475978425294,0.0484789713017914,0.20695151778680487,0.12373624398211,321.1619032866118,0.10589099590012711,0.0011781991800254217,-9.961379685233708e-05,-5.134781488891349e-16,4.952635523913784e-16,-1.0842021724855044e-19,0.0,0.0,-2.0816681711721685e-17,0.0,4.52364397489937e-26,6.462348535570529e-27,0.0,8.881784197001252e-16,0.34202953908612654
300.0,2.5,1.0,1.5,0.15226823637072323,0.30453647274144646,0.005505372360622582,-0.002170358910188234,0.00866106435020541,0.0,2.4568596462845037e-08,-2.634236742490489e-11,0.2730193993854171,-3.3875899910685195e-12,0.03510989615349338,0.3081292955389104,13.989901147742854,121.39437813666474,60.24683470061195,5.40504274765544,4.632741260522449,6.879040571506205,1.290562550908375,0.024568596462845038,-0.026587881355910822,-0.0690295670897794,-0.042441685733868584,0.052707480550201705,0.04847720226123782,0.20694461272747097,0.1237341473453838,321.16189764185793,0.10589085311988175,0.001178170623976349,-9.805997443671607e-05,-3.469446951953614e-17,2.242130092700023e-16,-4.336808689942018e-19,0.0,0.0,1.3877787807814457e-17,0.0,2.908056841006738e-26,-2.261821987449685e-26,-7.105427357601002e-15,8.881784197001252e-16,0.3538113875125599
310.0,2.5,1.0,1.5,0.15226836609941785,0.3045367321988357,0.005503933142155248,-0.0021703651007118577,0.008664975843802214,0.0,2.4551514834678212e-08,-2.633972293183794e-11,0.2729919911461661,-3.3896065800686403e-12,0.0351307966256772,0.3081227877718433,13.990549819732122,121.39264656142285,60.245862080742526,5.405100307715392,4.632652335260323,6.878949454106761,1.2905410346236703,0.024551514834678212,-0.026588920685667837,-0.06902984626571064,-0.0424409255800428,0.05270944093922126,0.04847548349477733,0.20693786333784417,0.12373209893694612,321.16189214637114,0.10589071386566773,0.001178142773133545,-9.64565243311427e-05,5.2562121322097255e-16,-1.734723475976807e-16,3.2526065174565133e-19,0.0,0.0,-2.2551405187698492e-17,0.0,-1.9387045606711586e-26,-3.554291694563791e-26,1.7763568394002505e-15,8.881784197001252e-16,0.36559295392711505
320.0,2.5,1.0,1.5,0.15226854869817538,0.30453709739635076,0.005502550455502853,-0.0021703706984021673,0.0086687315137977,0.0,2.4534858159253935e-08,-2.6337141494678667e-11,0.2729652364353458,-3.3915753529339294e-12,0.035151201518545686,0.30811643795389154,13.991184030318067,121.39096613246073,60.24490570529301,5.405154589706249,4.632566013179653,6.878861918680461,1.2905200536160546,0.024534858159253936,-0.02658993856494311,-0.06903012157182942,-0.0424401830068863,0.05271135741207773,0.048473812013244105,0.20693126852856947,0.1237300983698304,321.1618867947548,0.10589057801956374,0.0011781156039127466,-9.481248240289312e-05,2.0643209364124004e-16,-1.3487475025719675e-16,-4.336808689942018e-19,0.0,0.0,-8.673617379884035e-18,0.0,-9.693522803355793e-27,-9.693522803355793e-27,1.7763568394002505e-15,2.220446049250313e-15,0.3773742452580597
330.0,2.5,1.0,1.5,0.1522687783736825,0.304537556747365,0.005501221096772688,-0.002170375770952797,0.008672337644589105,0.0,2.4518620099270194e-08,-2.6334622244429416e-11,0.2729391262464301,-3.393496874979457e-12,0.03517111669117667,0.3081102429376068,13.99180387298326,121.38933555013514,60.2439659403836,5.4052056961808805,4.632482167794452,6.878777822175406,1.2904995999029634,0.024518620099270194,-0.02659093499143278,-0.06903039284746165,-0.04243945785602887,0.05271323026578129,0.04847218564972948,0.20692482702209597,0.12372814518585391,321.16188158279493,0.10589044549196089,0.0011780890983921766,-9.313562066479656e-05,-1.214306433183765e-17,-4.34114549863196e-16,0.0,0.0,0.0,3.642919299551295e-17,0.0,-3.877409121342317e-26,3.877409121342317e-26,7.105427357601002e-15,8.881784197001252e-16,0.3891552682283969
340.0,2.5,1.0,1.5,0.15226905020268158,0.30453810040536317,0.005499942175809208,-0.0021703803752103567,0.008675800264657819,0.0,2.450279412131362e-08,-2.633216431387323e-11,0.2729136515913485,-3.3953717472992243e-12,0.03519054837347047,0.308104199964819,13.992409454767653,121.38775353838331,60.24304307964677,5.4052537420464075,4.632400691823101,6.878697027379375,1.2904796652548074,0.02450279412131362,-0.026591910005125858,-0.06903065995379153,-0.04243874994866567,0.05271505983774246,0.048470602756832536,0.20691853737024415,0.12372623887081274,321.16187650699857,0.10589031621053056,0.0011780632421061117,-9.143270112529209e-05,-1.6653345369377348e-16,-1.8388068845354155e-16,-2.168404344971009e-19,0.0,0.0,-3.469446951953614e-17,0.0,-1.9387045606711586e-26,3.554291694563791e-26,3.552713678800501e-15,8.881784197001252e-16,0.40093602940061823
350.0,2.5,1.0,1.5,0.15226935987919513,0.30453871975839025,0.005498711095982781,-0.002170384559093866,0.00867912515648498,0.0,2.4487373536266064e-08,-2.6329766827993623e-11,0.27288880340119437,-3.397200599892753e-12,0.035209503094912005,0.3080983064961063,13.993000897290933,121.38621884313035,60.24213735335622,5.405298850678715,4.632321493505505,6.878619402674833,1.2904602412458692,0.024487373536266066,-0.02659286368269248,-0.06903092277175554,-0.04243805908906306,0.05271684650888907,0.04846906201505585,0.2069123979721606,0.12372437886514878,321.16187156430976,0.1058901901132933,0.001178038022658659,-8.970966082332282e-05,7.91033905045424e-16,2.96637714392034e-16,3.2526065174565133e-19,0.0,0.0,6.938893903907228e-18,0.0,2.908056841006738e-26,-1.0662875083691372e-25,-1.7763568394002505e-15,0.0,0.4127165352038006
360.0,2.5,1.0,1.5,0.15226970355565297,0.30453940711130595,0.005497525521713328,-0.0021703883632551804,0.008682317866521619,0.0,2.4472351528029846e-08,-2.6327428898641608e-11,0.27286457247095197,-3.398984086908223e-12,0.03522798763526941,0.3080925601062213,13.993578336527976,121.3847302316916,60.24124893593339,5.405341150570002,4.632244493387369,6.878544821801375,1.290441319290486,0.024472351528029845,-0.02659379613301989,-0.06903118120022379,-0.0424373850672039,0.05271859070300076,0.04846756231164683,0.2069064070915742,0.12372256457176106,321.16186675193325,0.10589006714428782,0.0011780134288575635,-8.797175253189144e-05,-4.787836793695988e-16,2.0816681711721685e-17,-2.168404344971009e-19,0.0,0.0,0.0,0.0,3.2311742677852644e-27,4.2005265481208437e-26,3.552713678800501e-15,0.0,0.42449679194963624
370.0,2.5,1.0,1.5,0.15227007774175172,0.30454015548350344,0.005496383342860345,-0.002170391822467182,0.008685383714964497,0.0,2.445772117565048e-08,-2.63251496219697e-11,0.2728409494329022,-3.4007228831237187e-12,0.035246008988124716,0.30808695842102696,13.994141921936448,121.38328649269756,60.24037795222197,5.405380772575987,4.632169621631714,6.878473163627629,1.2904228906709163,0.024457721175650482,-0.026594707493541835,-0.06903143515441393,-0.042436727660872094,0.05272029288407882,0.04846610266409683,0.20690056287285094,0.1237207953619895,321.16186206722705,0.10588994725088621,0.0011779894501772416,-8.622365427417956e-05,3.41740524767431e-16,-2.6194324487249787e-16,0.0,0.0,0.0,4.336808689942018e-17,0.0,-2.5849394142282115e-26,-9.693522803355793e-27,0.0,4.440892098500626e-16,0.436276805841571
380.0,2.5,1.0,1.5,0.15227047923884518,0.30454095847769036,0.005495282640715443,-0.0021703949667575386,0.008688327805208501,0.0,2.4443475471722652e-08,-2.6322928077657583e-11,0.27281792474859734,-3.4024176811502848e-12,0.035263574331885546,0.30808149908048293,13.99469181528369,121.38188643626756,60.23952448281054,5.405417847739086,4.632096815838464,6.878404311933363,1.2904049465605227,0.024443475471722653,-0.02659559792713143,-0.06903168456448985,-0.04243608663735843,0.05272195355280455,0.048464682171959685,0.20689486335571838,0.12371907058039204,321.1618575076388,0.1058898303821506,0.0011779660764301176,-8.446955269542245e-05,2.636779683484747e-16,-1.3314002678121994e-16,-6.505213034913027e-19,0.0,0.0,-6.938893903907228e-18,0.0,-1.6155871338926322e-26,-1.2924697071141057e-26,3.552713678800501e-15,4.440892098500626e-16,0.4480565829796928
390.0,2.5,1.0,1.5,0.1522709050962162,0.3045418101924324,0.005494221657758758,-0.002170397822319494,0.008691155032919475,0.0,2.4429607338646742e-08,-2.6320763329285057e-11,0.27279548871272574,-3.404069189061828e-12,0.03528069100522083,0.3080761797179466,13.995228189369332,121.38052889427695,60.23868856860928,5.40545250562203,4.632026019315989,6.8783381552018446,1.290387478044251,0.02442960733864674,-0.026596467619407156,-0.06903192937431406,-0.0424354617549069,0.0527235732426823,0.0484632999866318,0.20688930648863185,0.12371738954871309,321.16185307066695,0.10588971648784777,0.001177943297569553,-8.271320637679017e-05,6.002143226879753e-16,3.200564813177209e-16,2.168404344971009e-19,0.0,0.0,1.734723475976807e-17,0.0,2.908056841006738e-26,-9.04728794979874e-26,1.7763568394002505e-15,1.7763568394002505e-15,0.459836129363041
400.0,2.5,1.0,1.5,0.15227135258082128,0.30454270516164256,0.005493198771887475,-0.002170400412235116,0.008693870094710504,0.0,2.4416109643575544e-08,-2.631865442542452e-11,0.27277363146443523,-3.4056781282841524e-12,0.035297366485182106,0.3080709979496174,13.995751226750455,121.37921272063444,60.237870214834786,5.405484873071917,4.6319571797355215,6.878274586422101,1.290370476137456,0.024416109643575545,-0.026597316776351354,-0.06903216954032329,-0.042434852763971936,0.05272515251619088,0.04846195529252654,0.2068838901409001,0.123715751569279,321.1618487538399,0.10588960551787797,0.0011779211035755938,-8.095800303610497e-05,-2.42861286636753e-16,-2.398255205537936e-16,5.421010862427522e-19,0.0,0.0,-1.3877787807814457e-17,0.0,-2.5849394142282115e-26,4.2005265481208437e-26,-3.552713678800501e-15,1.7763568394002505e-15,0.4716154508903913
410.0,2.5,1.0,1.5,0.15227181915542398,0.30454363831084796,0.005492212475063166,-0.0021704027570448427,0.00869647749642217,0.0,2.4402975212465038e-08,-2.6316600401170346e-11,0.2727523430031838,-3.4072452316517694e-12,0.035313608367063876,0.3080659513702476,13.996261118524313,121.37793679152433,60.23706939451589,5.405515073335312,4.631890248099824,6.87821350290067,1.2903539318035995,0.02440297521246504,-0.026598145622174343,-0.06903240503050927,-0.04243425940833492,0.052726691961110246,0.04846064729547712,0.2068786121136605,0.12371415592797816,321.1618445547038,0.10588949742196414,0.0011778994843928275,-7.920699936384412e-05,-1.734723475976807e-16,-2.8449465006019636e-16,1.0842021724855044e-19,0.0,0.0,-2.0816681711721685e-17,0.0,-2.261821987449685e-26,4.2005265481208437e-26,-5.329070518200751e-15,8.881784197001252e-16,0.4833945533601779
420.0,2.5,1.0,1.5,0.1522723024619214,0.3045446049238428,0.005491261355934154,-0.0021704048751941293,0.008698981561027727,0.0,2.4390196843409263e-08,-2.6314600279915616e-11,0.2727316132071538,-3.408771241585183e-12,0.03532942434551246,0.3080610375526663,13.996758063192656,121.37670000559561,60.236286051611486,5.405543225451617,4.631825177962694,6.878154806082137,1.290337835971049,0.024390196843409262,-0.02659895439737628,-0.06903263582348507,-0.04243368142610879,0.05272819218709635,0.04845937521571341,0.20687347014985602,0.1237126018969189,321.1618404708169,0.10588939214950314,0.001177878429900628,-7.746295761383235e-05,4.735795089416683e-16,-4.640385298237959e-17,-5.421010862427522e-19,0.0,0.0,1.5612511283791264e-17,0.0,-3.2311742677852644e-27,-4.2005265481208437e-26,-7.105427357601002e-15,1.7763568394002505e-15,0.4951734424699697
430.0,2.5,1.0,1.5,0.15227280030796617,0.30454560061593233,0.005490344085868362,-0.0021704067833827508,0.008701386436179893,0.0,2.4377767319327947e-08,-2.631265307525095e-11,0.27271143185293256,-3.4102569083648355e-12,0.035344822196636656,0.30805625404956927,13.997242265616151,121.37550128409036,60.23552010380607,5.405569443863359,4.631761924846064,6.87809840137798,1.290322179549058,0.024377767319327948,-0.02659974335697478,-0.06903286190762724,-0.04243311855065246,0.052729653822529685,0.04845813828373593,0.20686846194330377,0.12371108873683391,321.1618364997486,0.10588928964951663,0.0011778579299033254,-7.572837492936646e-05,-1.8041124150158794e-16,-1.5525775109992423e-16,0.0,0.0,0.0,2.0816681711721685e-17,0.0,-1.9387045606711586e-26,2.908056841006738e-26,-7.105427357601002e-15,0.0,0.5069521238157565
440.0,2.5,1.0,1.5,0.15227331065570998,0.30454662131141996,0.005489459407817185,-0.0021704084968379926,0.008703696101418083,0.0,2.4365679420008667e-08,-2.6310757792901558e-11,0.2726917886355881,-3.411702988492404e-12,0.03535980976102385,0.3080515983966119,13.997713936058526,121.37433957091265,60.23477144503436,5.405593838192166,4.631700445810064,6.878044198003216,1.2903069534429346,0.024365679420008668,-0.026600512768874915,-0.06903308328028336,-0.042432570511408446,0.052731077511636304,0.04845693573801699,0.20686358514695793,0.12370961569927161,321.16183263907806,0.10588918987066358,0.0011778379741327145,-7.400550810872829e-05,7.042977312465837e-16,-7.719519468096792e-17,0.0,0.0,0.0,-2.42861286636753e-17,0.0,-3.2311742677852644e-27,-6.462348535570529e-26,-5.329070518200751e-15,8.881784197001252e-16,0.5187306028912028
450.0,2.5,1.0,1.5,0.1522738316119605,0.304547663223921,0.0054886061274598275,-0.002170410029529004,0.008705914375058715,0.0,2.435392593349106e-08,-2.6308913432646473e-11,0.2726726731885604,-3.413110243135417e-12,0.03537439492761957,0.30804706811617993,13.998173289315211,121.373213832641,60.23403994777645,5.405616513139065,4.631640699139854,6.877992108820317,1.2902921485683807,0.02435392593349106,-0.02660126291236392,-0.06903329994703586,-0.04243203703467194,0.05273246391186554,0.04845576682384157,0.2068588373804723,0.12370818202860179,321.16182888639685,0.10588909276128758,0.0011778185522575146,-7.229639460825936e-05,5.741934705483231e-16,-2.914335439641036e-16,-1.0842021724855044e-19,0.0,0.0,2.6020852139652106e-17,0.0,-2.5849394142282115e-26,-2.908056841006738e-26,-1.7763568394002505e-15,8.881784197001252e-16,0.530508885086966
460.0,2.5,1.0,1.5,0.15227436141931447,0.30454872283862894,0.0054877831061653365,-0.0021704113943357846,0.008708044920786761,0.0,2.434249966677693e-08,-2.6307118990185026e-11,0.2726540751030067,-3.4144794366545397e-12,0.03538858561846384,0.30804266072147046,13.998620543919845,121.37212305849064,60.23332546515484,5.4056375684766165,4.631582644120805,6.877942050189981,1.2902777558649845,0.02434249966677693,-0.02660199407671752,-0.06903351192101864,-0.04243151784430112,0.05273381369150391,0.04845463079285694,0.20685421623710892,0.1237067869638622,321.16182523931053,0.1058889982694847,0.0011777996538969383,-7.060287107420689e-05,7.788908407135864e-16,-7.762887554996212e-17,-7.589415207398531e-19,0.0,-2.168404344971009e-19,-2.6020852139652106e-17,0.0,-3.2311742677852644e-27,-7.108583389127582e-26,3.552713678800501e-15,8.881784197001252e-16,0.5422869756901311
470.0,2.5,1.0,1.5,0.15227489844800535,0.3045497968960107,0.005486989255379909,-0.0021704126031834316,0.008710091253965416,0.0,2.4331393455851557e-08,-2.6305373458926985e-11,0.2726359839463543,-3.4158113352137977e-12,0.03540238977428725,0.3080383737206416,13.999055921421693,121.37106626023048,60.23262783285886,5.405657099107593,4.631526240879781,6.8778939418283445,1.2902637663088414,0.024331393455851558,-0.02660270655990709,-0.06903371922227873,-0.04243101266237164,0.05273512752750422,0.048453526903054066,0.20684971929008328,0.12370542974045633,321.16182169544004,0.10588890634318145,0.0011777812686362883,-6.892659041003489e-05,1.734723475976807e-17,6.288372600415926e-17,-2.168404344971009e-19,0.0,0.0,-1.0408340855860843e-17,0.0,9.693522803355793e-27,-9.693522803355793e-27,0.0,4.440892098500626e-16,0.5540648798837916
480.0,2.5,1.0,1.5,0.1522754411883225,0.304550882376645,0.005486223532122192,-0.0021704136671497824,0.008712056747679397,0.0,2.4320600175014915e-08,-2.6303675831692764e-11,0.27261838927992244,-3.4171067054735315e-12,0.035415815340964295,0.30803420462088676,13.999479645727044,121.3700424720605,60.23194687091605,5.405675195170724,4.631471450275389,6.877847706670302,1.2902501709243086,0.024320600175014917,-0.026603400667399794,-0.0690339218771816,-0.04243052120978181,0.05273640610350878,0.04845245441900139,0.2068453440983757,0.12370410959172012,321.16181825242575,0.10588881693021608,0.0011777633860432153,-6.726903422966348e-05,7.667477763817487e-16,-2.5977484052752686e-16,-6.505213034913027e-19,0.0,0.0,-3.122502256758253e-17,0.0,-2.908056841006738e-26,-5.169878828456423e-26,1.7763568394002505e-15,4.440892098500626e-16,0.5658426027467933
490.0,2.5,1.0,1.5,0.1522759882434817,0.3045519764869634,0.005485484935335225,-0.0021704145965527606,0.008713944638526264,0.0,2.4310112745517197e-08,-2.6302025102314253e-11,0.2726012806755134,-3.418366313366825e-12,0.035428870256831994,0.3080301509323454,13.999891942498607,121.36905075045479,60.23128238532741,5.40569194217884,4.631418233824143,6.877803270738595,1.2902369607948827,0.0243101127455172,-0.026604076711044207,-0.06903411991785444,-0.04243004320681023,0.05273765010804836,0.0484514126122219,0.20684108821207553,0.12370282575036265,321.1618149079278,0.10588872997842076,0.0011777459956841515,-6.563152797070827e-05,-3.2959746043559335e-16,-4.36282954208167e-16,0.0,0.0,0.0,-3.469446951953614e-18,0.0,-3.554291694563791e-26,7.108583389127582e-26,-3.552713678800501e-15,0.0,0.5776201492536384
500.0,2.5,1.0,1.5,0.15227653832290855,0.3045530766458171,0.0054847725028965705,-0.002170415401022191,0.008715758032167379,0.0,2.429992414352289e-08,-2.6300420267135525e-11,0.2725846477309667,-3.419590922956885e-12,0.03544156244084745,0.30802621017181414,14.000293038607193,121.36809017397394,60.230634169579645,5.40570742117827,4.631366553652626,6.877760563018398,1.290224127073231,0.02429992414352289,-0.02660473500803556,-0.0690343133816667,-0.042429578373631135,0.052738860232899615,0.048450400761640144,0.20683694917727502,0.12370157744979564,321.16181165963,0.10588864543570062,0.0011777290871401226,-6.401525087191434e-05,-6.626643678231403e-16,3.9855271860567143e-16,5.421010862427522e-19,0.0,0.0,2.42861286636753e-17,0.0,3.554291694563791e-26,2.908056841006738e-26,7.105427357601002e-15,0.0,0.5893975242745535
510.0,2.5,1.0,1.5,0.15227709023587732,0.30455418047175464,0.0054840853091333575,-0.0021704160895596957,0.00871749990865152,0.0,2.4290027407406267e-08,-2.629886032640913e-11,0.27256848008462997,-3.4207812953755642e-12,0.03545389978158645,0.30802237986621644,14.00068316163102,121.36715984305192,60.23000200604562,5.405721708921329,4.631316372468295,6.877719515337114,1.2902116609903818,0.024290027407406267,-0.026605375879955307,-0.06903450231074329,-0.042429126430787986,0.05274003717158668,0.048449418154055734,0.2068329245405733,0.12370036392535273,321.16180850524006,0.10588856325010981,0.0011777126500219616,-6.242124851210542e-05,6.83481049534862e-16,2.2551405187698492e-17,0.0,0.0,0.0,4.5102810375396984e-17,0.0,0.0,-6.785465962349055e-26,-1.7763568394002505e-15,4.440892098500626e-16,0.6011747325757127
520.0,2.5,1.0,1.5,0.1522776428854964,0.3045552857709928,0.005483422462723445,-0.002170416670589424,0.008719173127519776,0.0,2.428041564441563e-08,-2.629734428559132e-11,0.2725527674287837,-3.421938187838985e-12,0.03546589012704105,0.3080186575558248,14.001062539398315,121.36625887975906,60.2293856672825,5.4057348780457835,4.631267653543356,6.877680062249159,1.290199553864117,0.02428041564441563,-0.026605999651880236,-0.0690346867515099,-0.04242868709962966,0.05274118161801382,0.048448464084613244,0.20682901185319622,0.12369918441541104,321.16180544249266,0.10588848336992271,0.0011776966739845407,-6.0850440163295056e-05,1.465841337200402e-15,-5.919743861770854e-16,3.2526065174565133e-19,0.0,0.0,2.2551405187698492e-17,0.0,-6.462348535570529e-26,-8.077935669463161e-26,-1.7763568394002505e-15,-4.440892098500626e-16,0.6129517788196069
530.0,2.5,1.0,1.5,0.15227819526300274,0.30455639052600547,0.005482783104894043,-0.0021704171520016656,0.008720780432703102,0.0,2.4271082036717127e-08,-2.629587115653763e-11,0.2725374995220323,-3.4230623527397917e-12,0.03547754127521152,0.3080150407972438,14.001431399569515,121.36538642754603,60.22878491723582,5.40574699725694,4.631220360707658,6.877642140925495,1.2901877971065883,0.02427108203671713,-0.026606606651556813,-0.06903486675426776,-0.042428260102710946,0.05274229426521779,0.04844753785725429,0.20682520867477241,0.1236980381624186,321.16180246915104,0.10588840574370027,0.0011776811487400536,-5.930362989748915e-05,-6.366435156834882e-16,8.760353553682876e-17,-1.0842021724855044e-19,0.0,0.0,-1.9081958235744878e-17,0.0,9.693522803355793e-27,5.492996255234949e-26,5.329070518200751e-15,1.3322676295501878e-15,0.6247286675655521
540.0,2.5,1.0,1.5,0.15227874644235906,0.3045574928847181,0.005482166407850306,-0.0021704175411908903,0.008722324457220508,0.0,2.426201984685905e-08,-2.6294439958603563e-11,0.27252266620071164,-3.424154536811447e-12,0.03548886096544482,0.30801152716615643,14.001789969255936,121.36454165097017,60.228199512356404,5.40575813150918,4.631174458347635,6.877605691047698,1.2901763822311954,0.02426201984685905,-0.026607197208636756,-0.06903504237279634,-0.04242784516415958,0.05274337580423048,0.04844663878514006,0.20682151257678563,0.12369692441383434,321.16179958300717,0.10588833032035191,0.0011776660640703818,-5.7781514274141353e-05,3.0704605524789486e-16,-4.2197148553135833e-16,5.421010862427522e-19,0.0,0.0,5.0306980803327406e-17,0.0,-3.877409121342317e-26,9.693522803355793e-27,0.0,4.440892098500626e-16,0.6365054032703247
550.0,2.5,1.0,1.5,0.15227929557513828,0.30455859115027656,0.005481571573379668,-0.002170417845089377,0.008723807727686557,0.0,2.425322242267702e-08,-2.6293049719650406e-11,0.27250825738931395,-3.4252154803625792e-12,0.0354998568704992,0.30800811425981317,14.00213847467189,121.36372373540685,60.22762920263645,5.405768342184711,4.63112991140908,6.877570654706384,1.2901653008587688,0.024253222422677023,-0.026607771653970352,-0.06903521366398124,-0.04242744201001089,0.05274442692304248,0.04844576619103799,0.20681792114573214,0.12369584242298376,321.1617967818851,0.10588825704919184,0.001177651409838368,-5.628468982313598e-05,5.030698080332741e-16,-1.7780915628762273e-17,5.421010862427522e-19,0.0,0.0,-1.734723475976807e-17,0.0,-3.2311742677852644e-27,-5.169878828456423e-26,3.552713678800501e-15,4.440892098500626e-16,0.6482819902889158
560.0,2.5,1.0,1.5,0.15227984188568688,0.30455968377137377,0.005480997831595821,-0.002170418070197333,0.008725232668636547,0.0,2.424468320167694e-08,-2.6291699476965762e-11,0.27249426311002845,-3.4262459165776356e-12,0.03551053658929599,0.3080047996993245,14.002477140817774,121.3629318867477,60.22707373257026,5.405777687267986,4.6310866854021935,6.877536976303775,1.2901545447230893,0.024244683201676942,-0.026608330318953703,-0.0690353806874676,-0.0424270503685139,0.052745448305660116,0.04844491940767291,0.20681443198599106,0.12369479144983925,321.1617940636403,0.10588818587999115,0.001177637175998228,-5.481366016823341e-05,3.5735303605122226e-16,-9.367506770274758e-17,-3.2526065174565133e-19,0.0,0.0,3.8163916471489756e-17,0.0,-1.6155871338926322e-26,-1.9387045606711586e-26,5.329070518200751e-15,8.881784197001252e-16,0.6600584328753937
570.0,2.5,1.0,1.5,0.15228038466653399,0.30456076933306797,0.005480444439792995,-0.0021704182226101212,0.008726601606675804,0.0,2.4236395714918978e-08,-2.6290388278098014e-11,0.27248067349138966,-3.4272465708812375e-12,0.03552090764033158,0.3080015811317212,14.002806191191894,121.36216533108836,60.22653284204506,5.4057862215148065,4.63104474640782,6.877504602460265,1.290144105675779,0.02423639571491898,-0.026608873534927146,-0.06903554350533654,-0.04242666997040939,0.052746440631249183,0.048444097778038556,0.20681104272243342,0.12369377076172781,321.1617914261618,0.10588811676302483,0.0011776233526049646,-5.336884391290789e-05,2.0816681711721685e-17,2.476317761956892e-16,2.168404344971009e-19,0.0,0.0,0.0,0.0,1.9387045606711586e-26,-2.908056841006738e-26,1.7763568394002505e-15,8.881784197001252e-16,0.6718347351838653
580.0,2.5,1.0,1.5,0.15228092327406545,0.3045618465481309,0.005479910681387673,-0.0021704183080431213,0.008727916774461575,0.0,2.4228353590437955e-08,-2.6289115181612215e-11,0.27246747877611194,-3.4282181603622776e-12,0.03553097745570861,0.3079984562318205,14.003125847528821,121.36142331440595,60.22600626716587,5.405793996615423,4.631004061084057,6.877473481924788,1.2901339756906118,0.024228353590437957,-0.02660940163262146,-0.06903570218180284,-0.04242630054918138,0.052747404573358546,0.04844330065567188,0.20680775100279022,0.12369277963396902,321.1617888673726,0.10588804964911477,0.0011776099298229537,-5.19505813172019e-05,-2.0469737016526324e-16,4.462576141950336e-16,-3.2526065174565133e-19,0.0,0.0,1.0408340855860843e-17,0.0,3.877409121342317e-26,-3.2311742677852644e-26,3.552713678800501e-15,0.0,0.6836109012695278
590.0,2.5,1.0,1.5,0.1522814571244396,0.3045629142488792,0.005479395864931763,-0.002170418331854604,0.00872918031452307,0.0,2.4220550556232734e-08,-2.628787925777104e-11,0.272454669328147,-3.429161393254234e-12,0.035540753375749835,0.30799542270389685,14.00343632956245,121.36070510222837,60.22549374101888,5.4058010613512195,4.630964596672654,6.877443565488852,1.2901241468672773,0.024220550556232734,-0.02660991494164907,-0.06903585678293367,-0.0424259418412846,0.05274834079921818,0.04844252740489063,0.20680455449978888,0.12369181735045055,321.16178638523064,0.10588798448966816,0.0011775968979336306,-5.055913625636518e-05,-8.153200337090993e-16,2.3809079707781677e-16,-4.336808689942018e-19,0.0,0.0,1.0408340855860843e-17,0.0,2.5849394142282115e-26,5.492996255234949e-26,3.552713678800501e-15,4.440892098500626e-16,0.6953869350898012
600.0,2.5,1.0,1.5,0.15228198568970489,0.30456397137940977,0.005478899323186598,-0.002170418299066894,0.008730394282926624,0.0,2.4212980442835707e-08,-2.6286679589143626e-11,0.2724422356389939,-3.430076968470622e-12,0.0355502426441834,0.3079924782831773,14.003737854812197,121.360009979298,60.22499499437776,5.405807461744901,4.630926321004956,6.877414805904074,1.290114611434618,0.024212980442835708,-0.026610413790037785,-0.06903600737638695,-0.04242559358634916,0.05274924996910674,0.04844177740099628,0.20680145091307406,0.12369088320414418,321.1617839777288,0.10588792123671242,0.0011775842473424837,-4.9194707733177046e-05,1.5959455978986625e-16,-3.920475055707584e-16,1.0842021724855044e-19,0.0,0.0,-2.7755575615628914e-17,0.0,-3.554291694563791e-26,1.9387045606711586e-26,-1.7763568394002505e-15,8.881784197001252e-16,0.707162840505535
