calcium_uM,changes_increase_to_decrease,original_5pct_pL,original_change_percent,original_ratio,original_reproduction_absolute_ratio_error,original_valid,original_wt_pL,root_id,routing_family,routing_only_5pct_pL,routing_only_change_percent,routing_only_ratio,routing_only_valid,routing_only_wt_pL,saved_original_ratio
0.1,False,0.8570402021297288,15.09540065104833,1.1509540065104833,0.0,True,0.7446346224799579,N_ABS_NKCC_S4_PHIGH_KHIGH_AE4NA05_P1_H1:B00,AE4NA05,0.8598768246285496,5.793875901558554,1.0579387590155855,True,0.8127850665275437,1.1509540065104833
0.25,False,1.0095092251638316,19.154460010856454,1.1915446001085646,0.0,True,0.847227392975347,N_ABS_NKCC_S4_PHIGH_KHIGH_AE4NA05_P1_H1:B00,AE4NA05,1.0143405847929745,7.5133666022989765,1.0751336660229898,True,0.9434553273223282,1.1915446001085646
0.5,False,1.0523789533866972,20.2402859067373,1.202402859067373,0.0,True,0.8752299160390887,N_ABS_NKCC_S4_PHIGH_KHIGH_AE4NA05_P1_H1:B00,AE4NA05,1.0578544350966086,8.03613197330657,1.0803613197330657,True,0.979167261706465,1.202402859067373
0.1,False,0.9897637110199196,9.207377516382142,1.0920737751638214,0.0,True,0.9063157943440641,N_ABS_NKCC_S4_PHIGH_KHIGH_AE4NA20_P2_H1:B00,AE4NA20,0.9907175686152916,4.0161795230602815,1.0401617952306028,True,0.9524648695596925,1.0920737751638214
0.25,False,1.2090616109782286,16.244272762025336,1.1624427276202534,0.0,True,1.0401042410522996,N_ABS_NKCC_S4_PHIGH_KHIGH_AE4NA20_P2_H1:B00,AE4NA20,1.2131884635686085,5.7029574578919995,1.05702957457892,True,1.147733698985571,1.1624427276202534
0.5,False,1.2775439798341002,18.40010802406804,1.1840010802406804,0.0,True,1.0790057552771866,N_ABS_NKCC_S4_PHIGH_KHIGH_AE4NA20_P2_H1:B00,AE4NA20,1.2827859880858572,6.247827075052492,1.062478270750525,True,1.207352680426781,1.1840010802406804
0.1,False,0.8417683443817963,14.052129973248228,1.1405212997324823,0.0,True,0.7380557860508516,N_ABS_NKCC_S4_PHIGH_KLOW_AE4NA05_P1_H1:B00,AE4NA05,0.8443597205683593,5.399768952754069,1.0539976895275407,True,0.8011020602396647,1.1405212997324823
0.25,False,0.9903269620761913,17.99146304033774,1.1799146304033774,0.0,True,0.8393208597961263,N_ABS_NKCC_S4_PHIGH_KLOW_AE4NA05_P1_H1:B00,AE4NA05,0.9947816964670733,7.033617958317295,1.070336179583173,True,0.9294105118024476,1.1799146304033774
0.5,False,1.034394957049368,19.197945509917936,1.1919794550991794,0.0,True,0.8677959612678899,N_ABS_NKCC_S4_PHIGH_KLOW_AE4NA05_P1_H1:B00,AE4NA05,1.039517210385378,7.58964288768551,1.075896428876855,True,0.9661870626994701,1.1919794550991794
0.1,False,0.9609500186890377,8.228691712173974,1.0822869171217397,0.0,True,0.8878884180219158,N_ABS_NKCC_S4_PHIGH_KLOW_AE4NA20_P2_H1:B00,AE4NA20,0.9617119080802062,3.4883112712531306,1.0348831127125313,True,0.9292951989132995,1.0822869171217397
0.25,False,1.1715851322063742,14.542949697198072,1.1454294969719807,0.0,True,1.0228347840731686,N_ABS_NKCC_S4_PHIGH_KLOW_AE4NA20_P2_H1:B00,AE4NA20,1.175091679909112,4.958845376060439,1.0495884537606044,True,1.1195737488334956,1.1454294969719807
0.5,False,1.2421550665997492,16.696831460076456,1.1669683146007646,0.0,True,1.0644291289302974,N_ABS_NKCC_S4_PHIGH_KLOW_AE4NA20_P2_H1:B00,AE4NA20,1.246733716890235,5.498851375765801,1.054988513757658,True,1.181750986510383,1.1669683146007646
0.1,False,0.8367580788124779,16.317970175312404,1.163179701753124,0.0,True,0.7193712867851209,N_ABS_NKCC_S4_PLOW_KHIGH_AE4NA05_P1_H1:B00,AE4NA05,0.8398976766457608,6.17822003333417,1.0617822003333417,True,0.7910263294883627,1.163179701753124
0.25,False,0.9863302450769835,20.271414127922306,1.202714141279223,0.0,True,0.8200870108901432,N_ABS_NKCC_S4_PLOW_KHIGH_AE4NA05_P1_H1:B00,AE4NA05,0.9914220802967508,7.830976219336283,1.0783097621933628,True,0.919422335823172,1.202714141279223
0.5,False,1.028337074478457,21.330518556080126,1.2133051855608012,0.0,True,0.8475502179636278,N_ABS_NKCC_S4_PLOW_KHIGH_AE4NA05_P1_H1:B00,AE4NA05,1.034055839435424,8.33504625692234,1.0833504625692234,True,0.9544979904130981,1.2133051855608012
0.1,False,0.9641639480017462,12.493288728498264,1.1249328872849826,0.0,True,0.8570857505364154,N_ABS_NKCC_S4_PLOW_KHIGH_AE4NA20_P2_H1:B00,AE4NA20,0.9664881193726073,4.625714139968573,1.0462571413996857,True,0.9237577275502623,1.1249328872849826
0.25,False,1.1778465243265066,19.51479530489553,1.1951479530489553,0.0,True,0.9855236092917946,N_ABS_NKCC_S4_PLOW_KHIGH_AE4NA20_P2_H1:B00,AE4NA20,1.183472836139509,6.235979574941797,1.062359795749418,True,1.1140037874876982,1.1951479530489553
0.5,False,1.2442768841489513,21.663007090904806,1.216630070909048,0.0,True,1.022724091653633,N_ABS_NKCC_S4_PLOW_KHIGH_AE4NA20_P2_H1:B00,AE4NA20,1.2510517472534946,6.759967501057518,1.0675996750105752,True,1.1718360135704444,1.216630070909048
0.1,False,0.8228988086030503,15.185457049164807,1.151854570491648,0.0,True,0.7144120704854355,N_ABS_NKCC_S4_PLOW_KLOW_AE4NA05_P1_H1:B00,AE4NA05,0.825768166613062,5.766012511751395,1.057660125117514,True,0.7807500226231116,1.151854570491648
0.25,False,0.96811099267389,19.063912132439764,1.1906391213243976,0.0,True,0.8131019511579796,N_ABS_NKCC_S4_PLOW_KLOW_AE4NA05_P1_H1:B00,AE4NA05,0.9728168727299507,7.349436769614193,1.073494367696142,True,0.9062151623745747,1.1906391213243976
0.5,False,1.0110139153060884,20.256288059441307,1.202562880594413,0.0,True,0.8407160503792998,N_ABS_NKCC_S4_PLOW_KLOW_AE4NA05_P1_H1:B00,AE4NA05,1.0163739981415205,7.890071838790691,1.078900718387907,True,0.9420458998861232,1.202562880594413
0.1,False,0.937536085494715,11.294850875019801,1.112948508750198,0.0,True,0.8423894529923357,N_ABS_NKCC_S4_PLOW_KLOW_AE4NA20_P2_H1:B00,AE4NA20,0.9395354967335156,4.053259028299494,1.040532590282995,True,0.9029371165375886,1.112948508750198
0.25,False,1.1424044002402989,17.64665843101916,1.1764665843101916,0.0,True,0.9710470450039473,N_ABS_NKCC_S4_PLOW_KLOW_AE4NA20_P2_H1:B00,AE4NA20,1.1473042162492924,5.468167736253893,1.054681677362539,True,1.0878203735542047,1.1764665843101916
0.5,False,1.2105908166440842,19.822615579585246,1.1982261557958525,0.0,True,1.01031913782588,N_ABS_NKCC_S4_PLOW_KLOW_AE4NA20_P2_H1:B00,AE4NA20,1.2166163477697836,5.993155061717559,1.0599315506171756,True,1.1478253921787438,1.1982261557958525
0.1,False,0.8433515516016178,15.307414226316073,1.1530741422631607,0.0,True,0.7313940367671029,N_ABS_NKCC_S4_PNOM_KMID_AE4NA05_P1_H1:B00,AE4NA05,0.8462774148614207,5.829485677993174,1.0582948567799317,True,0.7996612753428517,1.1530741422631607
0.25,False,0.9909075568063769,19.237653531919463,1.1923765353191946,0.0,True,0.8310357738976427,N_ABS_NKCC_S4_PNOM_KMID_AE4NA05_P1_H1:B00,AE4NA05,0.9957517917159657,7.470381439448781,1.0747038143944878,True,0.9265360170671717,1.1923765353191946
0.5,False,1.0330042391998144,20.34807467128519,1.2034807467128519,0.0,True,0.858347125221013,N_ABS_NKCC_S4_PNOM_KMID_AE4NA05_P1_H1:B00,AE4NA05,1.0384891388358193,7.991526576467112,1.0799152657646711,True,0.961639465389427,1.2034807467128519
0.1,False,0.9687551145675783,10.489849913433336,1.1048984991343334,0.0,True,0.8767819988230405,N_ABS_NKCC_S4_PNOM_KMID_AE4NA20_P2_H1:B00,AE4NA20,0.970365768540658,4.066587091608298,1.040665870916083,True,0.9324469992337302,1.1048984991343334
0.25,False,1.1802170322354395,17.166380064212426,1.1716638006421243,0.0,True,1.0073000732707007,N_ABS_NKCC_S4_PNOM_KMID_AE4NA20_P2_H1:B00,AE4NA20,1.1848868228250948,5.606035672531018,1.0560603567253102,True,1.1219877872314579,1.1716638006421243
0.5,False,1.2476963436718809,19.30402557108799,1.19304025571088,0.0,True,1.0458124423709692,N_ABS_NKCC_S4_PNOM_KMID_AE4NA20_P2_H1:B00,AE4NA20,1.253482670444087,6.132818513353011,1.06132818513353,True,1.1810509586027633,1.19304025571088
