Q_0_600_pL,ae4_expression,all_flow_nonnegative,calcium_uM,contract_sha256,dynamic_gate_pass,max_abs_charge_fmol,max_abs_conservation__ae4_charge_fmol_s,max_abs_conservation__apical_current_A,max_abs_conservation__basolateral_current_A,max_abs_conservation__buffer_site_accounting_fmol_s,max_abs_conservation__carbon_accounting_fmol_s,max_abs_conservation__cell_bulk_charge_rate_fmol_s,max_abs_conservation__cell_speciation_alkalinity_mM,max_abs_conservation__homeostasis_charge_fmol_s,max_abs_conservation__lumen_bulk_charge_rate_minus_outflow_fmol_s,max_abs_conservation__lumen_speciation_alkalinity_mM,max_abs_conservation__water_volume_accounting_pL_s,max_dimensionless_conservation_ratio,new_trajectory,positive_core,pump_scale,rest_status,root_id,routing_family,sample_count,solver_message,solver_success,status,trajectory_path,trajectory_sha256
0.7446346224799579,1.0,True,0.1,207bff9870e52cc7d2c6b7372d1ffc85fd1beeb71da181601f8ec221274e70a4,True,2.4158453015843406e-13,0.0,1.0985992510469899e-25,5.816113682013476e-26,0.0,8.673617379884035e-19,1.2299189444675562e-15,2.255973186038318e-13,6.591949208711867e-17,1.1501216645726231e-15,2.6645352591003757e-15,2.168404344971009e-19,0.00022559731860383178,False,True,1.0,,N_ABS_NKCC_S4_PHIGH_KHIGH_AE4NA05_P1_H1:B00,AE4NA05,602,The solver successfully reached the end of the integration interval.,True,BASELINE_HASH_VALID_REUSE,results/14_scale_free_genotype_holdout/trajectories/N_ABS_NKCC_S4_PHIGH_KHIGH_AE4NA05_P1_H1_B00_ca0.10_WT_production_radau.json,3342778c97bd24899846e515eac584ab9be1c5e87092c8a1281a653d8a7ff2f6
0.847227392975347,1.0,True,0.25,207bff9870e52cc7d2c6b7372d1ffc85fd1beeb71da181601f8ec221274e70a4,True,2.7000623958883807e-13,0.0,2.617251156906064e-25,1.1955344790805478e-25,0.0,1.734723475976807e-18,3.157196726277789e-15,1.5489831639570184e-12,6.938893903907228e-17,2.7066023033928133e-15,7.993605777301127e-15,2.168404344971009e-19,0.0015489831639570184,False,True,1.0,,N_ABS_NKCC_S4_PHIGH_KHIGH_AE4NA05_P1_H1:B00,AE4NA05,602,The solver successfully reached the end of the integration interval.,True,BASELINE_HASH_VALID_REUSE,results/14_scale_free_genotype_holdout/trajectories/N_ABS_NKCC_S4_PHIGH_KHIGH_AE4NA05_P1_H1_B00_ca0.25_WT_production_radau.json,7db9c20468e99da3e3e564d08f93b0d7843598052ff1034aacf4336d0c13dd0b
0.8752299160390887,1.0,True,0.5,207bff9870e52cc7d2c6b7372d1ffc85fd1beeb71da181601f8ec221274e70a4,True,2.4158453015843406e-13,0.0,2.617251156906064e-25,2.100263274060422e-25,0.0,1.734723475976807e-18,3.653327640407156e-15,2.467359649926948e-12,6.418476861114186e-17,2.766016582445019e-15,1.0658141036401503e-14,2.168404344971009e-19,0.002467359649926948,False,True,1.0,,N_ABS_NKCC_S4_PHIGH_KHIGH_AE4NA05_P1_H1:B00,AE4NA05,602,The solver successfully reached the end of the integration interval.,True,BASELINE_HASH_VALID_REUSE,results/14_scale_free_genotype_holdout/trajectories/N_ABS_NKCC_S4_PHIGH_KHIGH_AE4NA05_P1_H1_B00_ca0.50_WT_production_radau.json,d3f18f26432348a9d6bb13f9423cac2ea767c425c530106339c98a4511701c87
0.8570402021297288,0.05,True,0.1,207bff9870e52cc7d2c6b7372d1ffc85fd1beeb71da181601f8ec221274e70a4,True,3.836930773104541e-13,1.734723475976807e-18,8.401053096241687e-26,6.139231108792002e-26,0.0,8.673617379884035e-19,1.0868042576994696e-15,1.0658141036401503e-14,6.591949208711867e-17,8.161873954470877e-16,4.440892098500626e-15,2.168404344971009e-19,1.0868042576994696e-05,False,True,1.0,,N_ABS_NKCC_S4_PHIGH_KHIGH_AE4NA05_P1_H1:B00,AE4NA05,602,The solver successfully reached the end of the integration interval.,True,BASELINE_HASH_VALID_REUSE,results/14B_five_percent_ae4_check/trajectories/N_ABS_NKCC_S4_PHIGH_KHIGH_AE4NA05_P1_H1_B00_ca0.10_AE4_5pct_production_radau.json,b83d089b58991ba8846b8614792e6c77ce0472514245cfdf77603a1138e30cd4
1.0095092251638316,0.05,True,0.25,207bff9870e52cc7d2c6b7372d1ffc85fd1beeb71da181601f8ec221274e70a4,True,4.405364961712621e-13,1.734723475976807e-18,2.2295102447718324e-25,1.1632227364026952e-25,0.0,1.734723475976807e-18,2.497134443668614e-15,1.4210854715202004e-14,6.765421556309548e-17,2.2664162213636985e-15,2.1316282072803006e-14,2.168404344971009e-19,2.4971344436686138e-05,False,True,1.0,,N_ABS_NKCC_S4_PHIGH_KHIGH_AE4NA05_P1_H1:B00,AE4NA05,602,The solver successfully reached the end of the integration interval.,True,BASELINE_HASH_VALID_REUSE,results/14B_five_percent_ae4_check/trajectories/N_ABS_NKCC_S4_PHIGH_KHIGH_AE4NA05_P1_H1_B00_ca0.25_AE4_5pct_production_radau.json,82bed8dea8d8e38318f55e3bd852bb89d82ff6020017175699cf4171d1ab36a8
1.0523789533866972,0.05,True,0.5,207bff9870e52cc7d2c6b7372d1ffc85fd1beeb71da181601f8ec221274e70a4,True,2.7000623958883807e-13,1.734723475976807e-18,2.1325750167382745e-25,2.3910689581610956e-25,0.0,1.734723475976807e-18,3.1589314497537657e-15,1.4210854715202004e-14,6.591949208711867e-17,2.258609965721803e-15,3.1530333899354446e-14,2.168404344971009e-19,3.158931449753766e-05,False,True,1.0,,N_ABS_NKCC_S4_PHIGH_KHIGH_AE4NA05_P1_H1:B00,AE4NA05,602,The solver successfully reached the end of the integration interval.,True,BASELINE_HASH_VALID_REUSE,results/14B_five_percent_ae4_check/trajectories/N_ABS_NKCC_S4_PHIGH_KHIGH_AE4NA05_P1_H1_B00_ca0.50_AE4_5pct_production_radau.json,7d78e1858e1b33a481a42a94c6af91b691417ca52098d9f7b8376e09c4bc5f76
0.4350493458806811,1.0,True,0.1,207bff9870e52cc7d2c6b7372d1ffc85fd1beeb71da181601f8ec221274e70a4,True,9.947598300641403e-14,0.0,1.1309109937248425e-25,3.877409121342317e-26,0.0,8.673617379884035e-19,1.2776238400569184e-15,2.559730205575761e-12,5.724587470723463e-17,1.1813466871402056e-15,6.972200594645983e-13,1.0842021724855044e-19,0.002559730205575761,True,True,0.5,,N_ABS_NKCC_S4_PHIGH_KHIGH_AE4NA05_P1_H1:B00,AE4NA05,602,The solver successfully reached the end of the integration interval.,True,COMPLETE,results/19_ae4_loss_nak_pump_coupling/trajectories/N_ABS_NKCC_S4_PHIGH_KHIGH_AE4NA05_P1_H1_B00_e1.00_pump0.50_ca0.10.json,1c5e7d50815e7e9f61a6e40dfd45dc576b2cf067135c9648e51c7bfe4226cace
0.48451394295258826,1.0,True,0.25,207bff9870e52cc7d2c6b7372d1ffc85fd1beeb71da181601f8ec221274e70a4,True,5.826450433232822e-13,0.0,2.4880041861946536e-25,1.001664023013432e-25,0.0,8.673617379884035e-19,2.733924198139448e-15,2.5721647034515627e-12,5.551115123125783e-17,2.576931723563547e-15,6.536993168992922e-13,2.168404344971009e-19,0.0025721647034515627,True,True,0.5,,N_ABS_NKCC_S4_PHIGH_KHIGH_AE4NA05_P1_H1:B00,AE4NA05,602,The solver successfully reached the end of the integration interval.,True,COMPLETE,results/19_ae4_loss_nak_pump_coupling/trajectories/N_ABS_NKCC_S4_PHIGH_KHIGH_AE4NA05_P1_H1_B00_e1.00_pump0.50_ca0.25.json,4bf3a6326235ebaabb3587de5dbcb0ed27880c938e674cd5c8dd98acd9e1493c
0.4977345547695196,1.0,True,0.5,207bff9870e52cc7d2c6b7372d1ffc85fd1beeb71da181601f8ec221274e70a4,True,1.2789769243681803e-13,0.0,2.552627671550359e-25,1.260157964436253e-25,0.0,1.734723475976807e-18,2.5847379792054426e-15,2.5774937739697634e-12,6.071532165918825e-17,2.662800535624399e-15,6.741274205523951e-13,1.0842021724855044e-19,0.0025774937739697634,True,True,0.5,,N_ABS_NKCC_S4_PHIGH_KHIGH_AE4NA05_P1_H1:B00,AE4NA05,602,The solver successfully reached the end of the integration interval.,True,COMPLETE,results/19_ae4_loss_nak_pump_coupling/trajectories/N_ABS_NKCC_S4_PHIGH_KHIGH_AE4NA05_P1_H1_B00_e1.00_pump0.50_ca0.50.json,e0476fb9d0141ae948dfc205c0f156e025594a9dfec9f07def8e6de46866bfea
0.6054762555234665,0.05,True,0.1,207bff9870e52cc7d2c6b7372d1ffc85fd1beeb71da181601f8ec221274e70a4,True,1.5631940186722204e-13,8.673617379884035e-19,1.0662875083691372e-25,5.492996255234949e-26,0.0,8.673617379884035e-19,1.0763959168436088e-15,6.3806737671257e-12,6.418476861114186e-17,1.0928757898653885e-15,4.574118861455645e-13,2.168404344971009e-19,0.0063806737671257,True,True,0.5,,N_ABS_NKCC_S4_PHIGH_KHIGH_AE4NA05_P1_H1:B00,AE4NA05,602,The solver successfully reached the end of the integration interval.,True,COMPLETE,results/19_ae4_loss_nak_pump_coupling/trajectories/N_ABS_NKCC_S4_PHIGH_KHIGH_AE4NA05_P1_H1_B00_e0.05_pump0.50_ca0.10.json,0d9d645a6d83354edb2fd76358af7614233de203f85c1c6ef8ecf928e71a6097
0.68417337736747,0.05,True,0.25,207bff9870e52cc7d2c6b7372d1ffc85fd1beeb71da181601f8ec221274e70a4,True,3.694822225952521e-13,1.734723475976807e-18,2.9403685836845906e-25,1.1632227364026952e-25,0.0,1.734723475976807e-18,2.8666305440516737e-15,6.515676886920119e-12,6.678685382510707e-17,3.0600522116230877e-15,3.339550858072471e-13,2.168404344971009e-19,0.006515676886920119,True,True,0.5,,N_ABS_NKCC_S4_PHIGH_KHIGH_AE4NA05_P1_H1:B00,AE4NA05,602,The solver successfully reached the end of the integration interval.,True,COMPLETE,results/19_ae4_loss_nak_pump_coupling/trajectories/N_ABS_NKCC_S4_PHIGH_KHIGH_AE4NA05_P1_H1_B00_e0.05_pump0.50_ca0.25.json,02c29c3e846533294e12f7a9975cca4b08a06426f311cffe6c1bbc3159fb4a9c
0.7051997059695642,0.05,True,0.5,207bff9870e52cc7d2c6b7372d1ffc85fd1beeb71da181601f8ec221274e70a4,True,9.947598300641403e-14,1.734723475976807e-18,2.81112161297318e-25,2.1971985020939798e-25,0.0,1.734723475976807e-18,3.197962727963244e-15,6.59738930153253e-12,6.678685382510707e-17,2.9481625474225837e-15,2.9043434324194095e-13,2.168404344971009e-19,0.00659738930153253,True,True,0.5,,N_ABS_NKCC_S4_PHIGH_KHIGH_AE4NA05_P1_H1:B00,AE4NA05,602,The solver successfully reached the end of the integration interval.,True,COMPLETE,results/19_ae4_loss_nak_pump_coupling/trajectories/N_ABS_NKCC_S4_PHIGH_KHIGH_AE4NA05_P1_H1_B00_e0.05_pump0.50_ca0.50.json,e620a213f492f9d6c1f001918a2cfa7624326f93532c46267e774e9ca7418d75
,1.0,,0.1,207bff9870e52cc7d2c6b7372d1ffc85fd1beeb71da181601f8ec221274e70a4,False,,,,,,,,,,,,,,False,,0.1,REST_CONTINUATION_FAILURE,N_ABS_NKCC_S4_PHIGH_KHIGH_AE4NA05_P1_H1:B00,AE4NA05,,,,NOT_RUN_REST_FAILURE,,
,1.0,,0.25,207bff9870e52cc7d2c6b7372d1ffc85fd1beeb71da181601f8ec221274e70a4,False,,,,,,,,,,,,,,False,,0.1,REST_CONTINUATION_FAILURE,N_ABS_NKCC_S4_PHIGH_KHIGH_AE4NA05_P1_H1:B00,AE4NA05,,,,NOT_RUN_REST_FAILURE,,
,1.0,,0.5,207bff9870e52cc7d2c6b7372d1ffc85fd1beeb71da181601f8ec221274e70a4,False,,,,,,,,,,,,,,False,,0.1,REST_CONTINUATION_FAILURE,N_ABS_NKCC_S4_PHIGH_KHIGH_AE4NA05_P1_H1:B00,AE4NA05,,,,NOT_RUN_REST_FAILURE,,
,0.05,,0.1,207bff9870e52cc7d2c6b7372d1ffc85fd1beeb71da181601f8ec221274e70a4,False,,,,,,,,,,,,,,False,,0.1,NOT_RUN_PARENT_REST_FAILURE,N_ABS_NKCC_S4_PHIGH_KHIGH_AE4NA05_P1_H1:B00,AE4NA05,,,,NOT_RUN_REST_FAILURE,,
,0.05,,0.25,207bff9870e52cc7d2c6b7372d1ffc85fd1beeb71da181601f8ec221274e70a4,False,,,,,,,,,,,,,,False,,0.1,NOT_RUN_PARENT_REST_FAILURE,N_ABS_NKCC_S4_PHIGH_KHIGH_AE4NA05_P1_H1:B00,AE4NA05,,,,NOT_RUN_REST_FAILURE,,
,0.05,,0.5,207bff9870e52cc7d2c6b7372d1ffc85fd1beeb71da181601f8ec221274e70a4,False,,,,,,,,,,,,,,False,,0.1,NOT_RUN_PARENT_REST_FAILURE,N_ABS_NKCC_S4_PHIGH_KHIGH_AE4NA05_P1_H1:B00,AE4NA05,,,,NOT_RUN_REST_FAILURE,,
0.9063157943440641,1.0,True,0.1,207bff9870e52cc7d2c6b7372d1ffc85fd1beeb71da181601f8ec221274e70a4,True,4.689582056016661e-13,0.0,1.0985992510469899e-25,6.462348535570529e-26,0.0,8.673617379884035e-19,1.1666015375944028e-15,1.4210854715202004e-14,6.852157730108388e-17,1.1258355359089478e-15,4.440892098500626e-15,2.168404344971009e-19,1.4210854715202002e-05,False,True,1.0,,N_ABS_NKCC_S4_PHIGH_KHIGH_AE4NA20_P2_H1:B00,AE4NA20,602,The solver successfully reached the end of the integration interval.,True,BASELINE_HASH_VALID_REUSE,results/14_scale_free_genotype_holdout/trajectories/N_ABS_NKCC_S4_PHIGH_KHIGH_AE4NA20_P2_H1_B00_ca0.10_WT_production_radau.json,e72842393c2b4bb521c7dfd4e4a80572b4c596e980bf341f0ddd841cc3430dfd
1.0401042410522996,1.0,True,0.25,207bff9870e52cc7d2c6b7372d1ffc85fd1beeb71da181601f8ec221274e70a4,True,8.100187187665142e-13,0.0,2.8757450983288853e-25,1.0662875083691372e-25,0.0,1.734723475976807e-18,2.8336707980081144e-15,6.490807891168515e-12,6.852157730108388e-17,2.9351521213527576e-15,9.325873406851315e-15,2.168404344971009e-19,0.006490807891168515,False,True,1.0,,N_ABS_NKCC_S4_PHIGH_KHIGH_AE4NA20_P2_H1:B00,AE4NA20,602,The solver successfully reached the end of the integration interval.,True,BASELINE_HASH_VALID_REUSE,results/14_scale_free_genotype_holdout/trajectories/N_ABS_NKCC_S4_PHIGH_KHIGH_AE4NA20_P2_H1_B00_ca0.25_WT_production_radau.json,dfa5c9aa9eb9026043f447a766c672d457d28aa1e8514cda0bc03d52537fa661
1.0790057552771866,1.0,True,0.5,207bff9870e52cc7d2c6b7372d1ffc85fd1beeb71da181601f8ec221274e70a4,True,2.1316282072803006e-13,0.0,2.0356397887047165e-25,2.0679515313825692e-25,0.0,1.734723475976807e-18,2.518818487118324e-15,6.544098596350523e-12,6.678685382510707e-17,2.0322285521068295e-15,1.1102230246251565e-14,4.336808689942018e-19,0.006544098596350523,False,True,1.0,,N_ABS_NKCC_S4_PHIGH_KHIGH_AE4NA20_P2_H1:B00,AE4NA20,602,The solver successfully reached the end of the integration interval.,True,BASELINE_HASH_VALID_REUSE,results/14_scale_free_genotype_holdout/trajectories/N_ABS_NKCC_S4_PHIGH_KHIGH_AE4NA20_P2_H1_B00_ca0.50_WT_production_radau.json,192072ef63d3361104c16209704dbb775998b96e432e2f2d2a1478dfadd8802a
0.9897637110199196,0.05,True,0.1,207bff9870e52cc7d2c6b7372d1ffc85fd1beeb71da181601f8ec221274e70a4,True,1.8474111129762605e-13,2.6020852139652106e-18,9.370405376577267e-26,5.816113682013476e-26,0.0,8.673617379884035e-19,9.54097911787244e-16,3.055333763768431e-13,6.765421556309548e-17,9.983333604246525e-16,7.993605777301127e-15,2.168404344971009e-19,0.0003055333763768431,False,True,1.0,,N_ABS_NKCC_S4_PHIGH_KHIGH_AE4NA20_P2_H1:B00,AE4NA20,602,The solver successfully reached the end of the integration interval.,True,BASELINE_HASH_VALID_REUSE,results/14B_five_percent_ae4_check/trajectories/N_ABS_NKCC_S4_PHIGH_KHIGH_AE4NA20_P2_H1_B00_ca0.10_AE4_5pct_production_radau.json,6b90de97d1b92cc0b4b3e982002807b740a65535072a878b2834bae0c52ef913
1.2090616109782286,0.05,True,0.25,207bff9870e52cc7d2c6b7372d1ffc85fd1beeb71da181601f8ec221274e70a4,True,6.394884621840902e-13,1.734723475976807e-18,1.8740810753154533e-25,1.1632227364026952e-25,0.0,1.734723475976807e-18,2.009677146919131e-15,1.3358203432289883e-12,6.852157730108388e-17,1.871766630578975e-15,2.930988785010413e-14,4.336808689942018e-19,0.0013358203432289883,False,True,1.0,,N_ABS_NKCC_S4_PHIGH_KHIGH_AE4NA20_P2_H1:B00,AE4NA20,602,The solver successfully reached the end of the integration interval.,True,BASELINE_HASH_VALID_REUSE,results/14B_five_percent_ae4_check/trajectories/N_ABS_NKCC_S4_PHIGH_KHIGH_AE4NA20_P2_H1_B00_ca0.25_AE4_5pct_production_radau.json,23fa81b10a3269d74223b5a052086056699e8c01a02ac97c6bd846f78f08fe45
1.2775439798341002,0.05,True,0.5,207bff9870e52cc7d2c6b7372d1ffc85fd1beeb71da181601f8ec221274e70a4,True,1.7053025658242404e-13,2.6020852139652106e-18,2.455692443516801e-25,2.3264454728053903e-25,0.0,1.734723475976807e-18,3.1710745140856034e-15,2.099653784171096e-12,6.765421556309548e-17,2.4615726124110893e-15,3.597122599785507e-14,1.0842021724855044e-18,0.002099653784171096,False,True,1.0,,N_ABS_NKCC_S4_PHIGH_KHIGH_AE4NA20_P2_H1:B00,AE4NA20,602,The solver successfully reached the end of the integration interval.,True,BASELINE_HASH_VALID_REUSE,results/14B_five_percent_ae4_check/trajectories/N_ABS_NKCC_S4_PHIGH_KHIGH_AE4NA20_P2_H1_B00_ca0.50_AE4_5pct_production_radau.json,48091297dcec49a3e5ed6215e48d450b321379f655a93fbba809cf2bbcb4014c
0.5776738190780659,1.0,True,0.1,207bff9870e52cc7d2c6b7372d1ffc85fd1beeb71da181601f8ec221274e70a4,True,1.5631940186722204e-13,0.0,1.260157964436253e-25,5.816113682013476e-26,0.0,1.3010426069826053e-18,1.3357370765021415e-15,2.1671553440683056e-13,6.071532165918825e-17,1.3817072486155269e-15,5.231370892033738e-13,2.168404344971009e-19,0.0005231370892033738,True,True,0.5,,N_ABS_NKCC_S4_PHIGH_KHIGH_AE4NA20_P2_H1:B00,AE4NA20,602,The solver successfully reached the end of the integration interval.,True,COMPLETE,results/19_ae4_loss_nak_pump_coupling/trajectories/N_ABS_NKCC_S4_PHIGH_KHIGH_AE4NA20_P2_H1_B00_e1.00_pump0.50_ca0.10.json,474594c287983f52b75646a8a8b9d5b023900687955aa7536daebf39fcc27d18
0.6411472010328546,1.0,True,0.25,207bff9870e52cc7d2c6b7372d1ffc85fd1beeb71da181601f8ec221274e70a4,True,3.552713678800501e-13,0.0,2.81112161297318e-25,1.1309109937248425e-25,0.0,8.673617379884035e-19,3.183217578417441e-15,1.5987211554602254e-13,6.591949208711867e-17,2.892651396191326e-15,2.042810365310288e-13,2.168404344971009e-19,0.0002042810365310288,True,True,0.5,,N_ABS_NKCC_S4_PHIGH_KHIGH_AE4NA20_P2_H1:B00,AE4NA20,602,The solver successfully reached the end of the integration interval.,True,COMPLETE,results/19_ae4_loss_nak_pump_coupling/trajectories/N_ABS_NKCC_S4_PHIGH_KHIGH_AE4NA20_P2_H1_B00_e1.00_pump0.50_ca0.25.json,a17c428ba076ce6d1249574bb4753ab93f3f84b7e57b8ebf5cfabf380af3355a
0.6583550441749153,1.0,True,0.5,207bff9870e52cc7d2c6b7372d1ffc85fd1beeb71da181601f8ec221274e70a4,True,2.2737367544323206e-13,0.0,3.0373038117181485e-25,1.550963648536927e-25,0.0,1.734723475976807e-18,3.888382671402013e-15,1.4210854715202004e-13,6.591949208711867e-17,3.144186300207963e-15,1.8918200339612667e-13,2.168404344971009e-19,0.00018918200339612667,True,True,0.5,,N_ABS_NKCC_S4_PHIGH_KHIGH_AE4NA20_P2_H1:B00,AE4NA20,602,The solver successfully reached the end of the integration interval.,True,COMPLETE,results/19_ae4_loss_nak_pump_coupling/trajectories/N_ABS_NKCC_S4_PHIGH_KHIGH_AE4NA20_P2_H1_B00_e1.00_pump0.50_ca0.50.json,8da5d7a49699b34c846f0f723b1e2ff11e81699ffe7f4eff314773db0e635334
0.856962428485862,0.05,True,0.1,207bff9870e52cc7d2c6b7372d1ffc85fd1beeb71da181601f8ec221274e70a4,True,1.2789769243681803e-13,1.734723475976807e-18,9.04728794979874e-26,5.816113682013476e-26,0.0,8.673617379884035e-19,1.0061396160665481e-15,2.4868995751603507e-14,6.678685382510707e-17,9.636388909051163e-16,6.661338147750939e-15,2.168404344971009e-19,2.4868995751603507e-05,True,True,0.5,,N_ABS_NKCC_S4_PHIGH_KHIGH_AE4NA20_P2_H1:B00,AE4NA20,602,The solver successfully reached the end of the integration interval.,True,COMPLETE,results/19_ae4_loss_nak_pump_coupling/trajectories/N_ABS_NKCC_S4_PHIGH_KHIGH_AE4NA20_P2_H1_B00_e0.05_pump0.50_ca0.10.json,7448c4b9a5ae83c0dc981ece7c8cf5dcf7880a998e06cf3fbf1728869d8d8e9a
1.0069047385882808,0.05,True,0.25,207bff9870e52cc7d2c6b7372d1ffc85fd1beeb71da181601f8ec221274e70a4,True,3.552713678800501e-13,1.734723475976807e-18,2.2941337301275377e-25,1.0662875083691372e-25,0.0,1.734723475976807e-18,2.854487479719836e-15,8.881784197001252e-14,6.591949208711867e-17,2.4216739724636227e-15,3.197442310920451e-14,2.168404344971009e-19,8.881784197001252e-05,True,True,0.5,,N_ABS_NKCC_S4_PHIGH_KHIGH_AE4NA20_P2_H1:B00,AE4NA20,602,The solver successfully reached the end of the integration interval.,True,COMPLETE,results/19_ae4_loss_nak_pump_coupling/trajectories/N_ABS_NKCC_S4_PHIGH_KHIGH_AE4NA20_P2_H1_B00_e0.05_pump0.50_ca0.25.json,1b927cd4bdb240c54f071be100226034b883f893636ca942e7b972edb71d9870
1.0489219561200747,0.05,True,0.5,207bff9870e52cc7d2c6b7372d1ffc85fd1beeb71da181601f8ec221274e70a4,True,2.1316282072803006e-13,1.734723475976807e-18,2.003328046026864e-25,2.261821987449685e-25,0.0,1.734723475976807e-18,2.703566537309854e-15,1.3145040611561853e-13,6.678685382510707e-17,2.0946785972419946e-15,4.618527782440651e-14,2.168404344971009e-19,0.00013145040611561853,True,True,0.5,,N_ABS_NKCC_S4_PHIGH_KHIGH_AE4NA20_P2_H1:B00,AE4NA20,602,The solver successfully reached the end of the integration interval.,True,COMPLETE,results/19_ae4_loss_nak_pump_coupling/trajectories/N_ABS_NKCC_S4_PHIGH_KHIGH_AE4NA20_P2_H1_B00_e0.05_pump0.50_ca0.50.json,4a712b75b7f82a69a668bea732cd7a2bb19b1697fa73487e1782ced41087e840
,1.0,,0.1,207bff9870e52cc7d2c6b7372d1ffc85fd1beeb71da181601f8ec221274e70a4,False,,,,,,,,,,,,,,False,,0.1,REST_CONTINUATION_FAILURE,N_ABS_NKCC_S4_PHIGH_KHIGH_AE4NA20_P2_H1:B00,AE4NA20,,,,NOT_RUN_REST_FAILURE,,
,1.0,,0.25,207bff9870e52cc7d2c6b7372d1ffc85fd1beeb71da181601f8ec221274e70a4,False,,,,,,,,,,,,,,False,,0.1,REST_CONTINUATION_FAILURE,N_ABS_NKCC_S4_PHIGH_KHIGH_AE4NA20_P2_H1:B00,AE4NA20,,,,NOT_RUN_REST_FAILURE,,
,1.0,,0.5,207bff9870e52cc7d2c6b7372d1ffc85fd1beeb71da181601f8ec221274e70a4,False,,,,,,,,,,,,,,False,,0.1,REST_CONTINUATION_FAILURE,N_ABS_NKCC_S4_PHIGH_KHIGH_AE4NA20_P2_H1:B00,AE4NA20,,,,NOT_RUN_REST_FAILURE,,
,0.05,,0.1,207bff9870e52cc7d2c6b7372d1ffc85fd1beeb71da181601f8ec221274e70a4,False,,,,,,,,,,,,,,False,,0.1,NOT_RUN_PARENT_REST_FAILURE,N_ABS_NKCC_S4_PHIGH_KHIGH_AE4NA20_P2_H1:B00,AE4NA20,,,,NOT_RUN_REST_FAILURE,,
,0.05,,0.25,207bff9870e52cc7d2c6b7372d1ffc85fd1beeb71da181601f8ec221274e70a4,False,,,,,,,,,,,,,,False,,0.1,NOT_RUN_PARENT_REST_FAILURE,N_ABS_NKCC_S4_PHIGH_KHIGH_AE4NA20_P2_H1:B00,AE4NA20,,,,NOT_RUN_REST_FAILURE,,
,0.05,,0.5,207bff9870e52cc7d2c6b7372d1ffc85fd1beeb71da181601f8ec221274e70a4,False,,,,,,,,,,,,,,False,,0.1,NOT_RUN_PARENT_REST_FAILURE,N_ABS_NKCC_S4_PHIGH_KHIGH_AE4NA20_P2_H1:B00,AE4NA20,,,,NOT_RUN_REST_FAILURE,,
0.7380557860508516,1.0,True,0.1,207bff9870e52cc7d2c6b7372d1ffc85fd1beeb71da181601f8ec221274e70a4,True,2.1316282072803006e-13,0.0,9.370405376577267e-26,6.462348535570529e-26,0.0,8.673617379884035e-19,1.0113437864944785e-15,2.4158453015843406e-13,6.591949208711867e-17,9.939965517347105e-16,3.9968028886505635e-15,2.168404344971009e-19,0.00024158453015843404,False,True,1.0,,N_ABS_NKCC_S4_PHIGH_KLOW_AE4NA05_P1_H1:B00,AE4NA05,602,The solver successfully reached the end of the integration interval.,True,BASELINE_HASH_VALID_REUSE,results/14_scale_free_genotype_holdout/trajectories/N_ABS_NKCC_S4_PHIGH_KLOW_AE4NA05_P1_H1_B00_ca0.10_WT_production_radau.json,d9ef71633c1fb1bfcbea3133679305ede63048eca679cce4070674d01c2b8b45
0.8393208597961263,1.0,True,0.25,207bff9870e52cc7d2c6b7372d1ffc85fd1beeb71da181601f8ec221274e70a4,True,1.5631940186722204e-13,0.0,1.9387045606711586e-25,1.1632227364026952e-25,0.0,8.673617379884035e-19,2.4147350785597155e-15,1.4033219031261979e-12,6.765421556309548e-17,1.9680437834956876e-15,1.021405182655144e-14,2.168404344971009e-19,0.0014033219031261979,False,True,1.0,,N_ABS_NKCC_S4_PHIGH_KLOW_AE4NA05_P1_H1:B00,AE4NA05,602,The solver successfully reached the end of the integration interval.,True,BASELINE_HASH_VALID_REUSE,results/14_scale_free_genotype_holdout/trajectories/N_ABS_NKCC_S4_PHIGH_KLOW_AE4NA05_P1_H1_B00_ca0.25_WT_production_radau.json,fc8e5d6ec7a311b3a3bedf0466239635187f8ee876c0b1c943ae258976fe94c1
0.8677959612678899,1.0,True,0.5,207bff9870e52cc7d2c6b7372d1ffc85fd1beeb71da181601f8ec221274e70a4,True,1.9895196601282805e-13,0.0,2.908056841006738e-25,3.0373038117181485e-25,0.0,1.734723475976807e-18,3.443426099813962e-15,2.140509991477302e-12,6.591949208711867e-17,3.0747973611688906e-15,1.2434497875801753e-14,2.168404344971009e-19,0.002140509991477302,False,True,1.0,,N_ABS_NKCC_S4_PHIGH_KLOW_AE4NA05_P1_H1:B00,AE4NA05,602,The solver successfully reached the end of the integration interval.,True,BASELINE_HASH_VALID_REUSE,results/14_scale_free_genotype_holdout/trajectories/N_ABS_NKCC_S4_PHIGH_KLOW_AE4NA05_P1_H1_B00_ca0.50_WT_production_radau.json,e6ebb85c96b47551ceedd7210dfeee76db4ecc4b800eab8afec5aed7c6ebf2fd
0.8417683443817963,0.05,True,0.1,207bff9870e52cc7d2c6b7372d1ffc85fd1beeb71da181601f8ec221274e70a4,True,2.4158453015843406e-13,1.734723475976807e-18,6.139231108792002e-26,5.492996255234949e-26,0.0,8.673617379884035e-19,6.904199434387692e-16,1.0658141036401503e-14,6.505213034913027e-17,6.062858548538941e-16,7.105427357601002e-15,2.168404344971009e-19,1.0658141036401503e-05,False,True,1.0,,N_ABS_NKCC_S4_PHIGH_KLOW_AE4NA05_P1_H1:B00,AE4NA05,602,The solver successfully reached the end of the integration interval.,True,BASELINE_HASH_VALID_REUSE,results/14B_five_percent_ae4_check/trajectories/N_ABS_NKCC_S4_PHIGH_KLOW_AE4NA05_P1_H1_B00_ca0.10_AE4_5pct_production_radau.json,e555ae358032e6b05befb60477433ba97dbe8ad1f2ecb5041e90b05007bbff82
0.9903269620761913,0.05,True,0.25,207bff9870e52cc7d2c6b7372d1ffc85fd1beeb71da181601f8ec221274e70a4,True,2.8421709430404007e-13,1.734723475976807e-18,1.2924697071141057e-25,1.2924697071141057e-25,0.0,1.734723475976807e-18,1.9090631853124762e-15,1.4210854715202004e-14,6.591949208711867e-17,1.3504822260479443e-15,2.531308496145357e-14,2.168404344971009e-19,2.531308496145357e-05,False,True,1.0,,N_ABS_NKCC_S4_PHIGH_KLOW_AE4NA05_P1_H1:B00,AE4NA05,602,The solver successfully reached the end of the integration interval.,True,BASELINE_HASH_VALID_REUSE,results/14B_five_percent_ae4_check/trajectories/N_ABS_NKCC_S4_PHIGH_KLOW_AE4NA05_P1_H1_B00_ca0.25_AE4_5pct_production_radau.json,1e760938b0306ce90d5aea58e47b464adaf6c10fc564326d5d7359e0259b76b8
1.034394957049368,0.05,True,0.5,207bff9870e52cc7d2c6b7372d1ffc85fd1beeb71da181601f8ec221274e70a4,True,1.5631940186722204e-13,1.734723475976807e-18,2.3910689581610956e-25,2.7788098702953273e-25,0.0,1.734723475976807e-18,3.3020461365218523e-15,1.4210854715202004e-14,6.852157730108388e-17,2.5422372540440108e-15,3.3306690738754696e-14,2.168404344971009e-19,3.3306690738754696e-05,False,True,1.0,,N_ABS_NKCC_S4_PHIGH_KLOW_AE4NA05_P1_H1:B00,AE4NA05,602,The solver successfully reached the end of the integration interval.,True,BASELINE_HASH_VALID_REUSE,results/14B_five_percent_ae4_check/trajectories/N_ABS_NKCC_S4_PHIGH_KLOW_AE4NA05_P1_H1_B00_ca0.50_AE4_5pct_production_radau.json,b076af6a24984f47228b0fbf7edd9814facd990d888331778e85135f3963472a
,1.0,,0.1,207bff9870e52cc7d2c6b7372d1ffc85fd1beeb71da181601f8ec221274e70a4,False,,,,,,,,,,,,,,False,,0.5,REST_CONTINUATION_FAILURE,N_ABS_NKCC_S4_PHIGH_KLOW_AE4NA05_P1_H1:B00,AE4NA05,,,,NOT_RUN_REST_FAILURE,,
,1.0,,0.25,207bff9870e52cc7d2c6b7372d1ffc85fd1beeb71da181601f8ec221274e70a4,False,,,,,,,,,,,,,,False,,0.5,REST_CONTINUATION_FAILURE,N_ABS_NKCC_S4_PHIGH_KLOW_AE4NA05_P1_H1:B00,AE4NA05,,,,NOT_RUN_REST_FAILURE,,
,1.0,,0.5,207bff9870e52cc7d2c6b7372d1ffc85fd1beeb71da181601f8ec221274e70a4,False,,,,,,,,,,,,,,False,,0.5,REST_CONTINUATION_FAILURE,N_ABS_NKCC_S4_PHIGH_KLOW_AE4NA05_P1_H1:B00,AE4NA05,,,,NOT_RUN_REST_FAILURE,,
,0.05,,0.1,207bff9870e52cc7d2c6b7372d1ffc85fd1beeb71da181601f8ec221274e70a4,False,,,,,,,,,,,,,,False,,0.5,NOT_RUN_PARENT_REST_FAILURE,N_ABS_NKCC_S4_PHIGH_KLOW_AE4NA05_P1_H1:B00,AE4NA05,,,,NOT_RUN_REST_FAILURE,,
,0.05,,0.25,207bff9870e52cc7d2c6b7372d1ffc85fd1beeb71da181601f8ec221274e70a4,False,,,,,,,,,,,,,,False,,0.5,NOT_RUN_PARENT_REST_FAILURE,N_ABS_NKCC_S4_PHIGH_KLOW_AE4NA05_P1_H1:B00,AE4NA05,,,,NOT_RUN_REST_FAILURE,,
,0.05,,0.5,207bff9870e52cc7d2c6b7372d1ffc85fd1beeb71da181601f8ec221274e70a4,False,,,,,,,,,,,,,,False,,0.5,NOT_RUN_PARENT_REST_FAILURE,N_ABS_NKCC_S4_PHIGH_KLOW_AE4NA05_P1_H1:B00,AE4NA05,,,,NOT_RUN_REST_FAILURE,,
,1.0,,0.1,207bff9870e52cc7d2c6b7372d1ffc85fd1beeb71da181601f8ec221274e70a4,False,,,,,,,,,,,,,,False,,0.1,REST_CONTINUATION_FAILURE,N_ABS_NKCC_S4_PHIGH_KLOW_AE4NA05_P1_H1:B00,AE4NA05,,,,NOT_RUN_REST_FAILURE,,
,1.0,,0.25,207bff9870e52cc7d2c6b7372d1ffc85fd1beeb71da181601f8ec221274e70a4,False,,,,,,,,,,,,,,False,,0.1,REST_CONTINUATION_FAILURE,N_ABS_NKCC_S4_PHIGH_KLOW_AE4NA05_P1_H1:B00,AE4NA05,,,,NOT_RUN_REST_FAILURE,,
,1.0,,0.5,207bff9870e52cc7d2c6b7372d1ffc85fd1beeb71da181601f8ec221274e70a4,False,,,,,,,,,,,,,,False,,0.1,REST_CONTINUATION_FAILURE,N_ABS_NKCC_S4_PHIGH_KLOW_AE4NA05_P1_H1:B00,AE4NA05,,,,NOT_RUN_REST_FAILURE,,
,0.05,,0.1,207bff9870e52cc7d2c6b7372d1ffc85fd1beeb71da181601f8ec221274e70a4,False,,,,,,,,,,,,,,False,,0.1,NOT_RUN_PARENT_REST_FAILURE,N_ABS_NKCC_S4_PHIGH_KLOW_AE4NA05_P1_H1:B00,AE4NA05,,,,NOT_RUN_REST_FAILURE,,
,0.05,,0.25,207bff9870e52cc7d2c6b7372d1ffc85fd1beeb71da181601f8ec221274e70a4,False,,,,,,,,,,,,,,False,,0.1,NOT_RUN_PARENT_REST_FAILURE,N_ABS_NKCC_S4_PHIGH_KLOW_AE4NA05_P1_H1:B00,AE4NA05,,,,NOT_RUN_REST_FAILURE,,
,0.05,,0.5,207bff9870e52cc7d2c6b7372d1ffc85fd1beeb71da181601f8ec221274e70a4,False,,,,,,,,,,,,,,False,,0.1,NOT_RUN_PARENT_REST_FAILURE,N_ABS_NKCC_S4_PHIGH_KLOW_AE4NA05_P1_H1:B00,AE4NA05,,,,NOT_RUN_REST_FAILURE,,
0.8878884180219158,1.0,True,0.1,207bff9870e52cc7d2c6b7372d1ffc85fd1beeb71da181601f8ec221274e70a4,True,1.7053025658242404e-13,0.0,9.04728794979874e-26,5.816113682013476e-26,0.0,8.673617379884035e-19,1.0000680839006293e-15,1.4210854715202004e-14,6.852157730108388e-17,9.358833152894874e-16,5.773159728050814e-15,2.168404344971009e-19,1.4210854715202002e-05,False,True,1.0,,N_ABS_NKCC_S4_PHIGH_KLOW_AE4NA20_P2_H1:B00,AE4NA20,602,The solver successfully reached the end of the integration interval.,True,BASELINE_HASH_VALID_REUSE,results/14_scale_free_genotype_holdout/trajectories/N_ABS_NKCC_S4_PHIGH_KLOW_AE4NA20_P2_H1_B00_ca0.10_WT_production_radau.json,b512d6165c01fe00c4a4cb2c7c24f32f8ada9019a35c071157b9fad1059141a6
1.0228347840731686,1.0,True,0.25,207bff9870e52cc7d2c6b7372d1ffc85fd1beeb71da181601f8ec221274e70a4,True,1.9895196601282805e-13,0.0,2.100263274060422e-25,1.454028420503369e-25,0.0,1.734723475976807e-18,2.549176147947918e-15,6.462386181738111e-12,6.591949208711867e-17,2.1692717067089973e-15,1.199040866595169e-14,2.168404344971009e-19,0.006462386181738111,False,True,1.0,,N_ABS_NKCC_S4_PHIGH_KLOW_AE4NA20_P2_H1:B00,AE4NA20,602,The solver successfully reached the end of the integration interval.,True,BASELINE_HASH_VALID_REUSE,results/14_scale_free_genotype_holdout/trajectories/N_ABS_NKCC_S4_PHIGH_KLOW_AE4NA20_P2_H1_B00_ca0.25_WT_production_radau.json,2153a81fec3b635587cff81ba0e91b79ec5995df2689eb3dce1b1cf0673f563f
1.0644291289302974,1.0,True,0.5,207bff9870e52cc7d2c6b7372d1ffc85fd1beeb71da181601f8ec221274e70a4,True,1.7053025658242404e-13,0.0,3.0373038117181485e-25,2.8434333556510326e-25,0.0,1.734723475976807e-18,3.5388358909926865e-15,6.490807891168515e-12,6.678685382510707e-17,3.2031668983911743e-15,1.3322676295501878e-14,2.168404344971009e-19,0.006490807891168515,False,True,1.0,,N_ABS_NKCC_S4_PHIGH_KLOW_AE4NA20_P2_H1:B00,AE4NA20,602,The solver successfully reached the end of the integration interval.,True,BASELINE_HASH_VALID_REUSE,results/14_scale_free_genotype_holdout/trajectories/N_ABS_NKCC_S4_PHIGH_KLOW_AE4NA20_P2_H1_B00_ca0.50_WT_production_radau.json,a36ec3c2470adf2f917e7f46c5443be6da99d8508fca76f2222bee8893655e49
0.9609500186890377,0.05,True,0.1,207bff9870e52cc7d2c6b7372d1ffc85fd1beeb71da181601f8ec221274e70a4,True,2.4158453015843406e-13,2.6020852139652106e-18,5.816113682013476e-26,6.462348535570529e-26,0.0,8.673617379884035e-19,7.095019016745141e-16,4.050093593832571e-13,6.418476861114186e-17,6.401129626354418e-16,1.2434497875801753e-14,2.168404344971009e-19,0.0004050093593832571,False,True,1.0,,N_ABS_NKCC_S4_PHIGH_KLOW_AE4NA20_P2_H1:B00,AE4NA20,602,The solver successfully reached the end of the integration interval.,True,BASELINE_HASH_VALID_REUSE,results/14B_five_percent_ae4_check/trajectories/N_ABS_NKCC_S4_PHIGH_KLOW_AE4NA20_P2_H1_B00_ca0.10_AE4_5pct_production_radau.json,5bfc461d87ba94d5b14a21d7e707dfe707404cc772fe1d3a3df1c05e75b08bbf
1.1715851322063742,0.05,True,0.25,207bff9870e52cc7d2c6b7372d1ffc85fd1beeb71da181601f8ec221274e70a4,True,1.2789769243681803e-13,2.6020852139652106e-18,1.0985992510469899e-25,1.8740810753154533e-25,0.0,1.734723475976807e-18,2.3444787777826548e-15,1.4601653219870059e-12,6.938893903907228e-17,1.1223660889569942e-15,3.419486915845482e-14,2.168404344971009e-19,0.0014601653219870059,False,True,1.0,,N_ABS_NKCC_S4_PHIGH_KLOW_AE4NA20_P2_H1:B00,AE4NA20,602,The solver successfully reached the end of the integration interval.,True,BASELINE_HASH_VALID_REUSE,results/14B_five_percent_ae4_check/trajectories/N_ABS_NKCC_S4_PHIGH_KLOW_AE4NA20_P2_H1_B00_ca0.25_AE4_5pct_production_radau.json,517002a60de5171b4883946a9d432ede67422bfe26ba304917fe1463a6e76194
1.2421550665997492,0.05,True,0.5,207bff9870e52cc7d2c6b7372d1ffc85fd1beeb71da181601f8ec221274e70a4,True,2.2737367544323206e-13,1.734723475976807e-18,2.5849394142282115e-25,2.972680326362443e-25,0.0,1.734723475976807e-18,2.832803436270126e-15,2.2595258997171186e-12,6.678685382510707e-17,2.703566537309854e-15,3.952393967665557e-14,4.336808689942018e-19,0.0022595258997171186,False,True,1.0,,N_ABS_NKCC_S4_PHIGH_KLOW_AE4NA20_P2_H1:B00,AE4NA20,602,The solver successfully reached the end of the integration interval.,True,BASELINE_HASH_VALID_REUSE,results/14B_five_percent_ae4_check/trajectories/N_ABS_NKCC_S4_PHIGH_KLOW_AE4NA20_P2_H1_B00_ca0.50_AE4_5pct_production_radau.json,1fbbf9a1a17ed796bfbfa71796d41fbe0e09d71477bacbd3e6ac72eb27ff8441
0.5776676923633743,1.0,True,0.1,207bff9870e52cc7d2c6b7372d1ffc85fd1beeb71da181601f8ec221274e70a4,True,9.947598300641403e-14,0.0,9.04728794979874e-26,5.816113682013476e-26,0.0,1.3010426069826053e-18,1.0139458717084437e-15,2.2382096176443156e-13,6.418476861114186e-17,9.39352762241441e-16,6.581402089977928e-13,2.168404344971009e-19,0.0006581402089977928,True,True,0.5,,N_ABS_NKCC_S4_PHIGH_KLOW_AE4NA20_P2_H1:B00,AE4NA20,602,The solver successfully reached the end of the integration interval.,True,COMPLETE,results/19_ae4_loss_nak_pump_coupling/trajectories/N_ABS_NKCC_S4_PHIGH_KLOW_AE4NA20_P2_H1_B00_e1.00_pump0.50_ca0.10.json,35f893986c7e7251d00ba7f78c4259c494eacd5bbc940090253260eb936dbd74
0.6396581074442694,1.0,True,0.25,207bff9870e52cc7d2c6b7372d1ffc85fd1beeb71da181601f8ec221274e70a4,True,1.7053025658242404e-13,0.0,2.261821987449685e-25,9.370405376577267e-26,0.0,8.673617379884035e-19,2.9863264638940734e-15,1.7408297026122455e-13,6.678685382510707e-17,2.4060614611798314e-15,4.0234482412415673e-13,2.168404344971009e-19,0.00040234482412415673,True,True,0.5,,N_ABS_NKCC_S4_PHIGH_KLOW_AE4NA20_P2_H1:B00,AE4NA20,602,The solver successfully reached the end of the integration interval.,True,COMPLETE,results/19_ae4_loss_nak_pump_coupling/trajectories/N_ABS_NKCC_S4_PHIGH_KLOW_AE4NA20_P2_H1_B00_e1.00_pump0.50_ca0.25.json,a03c5280322d6bd2869a2b9b042b7c26629f0894235e331179bae73095af49a2
0.6564556839846364,1.0,True,0.5,207bff9870e52cc7d2c6b7372d1ffc85fd1beeb71da181601f8ec221274e70a4,True,9.947598300641403e-14,0.0,3.166550782429559e-25,3.069615554396001e-25,0.0,1.734723475976807e-18,3.3610267347050637e-15,1.5631940186722204e-13,6.591949208711867e-17,3.267351667002316e-15,2.5224267119483557e-13,2.168404344971009e-19,0.00025224267119483557,True,True,0.5,,N_ABS_NKCC_S4_PHIGH_KLOW_AE4NA20_P2_H1:B00,AE4NA20,602,The solver successfully reached the end of the integration interval.,True,COMPLETE,results/19_ae4_loss_nak_pump_coupling/trajectories/N_ABS_NKCC_S4_PHIGH_KLOW_AE4NA20_P2_H1_B00_e1.00_pump0.50_ca0.50.json,7d218908b41426d742a8efa0119211d490818f413c39aaafd7d3d4fcb10c6160
0.8420330876366444,0.05,True,0.1,207bff9870e52cc7d2c6b7372d1ffc85fd1beeb71da181601f8ec221274e70a4,True,2.1316282072803006e-13,1.734723475976807e-18,6.139231108792002e-26,5.492996255234949e-26,0.0,8.673617379884035e-19,7.41594285980085e-16,2.4868995751603507e-14,6.765421556309548e-17,6.357761539454998e-16,9.769962616701378e-15,2.168404344971009e-19,2.4868995751603507e-05,True,True,0.5,,N_ABS_NKCC_S4_PHIGH_KLOW_AE4NA20_P2_H1:B00,AE4NA20,602,The solver successfully reached the end of the integration interval.,True,COMPLETE,results/19_ae4_loss_nak_pump_coupling/trajectories/N_ABS_NKCC_S4_PHIGH_KLOW_AE4NA20_P2_H1_B00_e0.05_pump0.50_ca0.10.json,0f6e31ac38ff2fc12c09b449dedbb9485674a121c77e49ef470027fd73488343
0.9883422487266668,0.05,True,0.25,207bff9870e52cc7d2c6b7372d1ffc85fd1beeb71da181601f8ec221274e70a4,True,1.2789769243681803e-13,1.734723475976807e-18,1.6802106192483375e-25,1.4863401631812216e-25,0.0,1.734723475976807e-18,2.275957200481571e-15,7.460698725481052e-14,6.852157730108388e-17,1.7026310916712362e-15,3.68594044175552e-14,2.168404344971009e-19,7.460698725481052e-05,True,True,0.5,,N_ABS_NKCC_S4_PHIGH_KLOW_AE4NA20_P2_H1:B00,AE4NA20,602,The solver successfully reached the end of the integration interval.,True,COMPLETE,results/19_ae4_loss_nak_pump_coupling/trajectories/N_ABS_NKCC_S4_PHIGH_KLOW_AE4NA20_P2_H1_B00_e0.05_pump0.50_ca0.25.json,63b9f7851e7f2c545d6ad4b99455d7ac007fd83b8998fe84a6b47614a27079a3
1.03157667330572,0.05,True,0.5,207bff9870e52cc7d2c6b7372d1ffc85fd1beeb71da181601f8ec221274e70a4,True,2.1316282072803006e-13,1.734723475976807e-18,2.3264454728053903e-25,2.8434333556510326e-25,0.0,1.734723475976807e-18,2.9334173978767808e-15,1.0302869668521453e-13,6.765421556309548e-17,2.419939248987646e-15,4.929390229335695e-14,2.168404344971009e-19,0.00010302869668521453,True,True,0.5,,N_ABS_NKCC_S4_PHIGH_KLOW_AE4NA20_P2_H1:B00,AE4NA20,602,The solver successfully reached the end of the integration interval.,True,COMPLETE,results/19_ae4_loss_nak_pump_coupling/trajectories/N_ABS_NKCC_S4_PHIGH_KLOW_AE4NA20_P2_H1_B00_e0.05_pump0.50_ca0.50.json,bd149dc5024f77971035f45518ae092546833a21cc35732d8dca9e2e13e4dc97
,1.0,,0.1,207bff9870e52cc7d2c6b7372d1ffc85fd1beeb71da181601f8ec221274e70a4,False,,,,,,,,,,,,,,False,,0.1,REST_CONTINUATION_FAILURE,N_ABS_NKCC_S4_PHIGH_KLOW_AE4NA20_P2_H1:B00,AE4NA20,,,,NOT_RUN_REST_FAILURE,,
,1.0,,0.25,207bff9870e52cc7d2c6b7372d1ffc85fd1beeb71da181601f8ec221274e70a4,False,,,,,,,,,,,,,,False,,0.1,REST_CONTINUATION_FAILURE,N_ABS_NKCC_S4_PHIGH_KLOW_AE4NA20_P2_H1:B00,AE4NA20,,,,NOT_RUN_REST_FAILURE,,
,1.0,,0.5,207bff9870e52cc7d2c6b7372d1ffc85fd1beeb71da181601f8ec221274e70a4,False,,,,,,,,,,,,,,False,,0.1,REST_CONTINUATION_FAILURE,N_ABS_NKCC_S4_PHIGH_KLOW_AE4NA20_P2_H1:B00,AE4NA20,,,,NOT_RUN_REST_FAILURE,,
,0.05,,0.1,207bff9870e52cc7d2c6b7372d1ffc85fd1beeb71da181601f8ec221274e70a4,False,,,,,,,,,,,,,,False,,0.1,NOT_RUN_PARENT_REST_FAILURE,N_ABS_NKCC_S4_PHIGH_KLOW_AE4NA20_P2_H1:B00,AE4NA20,,,,NOT_RUN_REST_FAILURE,,
,0.05,,0.25,207bff9870e52cc7d2c6b7372d1ffc85fd1beeb71da181601f8ec221274e70a4,False,,,,,,,,,,,,,,False,,0.1,NOT_RUN_PARENT_REST_FAILURE,N_ABS_NKCC_S4_PHIGH_KLOW_AE4NA20_P2_H1:B00,AE4NA20,,,,NOT_RUN_REST_FAILURE,,
,0.05,,0.5,207bff9870e52cc7d2c6b7372d1ffc85fd1beeb71da181601f8ec221274e70a4,False,,,,,,,,,,,,,,False,,0.1,NOT_RUN_PARENT_REST_FAILURE,N_ABS_NKCC_S4_PHIGH_KLOW_AE4NA20_P2_H1:B00,AE4NA20,,,,NOT_RUN_REST_FAILURE,,
0.7193712867851209,1.0,True,0.1,207bff9870e52cc7d2c6b7372d1ffc85fd1beeb71da181601f8ec221274e70a4,True,2.984279490192421e-13,0.0,1.1309109937248425e-25,5.816113682013476e-26,0.0,8.673617379884035e-19,1.106753577673203e-15,2.0961010704922955e-13,6.591949208711867e-17,1.1492543028346347e-15,3.552713678800501e-15,2.168404344971009e-19,0.00020961010704922955,False,True,1.0,,N_ABS_NKCC_S4_PLOW_KHIGH_AE4NA05_P1_H1:B00,AE4NA05,602,The solver successfully reached the end of the integration interval.,True,BASELINE_HASH_VALID_REUSE,results/14_scale_free_genotype_holdout/trajectories/N_ABS_NKCC_S4_PLOW_KHIGH_AE4NA05_P1_H1_B00_ca0.10_WT_production_radau.json,8d5ba95fd69a8e9f42d43693dfe8fae29d246e291a640125b0d6fbe4d04210f1
0.8200870108901432,1.0,True,0.25,207bff9870e52cc7d2c6b7372d1ffc85fd1beeb71da181601f8ec221274e70a4,True,4.405364961712621e-13,0.0,2.714186384939622e-25,1.1309109937248425e-25,0.0,1.734723475976807e-18,2.921274333544943e-15,1.4601653219870059e-12,6.591949208711867e-17,2.787700625894729e-15,8.881784197001252e-15,2.168404344971009e-19,0.0014601653219870059,False,True,1.0,,N_ABS_NKCC_S4_PLOW_KHIGH_AE4NA05_P1_H1:B00,AE4NA05,602,The solver successfully reached the end of the integration interval.,True,BASELINE_HASH_VALID_REUSE,results/14_scale_free_genotype_holdout/trajectories/N_ABS_NKCC_S4_PLOW_KHIGH_AE4NA05_P1_H1_B00_ca0.25_WT_production_radau.json,26e68f6d9da98f211525901d5d163909924b18f48eca96ad71bba129280fdcb1
0.8475502179636278,1.0,True,0.5,207bff9870e52cc7d2c6b7372d1ffc85fd1beeb71da181601f8ec221274e70a4,True,2.2737367544323206e-13,0.0,2.261821987449685e-25,2.2295102447718324e-25,0.0,1.734723475976807e-18,3.0166841247236675e-15,2.3590018827235326e-12,6.591949208711867e-17,2.3201926491189795e-15,1.2434497875801753e-14,2.168404344971009e-19,0.0023590018827235326,False,True,1.0,,N_ABS_NKCC_S4_PLOW_KHIGH_AE4NA05_P1_H1:B00,AE4NA05,602,The solver successfully reached the end of the integration interval.,True,BASELINE_HASH_VALID_REUSE,results/14_scale_free_genotype_holdout/trajectories/N_ABS_NKCC_S4_PLOW_KHIGH_AE4NA05_P1_H1_B00_ca0.50_WT_production_radau.json,cc2dc4369b93adf0f493d07f7a77de57e55e262dee6dd9e23861f8d95fc5d524
0.8367580788124779,0.05,True,0.1,207bff9870e52cc7d2c6b7372d1ffc85fd1beeb71da181601f8ec221274e70a4,True,1.7053025658242404e-13,1.734723475976807e-18,9.370405376577267e-26,6.139231108792002e-26,0.0,8.673617379884035e-19,8.005748841632965e-16,1.0658141036401503e-14,6.678685382510707e-17,9.168013570537425e-16,5.329070518200751e-15,2.168404344971009e-19,1.0658141036401503e-05,False,True,1.0,,N_ABS_NKCC_S4_PLOW_KHIGH_AE4NA05_P1_H1:B00,AE4NA05,602,The solver successfully reached the end of the integration interval.,True,BASELINE_HASH_VALID_REUSE,results/14B_five_percent_ae4_check/trajectories/N_ABS_NKCC_S4_PLOW_KHIGH_AE4NA05_P1_H1_B00_ca0.10_AE4_5pct_production_radau.json,6d995519040be28c044dd8d32d1d88ce147c6307cb10131d6a1fd4d73af0dca3
0.9863302450769835,0.05,True,0.25,207bff9870e52cc7d2c6b7372d1ffc85fd1beeb71da181601f8ec221274e70a4,True,4.121147867408581e-13,1.734723475976807e-18,2.3264454728053903e-25,1.1632227364026952e-25,0.0,1.734723475976807e-18,2.622034533938944e-15,1.0658141036401503e-14,6.678685382510707e-17,2.3852447794681098e-15,2.398081733190338e-14,2.168404344971009e-19,2.622034533938944e-05,False,True,1.0,,N_ABS_NKCC_S4_PLOW_KHIGH_AE4NA05_P1_H1:B00,AE4NA05,602,The solver successfully reached the end of the integration interval.,True,BASELINE_HASH_VALID_REUSE,results/14B_five_percent_ae4_check/trajectories/N_ABS_NKCC_S4_PLOW_KHIGH_AE4NA05_P1_H1_B00_ca0.25_AE4_5pct_production_radau.json,7918090941054769c027631e52af2e46f2349b046749da4b96dee85a6f3b1197
1.028337074478457,0.05,True,0.5,207bff9870e52cc7d2c6b7372d1ffc85fd1beeb71da181601f8ec221274e70a4,True,2.984279490192421e-13,1.734723475976807e-18,2.1971985020939798e-25,2.261821987449685e-25,0.0,1.734723475976807e-18,3.0314292742694704e-15,1.4210854715202004e-14,6.765421556309548e-17,2.3054474995731766e-15,3.5083047578154947e-14,2.168404344971009e-19,3.508304757815495e-05,False,True,1.0,,N_ABS_NKCC_S4_PLOW_KHIGH_AE4NA05_P1_H1:B00,AE4NA05,602,The solver successfully reached the end of the integration interval.,True,BASELINE_HASH_VALID_REUSE,results/14B_five_percent_ae4_check/trajectories/N_ABS_NKCC_S4_PLOW_KHIGH_AE4NA05_P1_H1_B00_ca0.50_AE4_5pct_production_radau.json,aaa4bcd778f0777472ebb49ab6497211bad13029c23d17cef11435b7c61e1627
0.4230997526156029,1.0,True,0.1,207bff9870e52cc7d2c6b7372d1ffc85fd1beeb71da181601f8ec221274e70a4,True,2.984279490192421e-13,0.0,1.2924697071141057e-25,4.52364397489937e-26,0.0,8.673617379884035e-19,1.2542050731312315e-15,4.282796339794004e-12,5.117434254131581e-17,1.3439770130130313e-15,7.043254868221993e-13,1.0842021724855044e-19,0.004282796339794004,True,True,0.5,,N_ABS_NKCC_S4_PLOW_KHIGH_AE4NA05_P1_H1:B00,AE4NA05,602,The solver successfully reached the end of the integration interval.,True,COMPLETE,results/19_ae4_loss_nak_pump_coupling/trajectories/N_ABS_NKCC_S4_PLOW_KHIGH_AE4NA05_P1_H1_B00_e1.00_pump0.50_ca0.10.json,467c3878564873e00d1045cbc7bf41ad07b435b2a9361d58a024e9a7a45a2f61
0.4723850305582393,1.0,True,0.25,207bff9870e52cc7d2c6b7372d1ffc85fd1beeb71da181601f8ec221274e70a4,True,3.694822225952521e-13,0.0,2.6818746422617694e-25,1.1309109937248425e-25,0.0,8.673617379884035e-19,3.0635216585750413e-15,4.298783551348606e-12,5.984795992119984e-17,2.787700625894729e-15,6.714628852932947e-13,1.0842021724855044e-19,0.004298783551348606,True,True,0.5,,N_ABS_NKCC_S4_PLOW_KHIGH_AE4NA05_P1_H1:B00,AE4NA05,602,The solver successfully reached the end of the integration interval.,True,COMPLETE,results/19_ae4_loss_nak_pump_coupling/trajectories/N_ABS_NKCC_S4_PLOW_KHIGH_AE4NA05_P1_H1_B00_e1.00_pump0.50_ca0.25.json,ebf33a9b1c2a5ffada9711743407f2782da686aefb3abb4494f863dd38be3624
0.4855668946985383,1.0,True,0.5,207bff9870e52cc7d2c6b7372d1ffc85fd1beeb71da181601f8ec221274e70a4,True,3.836930773104541e-13,0.0,2.4880041861946536e-25,1.260157964436253e-25,0.0,8.673617379884035e-19,3.011479954295737e-15,4.312994406063808e-12,5.811323644522304e-17,2.5743296383495817e-15,6.750155989720952e-13,1.0842021724855044e-19,0.004312994406063808,True,True,0.5,,N_ABS_NKCC_S4_PLOW_KHIGH_AE4NA05_P1_H1:B00,AE4NA05,602,The solver successfully reached the end of the integration interval.,True,COMPLETE,results/19_ae4_loss_nak_pump_coupling/trajectories/N_ABS_NKCC_S4_PLOW_KHIGH_AE4NA05_P1_H1_B00_e1.00_pump0.50_ca0.50.json,c8c887edc053f3ad8c2b9bcae33aecab3cd10354060c6624886f1b86d6fd1fc0
0.5952482795141826,0.05,True,0.1,207bff9870e52cc7d2c6b7372d1ffc85fd1beeb71da181601f8ec221274e70a4,True,1.9895196601282805e-13,8.673617379884035e-19,1.0662875083691372e-25,6.139231108792002e-26,0.0,8.673617379884035e-19,1.0989473220313073e-15,6.444622613344109e-12,5.724587470723463e-17,1.0998146837692957e-15,6.581402089977928e-13,2.168404344971009e-19,0.006444622613344109,True,True,0.5,,N_ABS_NKCC_S4_PLOW_KHIGH_AE4NA05_P1_H1:B00,AE4NA05,602,The solver successfully reached the end of the integration interval.,True,COMPLETE,results/19_ae4_loss_nak_pump_coupling/trajectories/N_ABS_NKCC_S4_PLOW_KHIGH_AE4NA05_P1_H1_B00_e0.05_pump0.50_ca0.10.json,1327274fcf45eba86eace271bc074d24f0519419eb600fba55aa65d296a917f7
0.6737027462012487,0.05,True,0.25,207bff9870e52cc7d2c6b7372d1ffc85fd1beeb71da181601f8ec221274e70a4,True,3.552713678800501e-13,1.734723475976807e-18,2.617251156906064e-25,1.0662875083691372e-25,0.0,1.734723475976807e-18,2.9238764187589084e-15,6.576073019459727e-12,6.591949208711867e-17,2.732189474663471e-15,4.369837824924616e-13,2.168404344971009e-19,0.006576073019459727,True,True,0.5,,N_ABS_NKCC_S4_PLOW_KHIGH_AE4NA05_P1_H1:B00,AE4NA05,602,The solver successfully reached the end of the integration interval.,True,COMPLETE,results/19_ae4_loss_nak_pump_coupling/trajectories/N_ABS_NKCC_S4_PLOW_KHIGH_AE4NA05_P1_H1_B00_e0.05_pump0.50_ca0.25.json,4b7c34c64fc3d19e1b58e3fd81dd79df2083eb9922010144c8d838480203fdb9
0.6946590756274942,0.05,True,0.5,207bff9870e52cc7d2c6b7372d1ffc85fd1beeb71da181601f8ec221274e70a4,True,1.8474111129762605e-13,1.734723475976807e-18,2.520315928872506e-25,1.7448341046040428e-25,0.0,1.734723475976807e-18,3.2248509418408844e-15,6.59383658785373e-12,6.765421556309548e-17,2.6445859391266424e-15,4.689582056016661e-13,2.168404344971009e-19,0.00659383658785373,True,True,0.5,,N_ABS_NKCC_S4_PLOW_KHIGH_AE4NA05_P1_H1:B00,AE4NA05,602,The solver successfully reached the end of the integration interval.,True,COMPLETE,results/19_ae4_loss_nak_pump_coupling/trajectories/N_ABS_NKCC_S4_PLOW_KHIGH_AE4NA05_P1_H1_B00_e0.05_pump0.50_ca0.50.json,bca7ff88022c7f32b7aa406b553cb703d16612f4ce9b303434137e95442bbb56
,1.0,,0.1,207bff9870e52cc7d2c6b7372d1ffc85fd1beeb71da181601f8ec221274e70a4,False,,,,,,,,,,,,,,False,,0.1,REST_CONTINUATION_FAILURE,N_ABS_NKCC_S4_PLOW_KHIGH_AE4NA05_P1_H1:B00,AE4NA05,,,,NOT_RUN_REST_FAILURE,,
,1.0,,0.25,207bff9870e52cc7d2c6b7372d1ffc85fd1beeb71da181601f8ec221274e70a4,False,,,,,,,,,,,,,,False,,0.1,REST_CONTINUATION_FAILURE,N_ABS_NKCC_S4_PLOW_KHIGH_AE4NA05_P1_H1:B00,AE4NA05,,,,NOT_RUN_REST_FAILURE,,
,1.0,,0.5,207bff9870e52cc7d2c6b7372d1ffc85fd1beeb71da181601f8ec221274e70a4,False,,,,,,,,,,,,,,False,,0.1,REST_CONTINUATION_FAILURE,N_ABS_NKCC_S4_PLOW_KHIGH_AE4NA05_P1_H1:B00,AE4NA05,,,,NOT_RUN_REST_FAILURE,,
,0.05,,0.1,207bff9870e52cc7d2c6b7372d1ffc85fd1beeb71da181601f8ec221274e70a4,False,,,,,,,,,,,,,,False,,0.1,NOT_RUN_PARENT_REST_FAILURE,N_ABS_NKCC_S4_PLOW_KHIGH_AE4NA05_P1_H1:B00,AE4NA05,,,,NOT_RUN_REST_FAILURE,,
,0.05,,0.25,207bff9870e52cc7d2c6b7372d1ffc85fd1beeb71da181601f8ec221274e70a4,False,,,,,,,,,,,,,,False,,0.1,NOT_RUN_PARENT_REST_FAILURE,N_ABS_NKCC_S4_PLOW_KHIGH_AE4NA05_P1_H1:B00,AE4NA05,,,,NOT_RUN_REST_FAILURE,,
,0.05,,0.5,207bff9870e52cc7d2c6b7372d1ffc85fd1beeb71da181601f8ec221274e70a4,False,,,,,,,,,,,,,,False,,0.1,NOT_RUN_PARENT_REST_FAILURE,N_ABS_NKCC_S4_PLOW_KHIGH_AE4NA05_P1_H1:B00,AE4NA05,,,,NOT_RUN_REST_FAILURE,,
0.8570857505364154,1.0,True,0.1,207bff9870e52cc7d2c6b7372d1ffc85fd1beeb71da181601f8ec221274e70a4,True,2.1316282072803006e-13,0.0,1.001664023013432e-25,5.816113682013476e-26,0.0,8.673617379884035e-19,1.1934897514720433e-15,1.0658141036401503e-14,6.591949208711867e-17,1.0555792351318871e-15,5.329070518200751e-15,2.168404344971009e-19,1.1934897514720433e-05,False,True,1.0,,N_ABS_NKCC_S4_PLOW_KHIGH_AE4NA20_P2_H1:B00,AE4NA20,602,The solver successfully reached the end of the integration interval.,True,BASELINE_HASH_VALID_REUSE,results/14_scale_free_genotype_holdout/trajectories/N_ABS_NKCC_S4_PLOW_KHIGH_AE4NA20_P2_H1_B00_ca0.10_WT_production_radau.json,1580006faca77e5c44730a82b9aa742c3efb10178480293523babcbc968b1171
0.9855236092917946,1.0,True,0.25,207bff9870e52cc7d2c6b7372d1ffc85fd1beeb71da181601f8ec221274e70a4,True,3.979039320256561e-13,0.0,2.3910689581610956e-25,1.1309109937248425e-25,0.0,8.673617379884035e-19,2.8085173076064507e-15,6.501466032204917e-12,6.852157730108388e-17,2.521420572332289e-15,1.199040866595169e-14,2.168404344971009e-19,0.006501466032204917,False,True,1.0,,N_ABS_NKCC_S4_PLOW_KHIGH_AE4NA20_P2_H1:B00,AE4NA20,602,The solver successfully reached the end of the integration interval.,True,BASELINE_HASH_VALID_REUSE,results/14_scale_free_genotype_holdout/trajectories/N_ABS_NKCC_S4_PLOW_KHIGH_AE4NA20_P2_H1_B00_ca0.25_WT_production_radau.json,025c88e81f371501969ae8a8b947e3e74d0fe9562671aa4c4b4ae9dac3a3e0bb
1.022724091653633,1.0,True,0.5,207bff9870e52cc7d2c6b7372d1ffc85fd1beeb71da181601f8ec221274e70a4,True,3.836930773104541e-13,0.0,2.520315928872506e-25,2.261821987449685e-25,0.0,1.734723475976807e-18,3.2448002618146177e-15,6.515676886920119e-12,6.765421556309548e-17,2.5786664470395237e-15,1.4654943925052066e-14,2.168404344971009e-19,0.006515676886920119,False,True,1.0,,N_ABS_NKCC_S4_PLOW_KHIGH_AE4NA20_P2_H1:B00,AE4NA20,602,The solver successfully reached the end of the integration interval.,True,BASELINE_HASH_VALID_REUSE,results/14_scale_free_genotype_holdout/trajectories/N_ABS_NKCC_S4_PLOW_KHIGH_AE4NA20_P2_H1_B00_ca0.50_WT_production_radau.json,ce814e162d2f653f9ef846eaa45fd424404faecaaf7266b07ac4d9286e93dc94
0.9641639480017462,0.05,True,0.1,207bff9870e52cc7d2c6b7372d1ffc85fd1beeb71da181601f8ec221274e70a4,True,2.7000623958883807e-13,2.6020852139652106e-18,8.724170523020214e-26,6.785465962349055e-26,0.0,8.673617379884035e-19,8.873110579621368e-16,3.055333763768431e-13,6.505213034913027e-17,8.517492267046123e-16,9.325873406851315e-15,2.168404344971009e-19,0.0003055333763768431,False,True,1.0,,N_ABS_NKCC_S4_PLOW_KHIGH_AE4NA20_P2_H1:B00,AE4NA20,602,The solver successfully reached the end of the integration interval.,True,BASELINE_HASH_VALID_REUSE,results/14B_five_percent_ae4_check/trajectories/N_ABS_NKCC_S4_PLOW_KHIGH_AE4NA20_P2_H1_B00_ca0.10_AE4_5pct_production_radau.json,6d64c31fa7f6233e18a0525e15f37953aaae222e56bf8d977b2eecffa5a10961
1.1778465243265066,0.05,True,0.25,207bff9870e52cc7d2c6b7372d1ffc85fd1beeb71da181601f8ec221274e70a4,True,6.394884621840902e-13,2.6020852139652106e-18,2.0679515313825692e-25,1.0985992510469899e-25,0.0,1.734723475976807e-18,1.9264104200722443e-15,1.3145040611561853e-12,6.765421556309548e-17,2.1267709815475655e-15,3.375077994860476e-14,2.168404344971009e-19,0.0013145040611561853,False,True,1.0,,N_ABS_NKCC_S4_PLOW_KHIGH_AE4NA20_P2_H1:B00,AE4NA20,602,The solver successfully reached the end of the integration interval.,True,BASELINE_HASH_VALID_REUSE,results/14B_five_percent_ae4_check/trajectories/N_ABS_NKCC_S4_PLOW_KHIGH_AE4NA20_P2_H1_B00_ca0.25_AE4_5pct_production_radau.json,8df452b3d79e07c03a7d25edd3c035bb75fa63a66bcb32531b25455816c6a5fb
1.2442768841489513,0.05,True,0.5,207bff9870e52cc7d2c6b7372d1ffc85fd1beeb71da181601f8ec221274e70a4,True,2.984279490192421e-13,1.734723475976807e-18,2.1971985020939798e-25,2.003328046026864e-25,0.0,1.734723475976807e-18,2.8119867545584043e-15,2.035704937952687e-12,6.418476861114186e-17,2.394785758585982e-15,4.218847493575595e-14,4.336808689942018e-19,0.002035704937952687,False,True,1.0,,N_ABS_NKCC_S4_PLOW_KHIGH_AE4NA20_P2_H1:B00,AE4NA20,602,The solver successfully reached the end of the integration interval.,True,BASELINE_HASH_VALID_REUSE,results/14B_five_percent_ae4_check/trajectories/N_ABS_NKCC_S4_PLOW_KHIGH_AE4NA20_P2_H1_B00_ca0.50_AE4_5pct_production_radau.json,0aeeee757cdf9092d9471179bc9ae46048be93c5b6d314b5f6e7d8ec14ec6bbf
0.5503836933716155,1.0,True,0.1,207bff9870e52cc7d2c6b7372d1ffc85fd1beeb71da181601f8ec221274e70a4,True,2.1316282072803006e-13,0.0,1.357093192469811e-25,7.108583389127582e-26,0.0,1.3010426069826053e-18,1.6063539387545234e-15,1.9895196601282805e-13,6.505213034913027e-17,1.4020902494582543e-15,6.03073146976385e-13,2.168404344971009e-19,0.000603073146976385,True,True,0.5,,N_ABS_NKCC_S4_PLOW_KHIGH_AE4NA20_P2_H1:B00,AE4NA20,602,The solver successfully reached the end of the integration interval.,True,COMPLETE,results/19_ae4_loss_nak_pump_coupling/trajectories/N_ABS_NKCC_S4_PLOW_KHIGH_AE4NA20_P2_H1_B00_e1.00_pump0.50_ca0.10.json,458f04f9c90e548df86a8bf46d243a1e9204fcde0f3707bf7b5b6f6f5b64675a
0.6125568227037732,1.0,True,0.25,207bff9870e52cc7d2c6b7372d1ffc85fd1beeb71da181601f8ec221274e70a4,True,5.258016244624741e-13,0.0,2.8757450983288853e-25,1.0339757656912846e-25,0.0,1.734723475976807e-18,3.2352592826967452e-15,1.1723955140041653e-13,6.418476861114186e-17,2.9668108247893343e-15,1.9806378759312793e-13,2.168404344971009e-19,0.00019806378759312793,True,True,0.5,,N_ABS_NKCC_S4_PLOW_KHIGH_AE4NA20_P2_H1:B00,AE4NA20,602,The solver successfully reached the end of the integration interval.,True,COMPLETE,results/19_ae4_loss_nak_pump_coupling/trajectories/N_ABS_NKCC_S4_PLOW_KHIGH_AE4NA20_P2_H1_B00_e1.00_pump0.50_ca0.25.json,c8c7f72a872ff1e15f6bb91791800883675092e809543e2c1afd5977be91cb1a
0.6294120526271363,1.0,True,0.5,207bff9870e52cc7d2c6b7372d1ffc85fd1beeb71da181601f8ec221274e70a4,True,5.684341886080802e-14,0.0,2.617251156906064e-25,1.7448341046040428e-25,0.0,1.734723475976807e-18,3.594347042223944e-15,9.592326932761353e-14,6.678685382510707e-17,2.645453300864631e-15,9.947598300641403e-14,2.168404344971009e-19,9.947598300641403e-05,True,True,0.5,,N_ABS_NKCC_S4_PLOW_KHIGH_AE4NA20_P2_H1:B00,AE4NA20,602,The solver successfully reached the end of the integration interval.,True,COMPLETE,results/19_ae4_loss_nak_pump_coupling/trajectories/N_ABS_NKCC_S4_PLOW_KHIGH_AE4NA20_P2_H1_B00_e1.00_pump0.50_ca0.50.json,e3b2141b921636ab4472bb5273d8ee7e8be8af8ee819117874ca67f944f60fa9
0.8363191428877823,0.05,True,0.1,207bff9870e52cc7d2c6b7372d1ffc85fd1beeb71da181601f8ec221274e70a4,True,4.263256414560601e-13,1.734723475976807e-18,9.693522803355793e-26,6.139231108792002e-26,0.0,8.673617379884035e-19,9.532305500492555e-16,2.842170943040401e-14,6.765421556309548e-17,1.0104764247564901e-15,7.105427357601002e-15,2.168404344971009e-19,2.8421709430404004e-05,True,True,0.5,,N_ABS_NKCC_S4_PLOW_KHIGH_AE4NA20_P2_H1:B00,AE4NA20,602,The solver successfully reached the end of the integration interval.,True,COMPLETE,results/19_ae4_loss_nak_pump_coupling/trajectories/N_ABS_NKCC_S4_PLOW_KHIGH_AE4NA20_P2_H1_B00_e0.05_pump0.50_ca0.10.json,157abd6c1cd0972db349a2b98d07c958bdd6baa10d95f411811e7e64fb6ff26e
0.9834044632700578,0.05,True,0.25,207bff9870e52cc7d2c6b7372d1ffc85fd1beeb71da181601f8ec221274e70a4,True,1.7053025658242404e-13,1.734723475976807e-18,2.3910689581610956e-25,1.0985992510469899e-25,0.0,1.734723475976807e-18,3.116430724592334e-15,9.947598300641403e-14,6.852157730108388e-17,2.4494295480792516e-15,3.597122599785507e-14,2.168404344971009e-19,9.947598300641403e-05,True,True,0.5,,N_ABS_NKCC_S4_PLOW_KHIGH_AE4NA20_P2_H1:B00,AE4NA20,602,The solver successfully reached the end of the integration interval.,True,COMPLETE,results/19_ae4_loss_nak_pump_coupling/trajectories/N_ABS_NKCC_S4_PLOW_KHIGH_AE4NA20_P2_H1_B00_e0.05_pump0.50_ca0.25.json,898a782d4e6a23509bf2a56f5c60c52e2613242d9906b004bc29c279785477a5
1.0245670787184102,0.05,True,0.5,207bff9870e52cc7d2c6b7372d1ffc85fd1beeb71da181601f8ec221274e70a4,True,5.542233338928781e-13,1.734723475976807e-18,2.1971985020939798e-25,2.003328046026864e-25,0.0,1.734723475976807e-18,3.170207152347615e-15,1.4921397450962104e-13,6.591949208711867e-17,2.2100377083944522e-15,5.240252676230739e-14,2.168404344971009e-19,0.00014921397450962104,True,True,0.5,,N_ABS_NKCC_S4_PLOW_KHIGH_AE4NA20_P2_H1:B00,AE4NA20,602,The solver successfully reached the end of the integration interval.,True,COMPLETE,results/19_ae4_loss_nak_pump_coupling/trajectories/N_ABS_NKCC_S4_PLOW_KHIGH_AE4NA20_P2_H1_B00_e0.05_pump0.50_ca0.50.json,d410c1d45b4989c476cce995d8146cdd5162b9d4b7f6cb0e384a49e7662b5896
,1.0,,0.1,207bff9870e52cc7d2c6b7372d1ffc85fd1beeb71da181601f8ec221274e70a4,False,,,,,,,,,,,,,,False,,0.1,REST_CONTINUATION_FAILURE,N_ABS_NKCC_S4_PLOW_KHIGH_AE4NA20_P2_H1:B00,AE4NA20,,,,NOT_RUN_REST_FAILURE,,
,1.0,,0.25,207bff9870e52cc7d2c6b7372d1ffc85fd1beeb71da181601f8ec221274e70a4,False,,,,,,,,,,,,,,False,,0.1,REST_CONTINUATION_FAILURE,N_ABS_NKCC_S4_PLOW_KHIGH_AE4NA20_P2_H1:B00,AE4NA20,,,,NOT_RUN_REST_FAILURE,,
,1.0,,0.5,207bff9870e52cc7d2c6b7372d1ffc85fd1beeb71da181601f8ec221274e70a4,False,,,,,,,,,,,,,,False,,0.1,REST_CONTINUATION_FAILURE,N_ABS_NKCC_S4_PLOW_KHIGH_AE4NA20_P2_H1:B00,AE4NA20,,,,NOT_RUN_REST_FAILURE,,
,0.05,,0.1,207bff9870e52cc7d2c6b7372d1ffc85fd1beeb71da181601f8ec221274e70a4,False,,,,,,,,,,,,,,False,,0.1,NOT_RUN_PARENT_REST_FAILURE,N_ABS_NKCC_S4_PLOW_KHIGH_AE4NA20_P2_H1:B00,AE4NA20,,,,NOT_RUN_REST_FAILURE,,
,0.05,,0.25,207bff9870e52cc7d2c6b7372d1ffc85fd1beeb71da181601f8ec221274e70a4,False,,,,,,,,,,,,,,False,,0.1,NOT_RUN_PARENT_REST_FAILURE,N_ABS_NKCC_S4_PLOW_KHIGH_AE4NA20_P2_H1:B00,AE4NA20,,,,NOT_RUN_REST_FAILURE,,
,0.05,,0.5,207bff9870e52cc7d2c6b7372d1ffc85fd1beeb71da181601f8ec221274e70a4,False,,,,,,,,,,,,,,False,,0.1,NOT_RUN_PARENT_REST_FAILURE,N_ABS_NKCC_S4_PLOW_KHIGH_AE4NA20_P2_H1:B00,AE4NA20,,,,NOT_RUN_REST_FAILURE,,
0.7144120704854355,1.0,True,0.1,207bff9870e52cc7d2c6b7372d1ffc85fd1beeb71da181601f8ec221274e70a4,True,1.7053025658242404e-13,0.0,8.077935669463161e-26,5.169878828456423e-26,0.0,6.505213034913027e-19,1.0304257447302234e-15,2.2737367544323206e-13,6.418476861114186e-17,8.291978215169138e-16,4.440892098500626e-15,2.168404344971009e-19,0.00022737367544323203,False,True,1.0,,N_ABS_NKCC_S4_PLOW_KLOW_AE4NA05_P1_H1:B00,AE4NA05,602,The solver successfully reached the end of the integration interval.,True,BASELINE_HASH_VALID_REUSE,results/14_scale_free_genotype_holdout/trajectories/N_ABS_NKCC_S4_PLOW_KLOW_AE4NA05_P1_H1_B00_ca0.10_WT_production_radau.json,fd7a00ce553e6be6a14b46e0565b4b0a9c1421a34fe74b558be73f984a3784ec
0.8131019511579796,1.0,True,0.25,207bff9870e52cc7d2c6b7372d1ffc85fd1beeb71da181601f8ec221274e70a4,True,1.2789769243681803e-13,0.0,2.1971985020939798e-25,1.2278462217584005e-25,0.0,1.734723475976807e-18,2.4320823133194835e-15,1.319833131674386e-12,6.591949208711867e-17,2.2256502196782435e-15,1.1102230246251565e-14,2.168404344971009e-19,0.001319833131674386,False,True,1.0,,N_ABS_NKCC_S4_PLOW_KLOW_AE4NA05_P1_H1:B00,AE4NA05,602,The solver successfully reached the end of the integration interval.,True,BASELINE_HASH_VALID_REUSE,results/14_scale_free_genotype_holdout/trajectories/N_ABS_NKCC_S4_PLOW_KLOW_AE4NA05_P1_H1_B00_ca0.25_WT_production_radau.json,ad752f7ebdd8442eb41a5ee6bf65595a07f6bdaf87a1ce4009d885380baa1d00
0.8407160503792998,1.0,True,0.5,207bff9870e52cc7d2c6b7372d1ffc85fd1beeb71da181601f8ec221274e70a4,True,1.2789769243681803e-13,0.0,2.649562899583917e-25,2.649562899583917e-25,0.0,1.734723475976807e-18,2.6558616417204917e-15,2.0303758674344863e-12,6.765421556309548e-17,2.777292285038868e-15,1.4210854715202004e-14,2.168404344971009e-19,0.0020303758674344863,False,True,1.0,,N_ABS_NKCC_S4_PLOW_KLOW_AE4NA05_P1_H1:B00,AE4NA05,602,The solver successfully reached the end of the integration interval.,True,BASELINE_HASH_VALID_REUSE,results/14_scale_free_genotype_holdout/trajectories/N_ABS_NKCC_S4_PLOW_KLOW_AE4NA05_P1_H1_B00_ca0.50_WT_production_radau.json,c16507f2dba3ed380a1e7629ade0beedefa700f83164f56e2f3cedb89d547c59
0.8228988086030503,0.05,True,0.1,207bff9870e52cc7d2c6b7372d1ffc85fd1beeb71da181601f8ec221274e70a4,True,1.9895196601282805e-13,1.734723475976807e-18,6.462348535570529e-26,6.462348535570529e-26,0.0,8.673617379884035e-19,8.283304597789254e-16,1.4210854715202004e-14,6.678685382510707e-17,6.184289191857317e-16,7.105427357601002e-15,2.168404344971009e-19,1.4210854715202002e-05,False,True,1.0,,N_ABS_NKCC_S4_PLOW_KLOW_AE4NA05_P1_H1:B00,AE4NA05,602,The solver successfully reached the end of the integration interval.,True,BASELINE_HASH_VALID_REUSE,results/14B_five_percent_ae4_check/trajectories/N_ABS_NKCC_S4_PLOW_KLOW_AE4NA05_P1_H1_B00_ca0.10_AE4_5pct_production_radau.json,21ed2bc4d37dad9cb64a21fa95203dcd863c5e4b73c0dc73231686438dffc594
0.96811099267389,0.05,True,0.25,207bff9870e52cc7d2c6b7372d1ffc85fd1beeb71da181601f8ec221274e70a4,True,9.947598300641403e-14,1.734723475976807e-18,1.4217166778255163e-25,1.4217166778255163e-25,0.0,1.734723475976807e-18,2.143250854569345e-15,1.7763568394002505e-14,6.505213034913027e-17,1.536964999715451e-15,2.842170943040401e-14,2.168404344971009e-19,2.8421709430404004e-05,False,True,1.0,,N_ABS_NKCC_S4_PLOW_KLOW_AE4NA05_P1_H1:B00,AE4NA05,602,The solver successfully reached the end of the integration interval.,True,BASELINE_HASH_VALID_REUSE,results/14B_five_percent_ae4_check/trajectories/N_ABS_NKCC_S4_PLOW_KLOW_AE4NA05_P1_H1_B00_ca0.25_AE4_5pct_production_radau.json,ad2b4851c1fc0d56f3f70af181fd7c04ffb74d8fbd86923b2c2258460eccc137
1.0110139153060884,0.05,True,0.5,207bff9870e52cc7d2c6b7372d1ffc85fd1beeb71da181601f8ec221274e70a4,True,2.7000623958883807e-13,1.734723475976807e-18,2.455692443516801e-25,2.7788098702953273e-25,0.0,1.734723475976807e-18,2.9585708882784445e-15,1.4210854715202004e-14,6.852157730108388e-17,2.4988691671445906e-15,3.730349362740526e-14,2.168404344971009e-19,3.730349362740526e-05,False,True,1.0,,N_ABS_NKCC_S4_PLOW_KLOW_AE4NA05_P1_H1:B00,AE4NA05,602,The solver successfully reached the end of the integration interval.,True,BASELINE_HASH_VALID_REUSE,results/14B_five_percent_ae4_check/trajectories/N_ABS_NKCC_S4_PLOW_KLOW_AE4NA05_P1_H1_B00_ca0.50_AE4_5pct_production_radau.json,834a715c05b9d12bbb6085d930c80e8e91a8d77d93a8221a65e03c90dc3e804c
,1.0,,0.1,207bff9870e52cc7d2c6b7372d1ffc85fd1beeb71da181601f8ec221274e70a4,False,,,,,,,,,,,,,,False,,0.5,REST_CONTINUATION_FAILURE,N_ABS_NKCC_S4_PLOW_KLOW_AE4NA05_P1_H1:B00,AE4NA05,,,,NOT_RUN_REST_FAILURE,,
,1.0,,0.25,207bff9870e52cc7d2c6b7372d1ffc85fd1beeb71da181601f8ec221274e70a4,False,,,,,,,,,,,,,,False,,0.5,REST_CONTINUATION_FAILURE,N_ABS_NKCC_S4_PLOW_KLOW_AE4NA05_P1_H1:B00,AE4NA05,,,,NOT_RUN_REST_FAILURE,,
,1.0,,0.5,207bff9870e52cc7d2c6b7372d1ffc85fd1beeb71da181601f8ec221274e70a4,False,,,,,,,,,,,,,,False,,0.5,REST_CONTINUATION_FAILURE,N_ABS_NKCC_S4_PLOW_KLOW_AE4NA05_P1_H1:B00,AE4NA05,,,,NOT_RUN_REST_FAILURE,,
,0.05,,0.1,207bff9870e52cc7d2c6b7372d1ffc85fd1beeb71da181601f8ec221274e70a4,False,,,,,,,,,,,,,,False,,0.5,NOT_RUN_PARENT_REST_FAILURE,N_ABS_NKCC_S4_PLOW_KLOW_AE4NA05_P1_H1:B00,AE4NA05,,,,NOT_RUN_REST_FAILURE,,
,0.05,,0.25,207bff9870e52cc7d2c6b7372d1ffc85fd1beeb71da181601f8ec221274e70a4,False,,,,,,,,,,,,,,False,,0.5,NOT_RUN_PARENT_REST_FAILURE,N_ABS_NKCC_S4_PLOW_KLOW_AE4NA05_P1_H1:B00,AE4NA05,,,,NOT_RUN_REST_FAILURE,,
,0.05,,0.5,207bff9870e52cc7d2c6b7372d1ffc85fd1beeb71da181601f8ec221274e70a4,False,,,,,,,,,,,,,,False,,0.5,NOT_RUN_PARENT_REST_FAILURE,N_ABS_NKCC_S4_PLOW_KLOW_AE4NA05_P1_H1:B00,AE4NA05,,,,NOT_RUN_REST_FAILURE,,
,1.0,,0.1,207bff9870e52cc7d2c6b7372d1ffc85fd1beeb71da181601f8ec221274e70a4,False,,,,,,,,,,,,,,False,,0.1,REST_CONTINUATION_FAILURE,N_ABS_NKCC_S4_PLOW_KLOW_AE4NA05_P1_H1:B00,AE4NA05,,,,NOT_RUN_REST_FAILURE,,
,1.0,,0.25,207bff9870e52cc7d2c6b7372d1ffc85fd1beeb71da181601f8ec221274e70a4,False,,,,,,,,,,,,,,False,,0.1,REST_CONTINUATION_FAILURE,N_ABS_NKCC_S4_PLOW_KLOW_AE4NA05_P1_H1:B00,AE4NA05,,,,NOT_RUN_REST_FAILURE,,
,1.0,,0.5,207bff9870e52cc7d2c6b7372d1ffc85fd1beeb71da181601f8ec221274e70a4,False,,,,,,,,,,,,,,False,,0.1,REST_CONTINUATION_FAILURE,N_ABS_NKCC_S4_PLOW_KLOW_AE4NA05_P1_H1:B00,AE4NA05,,,,NOT_RUN_REST_FAILURE,,
,0.05,,0.1,207bff9870e52cc7d2c6b7372d1ffc85fd1beeb71da181601f8ec221274e70a4,False,,,,,,,,,,,,,,False,,0.1,NOT_RUN_PARENT_REST_FAILURE,N_ABS_NKCC_S4_PLOW_KLOW_AE4NA05_P1_H1:B00,AE4NA05,,,,NOT_RUN_REST_FAILURE,,
,0.05,,0.25,207bff9870e52cc7d2c6b7372d1ffc85fd1beeb71da181601f8ec221274e70a4,False,,,,,,,,,,,,,,False,,0.1,NOT_RUN_PARENT_REST_FAILURE,N_ABS_NKCC_S4_PLOW_KLOW_AE4NA05_P1_H1:B00,AE4NA05,,,,NOT_RUN_REST_FAILURE,,
,0.05,,0.5,207bff9870e52cc7d2c6b7372d1ffc85fd1beeb71da181601f8ec221274e70a4,False,,,,,,,,,,,,,,False,,0.1,NOT_RUN_PARENT_REST_FAILURE,N_ABS_NKCC_S4_PLOW_KLOW_AE4NA05_P1_H1:B00,AE4NA05,,,,NOT_RUN_REST_FAILURE,,
0.8423894529923357,1.0,True,0.1,207bff9870e52cc7d2c6b7372d1ffc85fd1beeb71da181601f8ec221274e70a4,True,1.4210854715202004e-13,0.0,9.370405376577267e-26,6.139231108792002e-26,0.0,6.505213034913027e-19,9.619041674291395e-16,1.4210854715202004e-14,6.765421556309548e-17,9.497611030973019e-16,7.105427357601002e-15,2.168404344971009e-19,1.4210854715202002e-05,False,True,1.0,,N_ABS_NKCC_S4_PLOW_KLOW_AE4NA20_P2_H1:B00,AE4NA20,602,The solver successfully reached the end of the integration interval.,True,BASELINE_HASH_VALID_REUSE,results/14_scale_free_genotype_holdout/trajectories/N_ABS_NKCC_S4_PLOW_KLOW_AE4NA20_P2_H1_B00_ca0.10_WT_production_radau.json,38823cc04b0eb245249c7ca25d00a943eb9923034251da5ad18eae16e1ffaaf4
0.9710470450039473,1.0,True,0.25,207bff9870e52cc7d2c6b7372d1ffc85fd1beeb71da181601f8ec221274e70a4,True,1.4210854715202004e-13,0.0,1.7448341046040428e-25,1.550963648536927e-25,0.0,1.734723475976807e-18,2.8319360745321376e-15,6.448175327022909e-12,6.938893903907228e-17,1.835337437583462e-15,1.4210854715202004e-14,2.168404344971009e-19,0.006448175327022909,False,True,1.0,,N_ABS_NKCC_S4_PLOW_KLOW_AE4NA20_P2_H1:B00,AE4NA20,602,The solver successfully reached the end of the integration interval.,True,BASELINE_HASH_VALID_REUSE,results/14_scale_free_genotype_holdout/trajectories/N_ABS_NKCC_S4_PLOW_KLOW_AE4NA20_P2_H1_B00_ca0.25_WT_production_radau.json,3ef9fc2b214b6477e89fa8967499793c48c282d0d20cbebaaa2661beee3cb09e
1.01031913782588,1.0,True,0.5,207bff9870e52cc7d2c6b7372d1ffc85fd1beeb71da181601f8ec221274e70a4,True,1.8474111129762605e-13,0.0,2.3264454728053903e-25,2.5849394142282115e-25,0.0,1.734723475976807e-18,2.9976021664879227e-15,6.512124173241318e-12,6.591949208711867e-17,2.4251434194155763e-15,1.687538997430238e-14,2.168404344971009e-19,0.006512124173241318,False,True,1.0,,N_ABS_NKCC_S4_PLOW_KLOW_AE4NA20_P2_H1:B00,AE4NA20,602,The solver successfully reached the end of the integration interval.,True,BASELINE_HASH_VALID_REUSE,results/14_scale_free_genotype_holdout/trajectories/N_ABS_NKCC_S4_PLOW_KLOW_AE4NA20_P2_H1_B00_ca0.50_WT_production_radau.json,c3ba185ef5d545cbbc98f5f329b04a9da90af45c69ef680d876379679fddfec6
0.937536085494715,0.05,True,0.1,207bff9870e52cc7d2c6b7372d1ffc85fd1beeb71da181601f8ec221274e70a4,True,2.8421709430404007e-13,2.6020852139652106e-18,7.108583389127582e-26,5.169878828456423e-26,0.0,8.673617379884035e-19,7.129713486264677e-16,4.085620730620576e-13,6.505213034913027e-17,7.337880303381894e-16,1.4210854715202004e-14,2.168404344971009e-19,0.0004085620730620576,False,True,1.0,,N_ABS_NKCC_S4_PLOW_KLOW_AE4NA20_P2_H1:B00,AE4NA20,602,The solver successfully reached the end of the integration interval.,True,BASELINE_HASH_VALID_REUSE,results/14B_five_percent_ae4_check/trajectories/N_ABS_NKCC_S4_PLOW_KLOW_AE4NA20_P2_H1_B00_ca0.10_AE4_5pct_production_radau.json,52c5cf5fb0b5cb66d64062657aa55161ff38dea4b117f8b1f53d4244cca83829
1.1424044002402989,0.05,True,0.25,207bff9870e52cc7d2c6b7372d1ffc85fd1beeb71da181601f8ec221274e70a4,True,1.4210854715202004e-13,2.6020852139652106e-18,1.0985992510469899e-25,1.8740810753154533e-25,0.0,1.734723475976807e-18,2.540502530568034e-15,1.4317436125566019e-12,6.765421556309548e-17,1.1397133237167623e-15,3.952393967665557e-14,4.336808689942018e-19,0.0014317436125566019,False,True,1.0,,N_ABS_NKCC_S4_PLOW_KLOW_AE4NA20_P2_H1:B00,AE4NA20,602,The solver successfully reached the end of the integration interval.,True,BASELINE_HASH_VALID_REUSE,results/14B_five_percent_ae4_check/trajectories/N_ABS_NKCC_S4_PLOW_KLOW_AE4NA20_P2_H1_B00_ca0.25_AE4_5pct_production_radau.json,c63e66efea50503843633b86854b21c959439d4d7df1e17cb78ac0d195ae9a0b
1.2105908166440842,0.05,True,0.5,207bff9870e52cc7d2c6b7372d1ffc85fd1beeb71da181601f8ec221274e70a4,True,2.4158453015843406e-13,1.734723475976807e-18,2.3264454728053903e-25,2.8434333556510326e-25,0.0,1.734723475976807e-18,3.12944115066216e-15,2.206235194535111e-12,6.765421556309548e-17,2.463307335887066e-15,4.4853010194856324e-14,2.168404344971009e-19,0.002206235194535111,False,True,1.0,,N_ABS_NKCC_S4_PLOW_KLOW_AE4NA20_P2_H1:B00,AE4NA20,602,The solver successfully reached the end of the integration interval.,True,BASELINE_HASH_VALID_REUSE,results/14B_five_percent_ae4_check/trajectories/N_ABS_NKCC_S4_PLOW_KLOW_AE4NA20_P2_H1_B00_ca0.50_AE4_5pct_production_radau.json,795e7c9c50bab48a5bb096f734b4312341d67ce408c37c69ab0c9307eac763c1
0.5516967655766943,1.0,True,0.1,207bff9870e52cc7d2c6b7372d1ffc85fd1beeb71da181601f8ec221274e70a4,True,1.8474111129762605e-13,0.0,8.401053096241687e-26,6.462348535570529e-26,0.0,1.3010426069826053e-18,9.402201239794294e-16,1.9539925233402755e-13,6.245004513516506e-17,8.309325449928906e-16,4.654054919228656e-13,1.0842021724855044e-19,0.00046540549192286557,True,True,0.5,,N_ABS_NKCC_S4_PLOW_KLOW_AE4NA20_P2_H1:B00,AE4NA20,602,The solver successfully reached the end of the integration interval.,True,COMPLETE,results/19_ae4_loss_nak_pump_coupling/trajectories/N_ABS_NKCC_S4_PLOW_KLOW_AE4NA20_P2_H1_B00_e1.00_pump0.50_ca0.10.json,67bb0c7cb83bea6af8d67476d384516f815a740d0d4f180233905e5c90ebfd51
0.6116877089001505,1.0,True,0.25,207bff9870e52cc7d2c6b7372d1ffc85fd1beeb71da181601f8ec221274e70a4,True,9.947598300641403e-14,0.0,2.1971985020939798e-25,1.0985992510469899e-25,0.0,8.673617379884035e-19,2.6237692574149207e-15,1.2079226507921703e-13,6.505213034913027e-17,2.338407245616736e-15,6.261657858885883e-13,2.168404344971009e-19,0.0006261657858885883,True,True,0.5,,N_ABS_NKCC_S4_PLOW_KLOW_AE4NA20_P2_H1:B00,AE4NA20,602,The solver successfully reached the end of the integration interval.,True,COMPLETE,results/19_ae4_loss_nak_pump_coupling/trajectories/N_ABS_NKCC_S4_PLOW_KLOW_AE4NA20_P2_H1_B00_e1.00_pump0.50_ca0.25.json,b356b9c750bfc1aa3f1eb3a5325af435baa83eea59d861db68399dba28e9f6fd
0.6278730818669173,1.0,True,0.5,207bff9870e52cc7d2c6b7372d1ffc85fd1beeb71da181601f8ec221274e70a4,True,1.1368683772161603e-13,0.0,3.2311742677852644e-25,2.649562899583917e-25,0.0,1.734723475976807e-18,3.1537272793258353e-15,9.947598300641403e-14,6.678685382510707e-17,3.3697003520849478e-15,5.186961971048731e-13,2.168404344971009e-19,0.0005186961971048731,True,True,0.5,,N_ABS_NKCC_S4_PLOW_KLOW_AE4NA20_P2_H1:B00,AE4NA20,602,The solver successfully reached the end of the integration interval.,True,COMPLETE,results/19_ae4_loss_nak_pump_coupling/trajectories/N_ABS_NKCC_S4_PLOW_KLOW_AE4NA20_P2_H1_B00_e1.00_pump0.50_ca0.50.json,eae4e8e7079ed37555607bbe7e06bb19894f25d0d11d77ee24442e5a820cc862
0.8228172534172727,0.05,True,0.1,207bff9870e52cc7d2c6b7372d1ffc85fd1beeb71da181601f8ec221274e70a4,True,1.2789769243681803e-13,1.734723475976807e-18,5.816113682013476e-26,6.139231108792002e-26,0.0,8.673617379884035e-19,8.057790545912269e-16,2.842170943040401e-14,6.678685382510707e-17,6.696032617270475e-16,1.0658141036401503e-14,2.168404344971009e-19,2.8421709430404004e-05,True,True,0.5,,N_ABS_NKCC_S4_PLOW_KLOW_AE4NA20_P2_H1:B00,AE4NA20,602,The solver successfully reached the end of the integration interval.,True,COMPLETE,results/19_ae4_loss_nak_pump_coupling/trajectories/N_ABS_NKCC_S4_PLOW_KLOW_AE4NA20_P2_H1_B00_e0.05_pump0.50_ca0.10.json,ec81f0d387c4d99650d3e76e02e5b0641bc8e0f12841c1dc2fa670ce5718348e
0.965807094936407,0.05,True,0.25,207bff9870e52cc7d2c6b7372d1ffc85fd1beeb71da181601f8ec221274e70a4,True,1.5631940186722204e-13,1.734723475976807e-18,1.4217166778255163e-25,1.550963648536927e-25,0.0,1.734723475976807e-18,2.0625862129364236e-15,7.460698725481052e-14,6.938893903907228e-17,1.4198711650870166e-15,4.1300296516055823e-14,2.168404344971009e-19,7.460698725481052e-05,True,True,0.5,,N_ABS_NKCC_S4_PLOW_KLOW_AE4NA20_P2_H1:B00,AE4NA20,602,The solver successfully reached the end of the integration interval.,True,COMPLETE,results/19_ae4_loss_nak_pump_coupling/trajectories/N_ABS_NKCC_S4_PLOW_KLOW_AE4NA20_P2_H1_B00_e0.05_pump0.50_ca0.25.json,3b2f8bebef1c95e75adb24eb802cd821ab2868b37bfe243bd89712038a4f7f78
1.007885679480269,0.05,True,0.5,207bff9870e52cc7d2c6b7372d1ffc85fd1beeb71da181601f8ec221274e70a4,True,2.1316282072803006e-13,1.734723475976807e-18,2.714186384939622e-25,2.908056841006738e-25,0.0,1.734723475976807e-18,2.783363817204787e-15,1.0658141036401503e-13,6.505213034913027e-17,2.7738228380869145e-15,5.5067062021407764e-14,2.168404344971009e-19,0.00010658141036401503,True,True,0.5,,N_ABS_NKCC_S4_PLOW_KLOW_AE4NA20_P2_H1:B00,AE4NA20,602,The solver successfully reached the end of the integration interval.,True,COMPLETE,results/19_ae4_loss_nak_pump_coupling/trajectories/N_ABS_NKCC_S4_PLOW_KLOW_AE4NA20_P2_H1_B00_e0.05_pump0.50_ca0.50.json,c823adaef0260b0c4f78e8422f1dc3b463f7eb6f51ffba4d1d00bed1f05fd972
,1.0,,0.1,207bff9870e52cc7d2c6b7372d1ffc85fd1beeb71da181601f8ec221274e70a4,False,,,,,,,,,,,,,,False,,0.1,REST_CONTINUATION_FAILURE,N_ABS_NKCC_S4_PLOW_KLOW_AE4NA20_P2_H1:B00,AE4NA20,,,,NOT_RUN_REST_FAILURE,,
,1.0,,0.25,207bff9870e52cc7d2c6b7372d1ffc85fd1beeb71da181601f8ec221274e70a4,False,,,,,,,,,,,,,,False,,0.1,REST_CONTINUATION_FAILURE,N_ABS_NKCC_S4_PLOW_KLOW_AE4NA20_P2_H1:B00,AE4NA20,,,,NOT_RUN_REST_FAILURE,,
,1.0,,0.5,207bff9870e52cc7d2c6b7372d1ffc85fd1beeb71da181601f8ec221274e70a4,False,,,,,,,,,,,,,,False,,0.1,REST_CONTINUATION_FAILURE,N_ABS_NKCC_S4_PLOW_KLOW_AE4NA20_P2_H1:B00,AE4NA20,,,,NOT_RUN_REST_FAILURE,,
,0.05,,0.1,207bff9870e52cc7d2c6b7372d1ffc85fd1beeb71da181601f8ec221274e70a4,False,,,,,,,,,,,,,,False,,0.1,NOT_RUN_PARENT_REST_FAILURE,N_ABS_NKCC_S4_PLOW_KLOW_AE4NA20_P2_H1:B00,AE4NA20,,,,NOT_RUN_REST_FAILURE,,
,0.05,,0.25,207bff9870e52cc7d2c6b7372d1ffc85fd1beeb71da181601f8ec221274e70a4,False,,,,,,,,,,,,,,False,,0.1,NOT_RUN_PARENT_REST_FAILURE,N_ABS_NKCC_S4_PLOW_KLOW_AE4NA20_P2_H1:B00,AE4NA20,,,,NOT_RUN_REST_FAILURE,,
,0.05,,0.5,207bff9870e52cc7d2c6b7372d1ffc85fd1beeb71da181601f8ec221274e70a4,False,,,,,,,,,,,,,,False,,0.1,NOT_RUN_PARENT_REST_FAILURE,N_ABS_NKCC_S4_PLOW_KLOW_AE4NA20_P2_H1:B00,AE4NA20,,,,NOT_RUN_REST_FAILURE,,
0.7313940367671029,1.0,True,0.1,207bff9870e52cc7d2c6b7372d1ffc85fd1beeb71da181601f8ec221274e70a4,True,3.836930773104541e-13,0.0,9.370405376577267e-26,5.169878828456423e-26,0.0,8.673617379884035e-19,9.54097911787244e-16,2.3447910280083306e-13,6.765421556309548e-17,9.593020822151743e-16,3.1086244689504383e-15,2.168404344971009e-19,0.00023447910280083303,False,True,1.0,,N_ABS_NKCC_S4_PNOM_KMID_AE4NA05_P1_H1:B00,AE4NA05,602,The solver successfully reached the end of the integration interval.,True,BASELINE_HASH_VALID_REUSE,results/14_scale_free_genotype_holdout/trajectories/N_ABS_NKCC_S4_PNOM_KMID_AE4NA05_P1_H1_B00_ca0.10_WT_production_radau.json,05e95b9dc2f17a5e30bb7882cc9b052d9f94837e3994fa6f430b6143ae09c8b2
0.8310357738976427,1.0,True,0.25,207bff9870e52cc7d2c6b7372d1ffc85fd1beeb71da181601f8ec221274e70a4,True,3.552713678800501e-13,0.0,2.6818746422617694e-25,1.1309109937248425e-25,0.0,1.734723475976807e-18,3.346281585159261e-15,1.4122036873231991e-12,6.591949208711867e-17,2.7495367094232392e-15,9.325873406851315e-15,2.168404344971009e-19,0.0014122036873231991,False,True,1.0,,N_ABS_NKCC_S4_PNOM_KMID_AE4NA05_P1_H1:B00,AE4NA05,602,The solver successfully reached the end of the integration interval.,True,BASELINE_HASH_VALID_REUSE,results/14_scale_free_genotype_holdout/trajectories/N_ABS_NKCC_S4_PNOM_KMID_AE4NA05_P1_H1_B00_ca0.25_WT_production_radau.json,e5904ee72186eb909154af52d563ea45548306e3306e6c431ef96b74285376a8
0.858347125221013,1.0,True,0.5,207bff9870e52cc7d2c6b7372d1ffc85fd1beeb71da181601f8ec221274e70a4,True,2.7000623958883807e-13,0.0,3.1988625251074117e-25,2.0679515313825692e-25,0.0,1.734723475976807e-18,2.8900493109773606e-15,2.2080115513745113e-12,6.765421556309548e-17,3.3298017121374812e-15,1.199040866595169e-14,2.168404344971009e-19,0.0022080115513745113,False,True,1.0,,N_ABS_NKCC_S4_PNOM_KMID_AE4NA05_P1_H1:B00,AE4NA05,602,The solver successfully reached the end of the integration interval.,True,BASELINE_HASH_VALID_REUSE,results/14_scale_free_genotype_holdout/trajectories/N_ABS_NKCC_S4_PNOM_KMID_AE4NA05_P1_H1_B00_ca0.50_WT_production_radau.json,f6d2af8bf1b84ca9017bddac390aaa367cc5d62c054b73a6c73becd3f7b67874
0.8433515516016178,0.05,True,0.1,207bff9870e52cc7d2c6b7372d1ffc85fd1beeb71da181601f8ec221274e70a4,True,1.8474111129762605e-13,1.734723475976807e-18,6.462348535570529e-26,5.816113682013476e-26,0.0,8.673617379884035e-19,9.17668718791731e-16,1.4210854715202004e-14,6.505213034913027e-17,6.852157730108388e-16,6.217248937900877e-15,2.168404344971009e-19,1.4210854715202002e-05,False,True,1.0,,N_ABS_NKCC_S4_PNOM_KMID_AE4NA05_P1_H1:B00,AE4NA05,602,The solver successfully reached the end of the integration interval.,True,BASELINE_HASH_VALID_REUSE,results/14B_five_percent_ae4_check/trajectories/N_ABS_NKCC_S4_PNOM_KMID_AE4NA05_P1_H1_B00_ca0.10_AE4_5pct_production_radau.json,a1a999eadad7e27b71a565be00218103d29748ede3c482c05c7664e32a0011bd
0.9909075568063769,0.05,True,0.25,207bff9870e52cc7d2c6b7372d1ffc85fd1beeb71da181601f8ec221274e70a4,True,4.689582056016661e-13,1.734723475976807e-18,2.261821987449685e-25,1.2278462217584005e-25,0.0,1.734723475976807e-18,2.6558616417204917e-15,1.4210854715202004e-14,6.765421556309548e-17,2.3418766925686896e-15,2.4424906541753444e-14,2.168404344971009e-19,2.6558616417204917e-05,False,True,1.0,,N_ABS_NKCC_S4_PNOM_KMID_AE4NA05_P1_H1:B00,AE4NA05,602,The solver successfully reached the end of the integration interval.,True,BASELINE_HASH_VALID_REUSE,results/14B_five_percent_ae4_check/trajectories/N_ABS_NKCC_S4_PNOM_KMID_AE4NA05_P1_H1_B00_ca0.25_AE4_5pct_production_radau.json,70389e5b9088b46052a4254ef4f0f316b7bbf0b190b5a74dfb813a52cb54e8cd
1.0330042391998144,0.05,True,0.5,207bff9870e52cc7d2c6b7372d1ffc85fd1beeb71da181601f8ec221274e70a4,True,3.410605131648481e-13,1.734723475976807e-18,2.1971985020939798e-25,2.3910689581610956e-25,0.0,1.734723475976807e-18,2.4789198471708573e-15,1.4210854715202004e-14,6.591949208711867e-17,2.2083029849184754e-15,3.3306690738754696e-14,2.168404344971009e-19,3.3306690738754696e-05,False,True,1.0,,N_ABS_NKCC_S4_PNOM_KMID_AE4NA05_P1_H1:B00,AE4NA05,602,The solver successfully reached the end of the integration interval.,True,BASELINE_HASH_VALID_REUSE,results/14B_five_percent_ae4_check/trajectories/N_ABS_NKCC_S4_PNOM_KMID_AE4NA05_P1_H1_B00_ca0.50_AE4_5pct_production_radau.json,e7b7f7954f2333c711294e211857581738cd14cf966361681a63cb6d4529c8ca
,1.0,,0.1,207bff9870e52cc7d2c6b7372d1ffc85fd1beeb71da181601f8ec221274e70a4,False,,,,,,,,,,,,,,False,,0.5,REST_CONTINUATION_FAILURE,N_ABS_NKCC_S4_PNOM_KMID_AE4NA05_P1_H1:B00,AE4NA05,,,,NOT_RUN_REST_FAILURE,,
,1.0,,0.25,207bff9870e52cc7d2c6b7372d1ffc85fd1beeb71da181601f8ec221274e70a4,False,,,,,,,,,,,,,,False,,0.5,REST_CONTINUATION_FAILURE,N_ABS_NKCC_S4_PNOM_KMID_AE4NA05_P1_H1:B00,AE4NA05,,,,NOT_RUN_REST_FAILURE,,
,1.0,,0.5,207bff9870e52cc7d2c6b7372d1ffc85fd1beeb71da181601f8ec221274e70a4,False,,,,,,,,,,,,,,False,,0.5,REST_CONTINUATION_FAILURE,N_ABS_NKCC_S4_PNOM_KMID_AE4NA05_P1_H1:B00,AE4NA05,,,,NOT_RUN_REST_FAILURE,,
,0.05,,0.1,207bff9870e52cc7d2c6b7372d1ffc85fd1beeb71da181601f8ec221274e70a4,False,,,,,,,,,,,,,,False,,0.5,NOT_RUN_PARENT_REST_FAILURE,N_ABS_NKCC_S4_PNOM_KMID_AE4NA05_P1_H1:B00,AE4NA05,,,,NOT_RUN_REST_FAILURE,,
,0.05,,0.25,207bff9870e52cc7d2c6b7372d1ffc85fd1beeb71da181601f8ec221274e70a4,False,,,,,,,,,,,,,,False,,0.5,NOT_RUN_PARENT_REST_FAILURE,N_ABS_NKCC_S4_PNOM_KMID_AE4NA05_P1_H1:B00,AE4NA05,,,,NOT_RUN_REST_FAILURE,,
,0.05,,0.5,207bff9870e52cc7d2c6b7372d1ffc85fd1beeb71da181601f8ec221274e70a4,False,,,,,,,,,,,,,,False,,0.5,NOT_RUN_PARENT_REST_FAILURE,N_ABS_NKCC_S4_PNOM_KMID_AE4NA05_P1_H1:B00,AE4NA05,,,,NOT_RUN_REST_FAILURE,,
,1.0,,0.1,207bff9870e52cc7d2c6b7372d1ffc85fd1beeb71da181601f8ec221274e70a4,False,,,,,,,,,,,,,,False,,0.1,REST_CONTINUATION_FAILURE,N_ABS_NKCC_S4_PNOM_KMID_AE4NA05_P1_H1:B00,AE4NA05,,,,NOT_RUN_REST_FAILURE,,
,1.0,,0.25,207bff9870e52cc7d2c6b7372d1ffc85fd1beeb71da181601f8ec221274e70a4,False,,,,,,,,,,,,,,False,,0.1,REST_CONTINUATION_FAILURE,N_ABS_NKCC_S4_PNOM_KMID_AE4NA05_P1_H1:B00,AE4NA05,,,,NOT_RUN_REST_FAILURE,,
,1.0,,0.5,207bff9870e52cc7d2c6b7372d1ffc85fd1beeb71da181601f8ec221274e70a4,False,,,,,,,,,,,,,,False,,0.1,REST_CONTINUATION_FAILURE,N_ABS_NKCC_S4_PNOM_KMID_AE4NA05_P1_H1:B00,AE4NA05,,,,NOT_RUN_REST_FAILURE,,
,0.05,,0.1,207bff9870e52cc7d2c6b7372d1ffc85fd1beeb71da181601f8ec221274e70a4,False,,,,,,,,,,,,,,False,,0.1,NOT_RUN_PARENT_REST_FAILURE,N_ABS_NKCC_S4_PNOM_KMID_AE4NA05_P1_H1:B00,AE4NA05,,,,NOT_RUN_REST_FAILURE,,
,0.05,,0.25,207bff9870e52cc7d2c6b7372d1ffc85fd1beeb71da181601f8ec221274e70a4,False,,,,,,,,,,,,,,False,,0.1,NOT_RUN_PARENT_REST_FAILURE,N_ABS_NKCC_S4_PNOM_KMID_AE4NA05_P1_H1:B00,AE4NA05,,,,NOT_RUN_REST_FAILURE,,
,0.05,,0.5,207bff9870e52cc7d2c6b7372d1ffc85fd1beeb71da181601f8ec221274e70a4,False,,,,,,,,,,,,,,False,,0.1,NOT_RUN_PARENT_REST_FAILURE,N_ABS_NKCC_S4_PNOM_KMID_AE4NA05_P1_H1:B00,AE4NA05,,,,NOT_RUN_REST_FAILURE,,
0.8767819988230405,1.0,True,0.1,207bff9870e52cc7d2c6b7372d1ffc85fd1beeb71da181601f8ec221274e70a4,True,3.836930773104541e-13,0.0,8.724170523020214e-26,6.139231108792002e-26,0.0,8.673617379884035e-19,9.861902960928148e-16,1.0658141036401503e-14,6.591949208711867e-17,8.881784197001252e-16,5.329070518200751e-15,2.168404344971009e-19,1.0658141036401503e-05,False,True,1.0,,N_ABS_NKCC_S4_PNOM_KMID_AE4NA20_P2_H1:B00,AE4NA20,602,The solver successfully reached the end of the integration interval.,True,BASELINE_HASH_VALID_REUSE,results/14_scale_free_genotype_holdout/trajectories/N_ABS_NKCC_S4_PNOM_KMID_AE4NA20_P2_H1_B00_ca0.10_WT_production_radau.json,c79f81f0becfbeb340f7ed52878ace35915690e9eb7d13ddbe3a92d465e210f1
1.0073000732707007,1.0,True,0.25,207bff9870e52cc7d2c6b7372d1ffc85fd1beeb71da181601f8ec221274e70a4,True,6.394884621840902e-13,0.0,2.649562899583917e-25,1.2924697071141057e-25,0.0,1.734723475976807e-18,3.6012859361278515e-15,6.469491609095712e-12,6.591949208711867e-17,2.714842239903703e-15,1.1546319456101628e-14,2.168404344971009e-19,0.006469491609095712,False,True,1.0,,N_ABS_NKCC_S4_PNOM_KMID_AE4NA20_P2_H1:B00,AE4NA20,602,The solver successfully reached the end of the integration interval.,True,BASELINE_HASH_VALID_REUSE,results/14_scale_free_genotype_holdout/trajectories/N_ABS_NKCC_S4_PNOM_KMID_AE4NA20_P2_H1_B00_ca0.25_WT_production_radau.json,e057b54fd9c3c16b9916bc5c7e79382f14f16bacbc30f6c0ed272d357d289431
1.0458124423709692,1.0,True,0.5,207bff9870e52cc7d2c6b7372d1ffc85fd1beeb71da181601f8ec221274e70a4,True,2.1316282072803006e-13,0.0,2.261821987449685e-25,1.809457589959748e-25,0.0,1.734723475976807e-18,2.4572358037211472e-15,6.494360604847316e-12,6.765421556309548e-17,2.422541334201611e-15,1.3766765505351941e-14,2.168404344971009e-19,0.006494360604847316,False,True,1.0,,N_ABS_NKCC_S4_PNOM_KMID_AE4NA20_P2_H1:B00,AE4NA20,602,The solver successfully reached the end of the integration interval.,True,BASELINE_HASH_VALID_REUSE,results/14_scale_free_genotype_holdout/trajectories/N_ABS_NKCC_S4_PNOM_KMID_AE4NA20_P2_H1_B00_ca0.50_WT_production_radau.json,bdd6f345ae8837bee92a0a42ace66132fc0eddd5392aad9c828c57b72d4b6ed0
0.9687551145675783,0.05,True,0.1,207bff9870e52cc7d2c6b7372d1ffc85fd1beeb71da181601f8ec221274e70a4,True,4.405364961712621e-13,2.6020852139652106e-18,6.785465962349055e-26,6.785465962349055e-26,0.0,8.673617379884035e-19,8.326672684688674e-16,3.730349362740526e-13,6.765421556309548e-17,6.600622826091751e-16,1.1102230246251565e-14,2.168404344971009e-19,0.0003730349362740526,False,True,1.0,,N_ABS_NKCC_S4_PNOM_KMID_AE4NA20_P2_H1:B00,AE4NA20,602,The solver successfully reached the end of the integration interval.,True,BASELINE_HASH_VALID_REUSE,results/14B_five_percent_ae4_check/trajectories/N_ABS_NKCC_S4_PNOM_KMID_AE4NA20_P2_H1_B00_ca0.10_AE4_5pct_production_radau.json,974e35fb17c43a6c71be1f5cc8f9e461d29fccbc0cbe4f5a8c7238f2ab304a3a
1.1802170322354395,0.05,True,0.25,207bff9870e52cc7d2c6b7372d1ffc85fd1beeb71da181601f8ec221274e70a4,True,4.405364961712621e-13,1.734723475976807e-18,1.809457589959748e-25,1.2278462217584005e-25,0.0,1.734723475976807e-18,1.9090631853124762e-15,1.4743761767022079e-12,6.418476861114186e-17,1.9099305470504646e-15,3.3306690738754696e-14,2.168404344971009e-19,0.0014743761767022079,False,True,1.0,,N_ABS_NKCC_S4_PNOM_KMID_AE4NA20_P2_H1:B00,AE4NA20,602,The solver successfully reached the end of the integration interval.,True,BASELINE_HASH_VALID_REUSE,results/14B_five_percent_ae4_check/trajectories/N_ABS_NKCC_S4_PNOM_KMID_AE4NA20_P2_H1_B00_ca0.25_AE4_5pct_production_radau.json,2c33e1174d1b2c9e77a6458771a66cf7a32b51f3d2674d0d46eb80d55cf71d69
1.2476963436718809,0.05,True,0.5,207bff9870e52cc7d2c6b7372d1ffc85fd1beeb71da181601f8ec221274e70a4,True,3.552713678800501e-13,2.6020852139652106e-18,2.3910689581610956e-25,2.3910689581610956e-25,0.0,1.734723475976807e-18,2.5517782331618832e-15,2.277289468111121e-12,6.678685382510707e-17,2.4303475898435067e-15,3.907985046680551e-14,4.336808689942018e-19,0.002277289468111121,False,True,1.0,,N_ABS_NKCC_S4_PNOM_KMID_AE4NA20_P2_H1:B00,AE4NA20,602,The solver successfully reached the end of the integration interval.,True,BASELINE_HASH_VALID_REUSE,results/14B_five_percent_ae4_check/trajectories/N_ABS_NKCC_S4_PNOM_KMID_AE4NA20_P2_H1_B00_ca0.50_AE4_5pct_production_radau.json,7a8afd5a81dde3d9af8a9cadcf584dd9bcb0d96bb436bc506e5f0a84bac0f97d
0.5653202292271194,1.0,True,0.1,207bff9870e52cc7d2c6b7372d1ffc85fd1beeb71da181601f8ec221274e70a4,True,1.7053025658242404e-13,0.0,9.04728794979874e-26,5.492996255234949e-26,0.0,1.3010426069826053e-18,1.0980799602933189e-15,2.0961010704922955e-13,6.245004513516506e-17,9.168013570537425e-16,6.3860028376439e-13,1.0842021724855044e-19,0.00063860028376439,True,True,0.5,,N_ABS_NKCC_S4_PNOM_KMID_AE4NA20_P2_H1:B00,AE4NA20,602,The solver successfully reached the end of the integration interval.,True,COMPLETE,results/19_ae4_loss_nak_pump_coupling/trajectories/N_ABS_NKCC_S4_PNOM_KMID_AE4NA20_P2_H1_B00_e1.00_pump0.50_ca0.10.json,751c9423e2d1dee7e08cb68d04345598cbcb366c2b9b3fe2baf4059d6ddb9134
0.6264356955817076,1.0,True,0.25,207bff9870e52cc7d2c6b7372d1ffc85fd1beeb71da181601f8ec221274e70a4,True,4.689582056016661e-13,0.0,3.004992069040296e-25,1.260157964436253e-25,0.0,8.673617379884035e-19,3.864963904476326e-15,1.4566126083082054e-13,6.505213034913027e-17,3.12944115066216e-15,3.339550858072471e-13,2.168404344971009e-19,0.0003339550858072471,True,True,0.5,,N_ABS_NKCC_S4_PNOM_KMID_AE4NA20_P2_H1:B00,AE4NA20,602,The solver successfully reached the end of the integration interval.,True,COMPLETE,results/19_ae4_loss_nak_pump_coupling/trajectories/N_ABS_NKCC_S4_PNOM_KMID_AE4NA20_P2_H1_B00_e1.00_pump0.50_ca0.25.json,b089bffeb8cc93d93ab4131fe192bc021b90fe22728f423208bb9bde70688a86
0.6428750095292202,1.0,True,0.5,207bff9870e52cc7d2c6b7372d1ffc85fd1beeb71da181601f8ec221274e70a4,True,5.828670879282072e-14,0.0,2.908056841006738e-25,2.100263274060422e-25,0.0,1.734723475976807e-18,3.10775710721245e-15,1.2789769243681803e-13,6.852157730108388e-17,3.0062757838678067e-15,1.4299672557172016e-13,2.168404344971009e-19,0.00014299672557172016,True,True,0.5,,N_ABS_NKCC_S4_PNOM_KMID_AE4NA20_P2_H1:B00,AE4NA20,602,The solver successfully reached the end of the integration interval.,True,COMPLETE,results/19_ae4_loss_nak_pump_coupling/trajectories/N_ABS_NKCC_S4_PNOM_KMID_AE4NA20_P2_H1_B00_e1.00_pump0.50_ca0.50.json,4dea5364e19036bd2a10a045c1f72e1b558c0c8def496839d0cde14e2c165d12
0.843237618710899,0.05,True,0.1,207bff9870e52cc7d2c6b7372d1ffc85fd1beeb71da181601f8ec221274e70a4,True,1.8474111129762605e-13,1.734723475976807e-18,7.431700815906108e-26,5.492996255234949e-26,0.0,8.673617379884035e-19,8.222589276130066e-16,2.842170943040401e-14,6.591949208711867e-17,7.151397529714387e-16,8.43769498715119e-15,2.168404344971009e-19,2.8421709430404004e-05,True,True,0.5,,N_ABS_NKCC_S4_PNOM_KMID_AE4NA20_P2_H1:B00,AE4NA20,602,The solver successfully reached the end of the integration interval.,True,COMPLETE,results/19_ae4_loss_nak_pump_coupling/trajectories/N_ABS_NKCC_S4_PNOM_KMID_AE4NA20_P2_H1_B00_e0.05_pump0.50_ca0.10.json,b923b71ff37ed9493dbcb817e2f28b4689590f3fa74d774f1d63db8d7b266008
0.9884092130409301,0.05,True,0.25,207bff9870e52cc7d2c6b7372d1ffc85fd1beeb71da181601f8ec221274e70a4,True,4.689582056016661e-13,1.734723475976807e-18,2.520315928872506e-25,1.2278462217584005e-25,0.0,1.734723475976807e-18,2.364428097756388e-15,8.171241461241152e-14,6.591949208711867e-17,2.607289384393141e-15,3.597122599785507e-14,2.168404344971009e-19,8.171241461241152e-05,True,True,0.5,,N_ABS_NKCC_S4_PNOM_KMID_AE4NA20_P2_H1:B00,AE4NA20,602,The solver successfully reached the end of the integration interval.,True,COMPLETE,results/19_ae4_loss_nak_pump_coupling/trajectories/N_ABS_NKCC_S4_PNOM_KMID_AE4NA20_P2_H1_B00_e0.05_pump0.50_ca0.25.json,281ef3b3aafe8b94370ab5604171a82a54ba99c9a3d2e8c0540293e68923c63b
1.0296715293479353,0.05,True,0.5,207bff9870e52cc7d2c6b7372d1ffc85fd1beeb71da181601f8ec221274e70a4,True,1.8474111129762605e-13,1.734723475976807e-18,2.1325750167382745e-25,2.0679515313825692e-25,0.0,1.734723475976807e-18,2.8466812240779404e-15,1.1723955140041653e-13,6.591949208711867e-17,2.2109050701324406e-15,4.929390229335695e-14,2.168404344971009e-19,0.00011723955140041652,True,True,0.5,,N_ABS_NKCC_S4_PNOM_KMID_AE4NA20_P2_H1:B00,AE4NA20,602,The solver successfully reached the end of the integration interval.,True,COMPLETE,results/19_ae4_loss_nak_pump_coupling/trajectories/N_ABS_NKCC_S4_PNOM_KMID_AE4NA20_P2_H1_B00_e0.05_pump0.50_ca0.50.json,ed9f01de68625912bc36aca459143df0fda65b10e056e070bc6d4231092b1292
,1.0,,0.1,207bff9870e52cc7d2c6b7372d1ffc85fd1beeb71da181601f8ec221274e70a4,False,,,,,,,,,,,,,,False,,0.1,REST_CONTINUATION_FAILURE,N_ABS_NKCC_S4_PNOM_KMID_AE4NA20_P2_H1:B00,AE4NA20,,,,NOT_RUN_REST_FAILURE,,
,1.0,,0.25,207bff9870e52cc7d2c6b7372d1ffc85fd1beeb71da181601f8ec221274e70a4,False,,,,,,,,,,,,,,False,,0.1,REST_CONTINUATION_FAILURE,N_ABS_NKCC_S4_PNOM_KMID_AE4NA20_P2_H1:B00,AE4NA20,,,,NOT_RUN_REST_FAILURE,,
,1.0,,0.5,207bff9870e52cc7d2c6b7372d1ffc85fd1beeb71da181601f8ec221274e70a4,False,,,,,,,,,,,,,,False,,0.1,REST_CONTINUATION_FAILURE,N_ABS_NKCC_S4_PNOM_KMID_AE4NA20_P2_H1:B00,AE4NA20,,,,NOT_RUN_REST_FAILURE,,
,0.05,,0.1,207bff9870e52cc7d2c6b7372d1ffc85fd1beeb71da181601f8ec221274e70a4,False,,,,,,,,,,,,,,False,,0.1,NOT_RUN_PARENT_REST_FAILURE,N_ABS_NKCC_S4_PNOM_KMID_AE4NA20_P2_H1:B00,AE4NA20,,,,NOT_RUN_REST_FAILURE,,
,0.05,,0.25,207bff9870e52cc7d2c6b7372d1ffc85fd1beeb71da181601f8ec221274e70a4,False,,,,,,,,,,,,,,False,,0.1,NOT_RUN_PARENT_REST_FAILURE,N_ABS_NKCC_S4_PNOM_KMID_AE4NA20_P2_H1:B00,AE4NA20,,,,NOT_RUN_REST_FAILURE,,
,0.05,,0.5,207bff9870e52cc7d2c6b7372d1ffc85fd1beeb71da181601f8ec221274e70a4,False,,,,,,,,,,,,,,False,,0.1,NOT_RUN_PARENT_REST_FAILURE,N_ABS_NKCC_S4_PNOM_KMID_AE4NA20_P2_H1:B00,AE4NA20,,,,NOT_RUN_REST_FAILURE,,
