AE4_minus_AE2_reduction,D_AE2,D_AE4_5pct,R_AE2,R_AE4_5pct,ae2_expression_for_loss,ae2_reuse_scope,ae2_source_path,ae2_source_sha256,ae4_5pct_source_path,ae4_5pct_source_sha256,ae4_5pct_total_0_600_pL,ae4_capacity_multiplier,ae4_expression,calcium_uM,candidate_id,condition,exclusion_reason,fixed_wt_feasible,genotype_numerical_status,new_genotype_simulation,paired_numerical_gate_pass,rho,root_id,routing_family,status,target_share,wt_source_path,wt_source_sha256,wt_status,wt_total_0_600_pL
-0.14963310494138837,-0.0013209015690949233,-0.1509540065104833,1.001320901569095,1.1509540065104833,0.0,Frozen validated matched ratio; no new AE2 trajectory,results/14_scale_free_genotype_holdout/ae2_null_blind_predictions.csv,01cd368c42eda486e95cf9ce74c6c84e5d7c303090305a30706874f6972a2b8a,results/14B_five_percent_ae4_check/trajectories/N_ABS_NKCC_S4_PHIGH_KHIGH_AE4NA05_P1_H1_B00_ca0.10_AE4_5pct_production_radau.json,b83d089b58991ba8846b8614792e6c77ce0472514245cfdf77603a1138e30cd4,0.8570402021297288,1.0,0.05,0.1,N_ABS_NKCC_S4_PHIGH_KHIGH_AE4NA05_P1_H1_B00__inherited_baseline,inherited_baseline,,True,COMPLETE,False,True,1.0,N_ABS_NKCC_S4_PHIGH_KHIGH_AE4NA05_P1_H1:B00,AE4NA05,BASELINE_HASH_VALID_REUSE,,results/14_scale_free_genotype_holdout/trajectories/N_ABS_NKCC_S4_PHIGH_KHIGH_AE4NA05_P1_H1_B00_ca0.10_WT_production_radau.json,3342778c97bd24899846e515eac584ab9be1c5e87092c8a1281a653d8a7ff2f6,FIXED_WT_FEASIBLE,0.7446346224799579
-0.19005146749810575,-0.0014931326104588027,-0.19154460010856456,1.0014931326104588,1.1915446001085646,0.0,Frozen validated matched ratio; no new AE2 trajectory,results/14_scale_free_genotype_holdout/ae2_null_blind_predictions.csv,01cd368c42eda486e95cf9ce74c6c84e5d7c303090305a30706874f6972a2b8a,results/14B_five_percent_ae4_check/trajectories/N_ABS_NKCC_S4_PHIGH_KHIGH_AE4NA05_P1_H1_B00_ca0.25_AE4_5pct_production_radau.json,82bed8dea8d8e38318f55e3bd852bb89d82ff6020017175699cf4171d1ab36a8,1.0095092251638316,1.0,0.05,0.25,N_ABS_NKCC_S4_PHIGH_KHIGH_AE4NA05_P1_H1_B00__inherited_baseline,inherited_baseline,,True,COMPLETE,False,True,1.0,N_ABS_NKCC_S4_PHIGH_KHIGH_AE4NA05_P1_H1:B00,AE4NA05,BASELINE_HASH_VALID_REUSE,,results/14_scale_free_genotype_holdout/trajectories/N_ABS_NKCC_S4_PHIGH_KHIGH_AE4NA05_P1_H1_B00_ca0.25_WT_production_radau.json,7db9c20468e99da3e3e564d08f93b0d7843598052ff1034aacf4336d0c13dd0b,FIXED_WT_FEASIBLE,0.847227392975347
-0.20086765665218032,-0.0015352024151926713,-0.202402859067373,1.0015352024151927,1.202402859067373,0.0,Frozen validated matched ratio; no new AE2 trajectory,results/14_scale_free_genotype_holdout/ae2_null_blind_predictions.csv,01cd368c42eda486e95cf9ce74c6c84e5d7c303090305a30706874f6972a2b8a,results/14B_five_percent_ae4_check/trajectories/N_ABS_NKCC_S4_PHIGH_KHIGH_AE4NA05_P1_H1_B00_ca0.50_AE4_5pct_production_radau.json,7d78e1858e1b33a481a42a94c6af91b691417ca52098d9f7b8376e09c4bc5f76,1.0523789533866972,1.0,0.05,0.5,N_ABS_NKCC_S4_PHIGH_KHIGH_AE4NA05_P1_H1_B00__inherited_baseline,inherited_baseline,,True,COMPLETE,False,True,1.0,N_ABS_NKCC_S4_PHIGH_KHIGH_AE4NA05_P1_H1:B00,AE4NA05,BASELINE_HASH_VALID_REUSE,,results/14_scale_free_genotype_holdout/trajectories/N_ABS_NKCC_S4_PHIGH_KHIGH_AE4NA05_P1_H1_B00_ca0.50_WT_production_radau.json,d3f18f26432348a9d6bb13f9423cac2ea767c425c530106339c98a4511701c87,FIXED_WT_FEASIBLE,0.8752299160390887
,,,,,,,,,,,,5.455532251997507,,0.1,N_ABS_NKCC_S4_PHIGH_KHIGH_AE4NA05_P1_H1_B00__share_0.10,share_0.10,BOUND_INCOMPATIBILITY; NOT_RANK_DEFICIENCY; NOT_NUMERICAL_FAILURE,False,NOT_ELIGIBLE,False,,0.9168050523767142,N_ABS_NKCC_S4_PHIGH_KHIGH_AE4NA05_P1_H1:B00,AE4NA05,NOT_EVALUATED_FIXED_WT_INFEASIBLE,0.1,,,INFEASIBLE_NATIVE_K_SOURCE_BOUND,
,,,,,,,,,,,,5.455532251997507,,0.25,N_ABS_NKCC_S4_PHIGH_KHIGH_AE4NA05_P1_H1_B00__share_0.10,share_0.10,BOUND_INCOMPATIBILITY; NOT_RANK_DEFICIENCY; NOT_NUMERICAL_FAILURE,False,NOT_ELIGIBLE,False,,0.9168050523767142,N_ABS_NKCC_S4_PHIGH_KHIGH_AE4NA05_P1_H1:B00,AE4NA05,NOT_EVALUATED_FIXED_WT_INFEASIBLE,0.1,,,INFEASIBLE_NATIVE_K_SOURCE_BOUND,
,,,,,,,,,,,,5.455532251997507,,0.5,N_ABS_NKCC_S4_PHIGH_KHIGH_AE4NA05_P1_H1_B00__share_0.10,share_0.10,BOUND_INCOMPATIBILITY; NOT_RANK_DEFICIENCY; NOT_NUMERICAL_FAILURE,False,NOT_ELIGIBLE,False,,0.9168050523767142,N_ABS_NKCC_S4_PHIGH_KHIGH_AE4NA05_P1_H1:B00,AE4NA05,NOT_EVALUATED_FIXED_WT_INFEASIBLE,0.1,,,INFEASIBLE_NATIVE_K_SOURCE_BOUND,
,,,,,,,,,,,,16.36659675599252,,0.1,N_ABS_NKCC_S4_PHIGH_KHIGH_AE4NA05_P1_H1_B00__share_0.30,share_0.30,BOUND_INCOMPATIBILITY; NOT_RANK_DEFICIENCY; NOT_NUMERICAL_FAILURE,False,NOT_ELIGIBLE,False,,0.713070596293,N_ABS_NKCC_S4_PHIGH_KHIGH_AE4NA05_P1_H1:B00,AE4NA05,NOT_EVALUATED_FIXED_WT_INFEASIBLE,0.3,,,INFEASIBLE_NEGATIVE_REQUIRED_K_FLUX,
,,,,,,,,,,,,16.36659675599252,,0.25,N_ABS_NKCC_S4_PHIGH_KHIGH_AE4NA05_P1_H1_B00__share_0.30,share_0.30,BOUND_INCOMPATIBILITY; NOT_RANK_DEFICIENCY; NOT_NUMERICAL_FAILURE,False,NOT_ELIGIBLE,False,,0.713070596293,N_ABS_NKCC_S4_PHIGH_KHIGH_AE4NA05_P1_H1:B00,AE4NA05,NOT_EVALUATED_FIXED_WT_INFEASIBLE,0.3,,,INFEASIBLE_NEGATIVE_REQUIRED_K_FLUX,
,,,,,,,,,,,,16.36659675599252,,0.5,N_ABS_NKCC_S4_PHIGH_KHIGH_AE4NA05_P1_H1_B00__share_0.30,share_0.30,BOUND_INCOMPATIBILITY; NOT_RANK_DEFICIENCY; NOT_NUMERICAL_FAILURE,False,NOT_ELIGIBLE,False,,0.713070596293,N_ABS_NKCC_S4_PHIGH_KHIGH_AE4NA05_P1_H1:B00,AE4NA05,NOT_EVALUATED_FIXED_WT_INFEASIBLE,0.3,,,INFEASIBLE_NEGATIVE_REQUIRED_K_FLUX,
-0.09173213611849773,-0.00034163904532369394,-0.09207377516382143,1.0003416390453237,1.0920737751638214,0.0,Frozen validated matched ratio; no new AE2 trajectory,results/14_scale_free_genotype_holdout/ae2_null_blind_predictions.csv,01cd368c42eda486e95cf9ce74c6c84e5d7c303090305a30706874f6972a2b8a,results/14B_five_percent_ae4_check/trajectories/N_ABS_NKCC_S4_PHIGH_KHIGH_AE4NA20_P2_H1_B00_ca0.10_AE4_5pct_production_radau.json,6b90de97d1b92cc0b4b3e982002807b740a65535072a878b2834bae0c52ef913,0.9897637110199196,1.0,0.05,0.1,N_ABS_NKCC_S4_PHIGH_KHIGH_AE4NA20_P2_H1_B00__inherited_baseline,inherited_baseline,,True,COMPLETE,False,True,1.0,N_ABS_NKCC_S4_PHIGH_KHIGH_AE4NA20_P2_H1:B00,AE4NA20,BASELINE_HASH_VALID_REUSE,,results/14_scale_free_genotype_holdout/trajectories/N_ABS_NKCC_S4_PHIGH_KHIGH_AE4NA20_P2_H1_B00_ca0.10_WT_production_radau.json,e72842393c2b4bb521c7dfd4e4a80572b4c596e980bf341f0ddd841cc3430dfd,FIXED_WT_FEASIBLE,0.9063157943440641
-0.16202536013873758,-0.0004173674815157735,-0.16244272762025336,1.0004173674815158,1.1624427276202534,0.0,Frozen validated matched ratio; no new AE2 trajectory,results/14_scale_free_genotype_holdout/ae2_null_blind_predictions.csv,01cd368c42eda486e95cf9ce74c6c84e5d7c303090305a30706874f6972a2b8a,results/14B_five_percent_ae4_check/trajectories/N_ABS_NKCC_S4_PHIGH_KHIGH_AE4NA20_P2_H1_B00_ca0.25_AE4_5pct_production_radau.json,23fa81b10a3269d74223b5a052086056699e8c01a02ac97c6bd846f78f08fe45,1.2090616109782286,1.0,0.05,0.25,N_ABS_NKCC_S4_PHIGH_KHIGH_AE4NA20_P2_H1_B00__inherited_baseline,inherited_baseline,,True,COMPLETE,False,True,1.0,N_ABS_NKCC_S4_PHIGH_KHIGH_AE4NA20_P2_H1:B00,AE4NA20,BASELINE_HASH_VALID_REUSE,,results/14_scale_free_genotype_holdout/trajectories/N_ABS_NKCC_S4_PHIGH_KHIGH_AE4NA20_P2_H1_B00_ca0.25_WT_production_radau.json,dfa5c9aa9eb9026043f447a766c672d457d28aa1e8514cda0bc03d52537fa661,FIXED_WT_FEASIBLE,1.0401042410522996
-0.18356296596768562,-0.0004381142729947829,-0.1840010802406804,1.0004381142729948,1.1840010802406804,0.0,Frozen validated matched ratio; no new AE2 trajectory,results/14_scale_free_genotype_holdout/ae2_null_blind_predictions.csv,01cd368c42eda486e95cf9ce74c6c84e5d7c303090305a30706874f6972a2b8a,results/14B_five_percent_ae4_check/trajectories/N_ABS_NKCC_S4_PHIGH_KHIGH_AE4NA20_P2_H1_B00_ca0.50_AE4_5pct_production_radau.json,48091297dcec49a3e5ed6215e48d450b321379f655a93fbba809cf2bbcb4014c,1.2775439798341002,1.0,0.05,0.5,N_ABS_NKCC_S4_PHIGH_KHIGH_AE4NA20_P2_H1_B00__inherited_baseline,inherited_baseline,,True,COMPLETE,False,True,1.0,N_ABS_NKCC_S4_PHIGH_KHIGH_AE4NA20_P2_H1:B00,AE4NA20,BASELINE_HASH_VALID_REUSE,,results/14_scale_free_genotype_holdout/trajectories/N_ABS_NKCC_S4_PHIGH_KHIGH_AE4NA20_P2_H1_B00_ca0.50_WT_production_radau.json,192072ef63d3361104c16209704dbb775998b96e432e2f2d2a1478dfadd8802a,FIXED_WT_FEASIBLE,1.0790057552771866
,,,,,,,,,,,,7.29672052172761,,0.1,N_ABS_NKCC_S4_PHIGH_KHIGH_AE4NA20_P2_H1_B00__share_0.10,share_0.10,BOUND_INCOMPATIBILITY; NOT_RANK_DEFICIENCY; NOT_NUMERICAL_FAILURE,False,NOT_ELIGIBLE,False,,0.9125056961331598,N_ABS_NKCC_S4_PHIGH_KHIGH_AE4NA20_P2_H1:B00,AE4NA20,NOT_EVALUATED_FIXED_WT_INFEASIBLE,0.1,,,INFEASIBLE_NEGATIVE_REQUIRED_K_FLUX,
,,,,,,,,,,,,7.29672052172761,,0.25,N_ABS_NKCC_S4_PHIGH_KHIGH_AE4NA20_P2_H1_B00__share_0.10,share_0.10,BOUND_INCOMPATIBILITY; NOT_RANK_DEFICIENCY; NOT_NUMERICAL_FAILURE,False,NOT_ELIGIBLE,False,,0.9125056961331598,N_ABS_NKCC_S4_PHIGH_KHIGH_AE4NA20_P2_H1:B00,AE4NA20,NOT_EVALUATED_FIXED_WT_INFEASIBLE,0.1,,,INFEASIBLE_NEGATIVE_REQUIRED_K_FLUX,
,,,,,,,,,,,,7.29672052172761,,0.5,N_ABS_NKCC_S4_PHIGH_KHIGH_AE4NA20_P2_H1_B00__share_0.10,share_0.10,BOUND_INCOMPATIBILITY; NOT_RANK_DEFICIENCY; NOT_NUMERICAL_FAILURE,False,NOT_ELIGIBLE,False,,0.9125056961331598,N_ABS_NKCC_S4_PHIGH_KHIGH_AE4NA20_P2_H1:B00,AE4NA20,NOT_EVALUATED_FIXED_WT_INFEASIBLE,0.1,,,INFEASIBLE_NEGATIVE_REQUIRED_K_FLUX,
,,,,,,,,,,,,21.890161565182826,,0.1,N_ABS_NKCC_S4_PHIGH_KHIGH_AE4NA20_P2_H1_B00__share_0.30,share_0.30,BOUND_INCOMPATIBILITY; NOT_RANK_DEFICIENCY; NOT_NUMERICAL_FAILURE,False,NOT_ELIGIBLE,False,,0.7097266525480131,N_ABS_NKCC_S4_PHIGH_KHIGH_AE4NA20_P2_H1:B00,AE4NA20,NOT_EVALUATED_FIXED_WT_INFEASIBLE,0.3,,,INFEASIBLE_NEGATIVE_REQUIRED_K_FLUX,
,,,,,,,,,,,,21.890161565182826,,0.25,N_ABS_NKCC_S4_PHIGH_KHIGH_AE4NA20_P2_H1_B00__share_0.30,share_0.30,BOUND_INCOMPATIBILITY; NOT_RANK_DEFICIENCY; NOT_NUMERICAL_FAILURE,False,NOT_ELIGIBLE,False,,0.7097266525480131,N_ABS_NKCC_S4_PHIGH_KHIGH_AE4NA20_P2_H1:B00,AE4NA20,NOT_EVALUATED_FIXED_WT_INFEASIBLE,0.3,,,INFEASIBLE_NEGATIVE_REQUIRED_K_FLUX,
,,,,,,,,,,,,21.890161565182826,,0.5,N_ABS_NKCC_S4_PHIGH_KHIGH_AE4NA20_P2_H1_B00__share_0.30,share_0.30,BOUND_INCOMPATIBILITY; NOT_RANK_DEFICIENCY; NOT_NUMERICAL_FAILURE,False,NOT_ELIGIBLE,False,,0.7097266525480131,N_ABS_NKCC_S4_PHIGH_KHIGH_AE4NA20_P2_H1:B00,AE4NA20,NOT_EVALUATED_FIXED_WT_INFEASIBLE,0.3,,,INFEASIBLE_NEGATIVE_REQUIRED_K_FLUX,
-0.13926668744988047,-0.0012546122826018191,-0.14052129973248229,1.0012546122826018,1.1405212997324823,0.0,Frozen validated matched ratio; no new AE2 trajectory,results/14_scale_free_genotype_holdout/ae2_null_blind_predictions.csv,01cd368c42eda486e95cf9ce74c6c84e5d7c303090305a30706874f6972a2b8a,results/14B_five_percent_ae4_check/trajectories/N_ABS_NKCC_S4_PHIGH_KLOW_AE4NA05_P1_H1_B00_ca0.10_AE4_5pct_production_radau.json,e555ae358032e6b05befb60477433ba97dbe8ad1f2ecb5041e90b05007bbff82,0.8417683443817963,1.0,0.05,0.1,N_ABS_NKCC_S4_PHIGH_KLOW_AE4NA05_P1_H1_B00__inherited_baseline,inherited_baseline,,True,COMPLETE,False,True,1.0,N_ABS_NKCC_S4_PHIGH_KLOW_AE4NA05_P1_H1:B00,AE4NA05,BASELINE_HASH_VALID_REUSE,,results/14_scale_free_genotype_holdout/trajectories/N_ABS_NKCC_S4_PHIGH_KLOW_AE4NA05_P1_H1_B00_ca0.10_WT_production_radau.json,d9ef71633c1fb1bfcbea3133679305ede63048eca679cce4070674d01c2b8b45,FIXED_WT_FEASIBLE,0.7380557860508516
-0.17847815800319466,-0.0014364724001827422,-0.1799146304033774,1.0014364724001827,1.1799146304033774,0.0,Frozen validated matched ratio; no new AE2 trajectory,results/14_scale_free_genotype_holdout/ae2_null_blind_predictions.csv,01cd368c42eda486e95cf9ce74c6c84e5d7c303090305a30706874f6972a2b8a,results/14B_five_percent_ae4_check/trajectories/N_ABS_NKCC_S4_PHIGH_KLOW_AE4NA05_P1_H1_B00_ca0.25_AE4_5pct_production_radau.json,1e760938b0306ce90d5aea58e47b464adaf6c10fc564326d5d7359e0259b76b8,0.9903269620761913,1.0,0.05,0.25,N_ABS_NKCC_S4_PHIGH_KLOW_AE4NA05_P1_H1_B00__inherited_baseline,inherited_baseline,,True,COMPLETE,False,True,1.0,N_ABS_NKCC_S4_PHIGH_KLOW_AE4NA05_P1_H1:B00,AE4NA05,BASELINE_HASH_VALID_REUSE,,results/14_scale_free_genotype_holdout/trajectories/N_ABS_NKCC_S4_PHIGH_KLOW_AE4NA05_P1_H1_B00_ca0.25_WT_production_radau.json,fc8e5d6ec7a311b3a3bedf0466239635187f8ee876c0b1c943ae258976fe94c1,FIXED_WT_FEASIBLE,0.8393208597961263
-0.19049063991467263,-0.00148881518450672,-0.19197945509917935,1.0014888151845067,1.1919794550991794,0.0,Frozen validated matched ratio; no new AE2 trajectory,results/14_scale_free_genotype_holdout/ae2_null_blind_predictions.csv,01cd368c42eda486e95cf9ce74c6c84e5d7c303090305a30706874f6972a2b8a,results/14B_five_percent_ae4_check/trajectories/N_ABS_NKCC_S4_PHIGH_KLOW_AE4NA05_P1_H1_B00_ca0.50_AE4_5pct_production_radau.json,b076af6a24984f47228b0fbf7edd9814facd990d888331778e85135f3963472a,1.034394957049368,1.0,0.05,0.5,N_ABS_NKCC_S4_PHIGH_KLOW_AE4NA05_P1_H1_B00__inherited_baseline,inherited_baseline,,True,COMPLETE,False,True,1.0,N_ABS_NKCC_S4_PHIGH_KLOW_AE4NA05_P1_H1:B00,AE4NA05,BASELINE_HASH_VALID_REUSE,,results/14_scale_free_genotype_holdout/trajectories/N_ABS_NKCC_S4_PHIGH_KLOW_AE4NA05_P1_H1_B00_ca0.50_WT_production_radau.json,e6ebb85c96b47551ceedd7210dfeee76db4ecc4b800eab8afec5aed7c6ebf2fd,FIXED_WT_FEASIBLE,0.8677959612678899
,,,,,,,,,,,,5.58673851209262,,0.1,N_ABS_NKCC_S4_PHIGH_KLOW_AE4NA05_P1_H1_B00__share_0.10,share_0.10,BOUND_INCOMPATIBILITY; NOT_RANK_DEFICIENCY; NOT_NUMERICAL_FAILURE,False,NOT_ELIGIBLE,False,,0.9164031873947779,N_ABS_NKCC_S4_PHIGH_KLOW_AE4NA05_P1_H1:B00,AE4NA05,NOT_EVALUATED_FIXED_WT_INFEASIBLE,0.1,,,INFEASIBLE_NATIVE_K_SOURCE_BOUND,
,,,,,,,,,,,,5.58673851209262,,0.25,N_ABS_NKCC_S4_PHIGH_KLOW_AE4NA05_P1_H1_B00__share_0.10,share_0.10,BOUND_INCOMPATIBILITY; NOT_RANK_DEFICIENCY; NOT_NUMERICAL_FAILURE,False,NOT_ELIGIBLE,False,,0.9164031873947779,N_ABS_NKCC_S4_PHIGH_KLOW_AE4NA05_P1_H1:B00,AE4NA05,NOT_EVALUATED_FIXED_WT_INFEASIBLE,0.1,,,INFEASIBLE_NATIVE_K_SOURCE_BOUND,
,,,,,,,,,,,,5.58673851209262,,0.5,N_ABS_NKCC_S4_PHIGH_KLOW_AE4NA05_P1_H1_B00__share_0.10,share_0.10,BOUND_INCOMPATIBILITY; NOT_RANK_DEFICIENCY; NOT_NUMERICAL_FAILURE,False,NOT_ELIGIBLE,False,,0.9164031873947779,N_ABS_NKCC_S4_PHIGH_KLOW_AE4NA05_P1_H1:B00,AE4NA05,NOT_EVALUATED_FIXED_WT_INFEASIBLE,0.1,,,INFEASIBLE_NATIVE_K_SOURCE_BOUND,
,,,,,,,,,,,,16.760215536277858,,0.1,N_ABS_NKCC_S4_PHIGH_KLOW_AE4NA05_P1_H1_B00__share_0.30,share_0.30,BOUND_INCOMPATIBILITY; NOT_RANK_DEFICIENCY; NOT_NUMERICAL_FAILURE,False,NOT_ELIGIBLE,False,,0.7127580346403827,N_ABS_NKCC_S4_PHIGH_KLOW_AE4NA05_P1_H1:B00,AE4NA05,NOT_EVALUATED_FIXED_WT_INFEASIBLE,0.3,,,INFEASIBLE_NEGATIVE_REQUIRED_K_FLUX,
,,,,,,,,,,,,16.760215536277858,,0.25,N_ABS_NKCC_S4_PHIGH_KLOW_AE4NA05_P1_H1_B00__share_0.30,share_0.30,BOUND_INCOMPATIBILITY; NOT_RANK_DEFICIENCY; NOT_NUMERICAL_FAILURE,False,NOT_ELIGIBLE,False,,0.7127580346403827,N_ABS_NKCC_S4_PHIGH_KLOW_AE4NA05_P1_H1:B00,AE4NA05,NOT_EVALUATED_FIXED_WT_INFEASIBLE,0.3,,,INFEASIBLE_NEGATIVE_REQUIRED_K_FLUX,
,,,,,,,,,,,,16.760215536277858,,0.5,N_ABS_NKCC_S4_PHIGH_KLOW_AE4NA05_P1_H1_B00__share_0.30,share_0.30,BOUND_INCOMPATIBILITY; NOT_RANK_DEFICIENCY; NOT_NUMERICAL_FAILURE,False,NOT_ELIGIBLE,False,,0.7127580346403827,N_ABS_NKCC_S4_PHIGH_KLOW_AE4NA05_P1_H1:B00,AE4NA05,NOT_EVALUATED_FIXED_WT_INFEASIBLE,0.3,,,INFEASIBLE_NEGATIVE_REQUIRED_K_FLUX,
-0.0819689669745054,-0.0003179501472343471,-0.08228691712173974,1.0003179501472343,1.0822869171217397,0.0,Frozen validated matched ratio; no new AE2 trajectory,results/14_scale_free_genotype_holdout/ae2_null_blind_predictions.csv,01cd368c42eda486e95cf9ce74c6c84e5d7c303090305a30706874f6972a2b8a,results/14B_five_percent_ae4_check/trajectories/N_ABS_NKCC_S4_PHIGH_KLOW_AE4NA20_P2_H1_B00_ca0.10_AE4_5pct_production_radau.json,5bfc461d87ba94d5b14a21d7e707dfe707404cc772fe1d3a3df1c05e75b08bbf,0.9609500186890377,1.0,0.05,0.1,N_ABS_NKCC_S4_PHIGH_KLOW_AE4NA20_P2_H1_B00__inherited_baseline,inherited_baseline,,True,COMPLETE,False,True,1.0,N_ABS_NKCC_S4_PHIGH_KLOW_AE4NA20_P2_H1:B00,AE4NA20,BASELINE_HASH_VALID_REUSE,,results/14_scale_free_genotype_holdout/trajectories/N_ABS_NKCC_S4_PHIGH_KLOW_AE4NA20_P2_H1_B00_ca0.10_WT_production_radau.json,b512d6165c01fe00c4a4cb2c7c24f32f8ada9019a35c071157b9fad1059141a6,FIXED_WT_FEASIBLE,0.8878884180219158
-0.14503685344485873,-0.000392643527121983,-0.1454294969719807,1.000392643527122,1.1454294969719807,0.0,Frozen validated matched ratio; no new AE2 trajectory,results/14_scale_free_genotype_holdout/ae2_null_blind_predictions.csv,01cd368c42eda486e95cf9ce74c6c84e5d7c303090305a30706874f6972a2b8a,results/14B_five_percent_ae4_check/trajectories/N_ABS_NKCC_S4_PHIGH_KLOW_AE4NA20_P2_H1_B00_ca0.25_AE4_5pct_production_radau.json,517002a60de5171b4883946a9d432ede67422bfe26ba304917fe1463a6e76194,1.1715851322063742,1.0,0.05,0.25,N_ABS_NKCC_S4_PHIGH_KLOW_AE4NA20_P2_H1_B00__inherited_baseline,inherited_baseline,,True,COMPLETE,False,True,1.0,N_ABS_NKCC_S4_PHIGH_KLOW_AE4NA20_P2_H1:B00,AE4NA20,BASELINE_HASH_VALID_REUSE,,results/14_scale_free_genotype_holdout/trajectories/N_ABS_NKCC_S4_PHIGH_KLOW_AE4NA20_P2_H1_B00_ca0.25_WT_production_radau.json,2153a81fec3b635587cff81ba0e91b79ec5995df2689eb3dce1b1cf0673f563f,FIXED_WT_FEASIBLE,1.0228347840731686
-0.1665518503968273,-0.00041646420393726125,-0.16696831460076456,1.0004164642039373,1.1669683146007646,0.0,Frozen validated matched ratio; no new AE2 trajectory,results/14_scale_free_genotype_holdout/ae2_null_blind_predictions.csv,01cd368c42eda486e95cf9ce74c6c84e5d7c303090305a30706874f6972a2b8a,results/14B_five_percent_ae4_check/trajectories/N_ABS_NKCC_S4_PHIGH_KLOW_AE4NA20_P2_H1_B00_ca0.50_AE4_5pct_production_radau.json,1fbbf9a1a17ed796bfbfa71796d41fbe0e09d71477bacbd3e6ac72eb27ff8441,1.2421550665997492,1.0,0.05,0.5,N_ABS_NKCC_S4_PHIGH_KLOW_AE4NA20_P2_H1_B00__inherited_baseline,inherited_baseline,,True,COMPLETE,False,True,1.0,N_ABS_NKCC_S4_PHIGH_KLOW_AE4NA20_P2_H1:B00,AE4NA20,BASELINE_HASH_VALID_REUSE,,results/14_scale_free_genotype_holdout/trajectories/N_ABS_NKCC_S4_PHIGH_KLOW_AE4NA20_P2_H1_B00_ca0.50_WT_production_radau.json,a36ec3c2470adf2f917e7f46c5443be6da99d8508fca76f2222bee8893655e49,FIXED_WT_FEASIBLE,1.0644291289302974
,,,,,,,,,,,,7.378533896987566,,0.1,N_ABS_NKCC_S4_PHIGH_KLOW_AE4NA20_P2_H1_B00__share_0.10,share_0.10,BOUND_INCOMPATIBILITY; NOT_RANK_DEFICIENCY; NOT_NUMERICAL_FAILURE,False,NOT_ELIGIBLE,False,,0.9123651275481797,N_ABS_NKCC_S4_PHIGH_KLOW_AE4NA20_P2_H1:B00,AE4NA20,NOT_EVALUATED_FIXED_WT_INFEASIBLE,0.1,,,INFEASIBLE_NEGATIVE_REQUIRED_K_FLUX,
,,,,,,,,,,,,7.378533896987566,,0.25,N_ABS_NKCC_S4_PHIGH_KLOW_AE4NA20_P2_H1_B00__share_0.10,share_0.10,BOUND_INCOMPATIBILITY; NOT_RANK_DEFICIENCY; NOT_NUMERICAL_FAILURE,False,NOT_ELIGIBLE,False,,0.9123651275481797,N_ABS_NKCC_S4_PHIGH_KLOW_AE4NA20_P2_H1:B00,AE4NA20,NOT_EVALUATED_FIXED_WT_INFEASIBLE,0.1,,,INFEASIBLE_NEGATIVE_REQUIRED_K_FLUX,
,,,,,,,,,,,,7.378533896987566,,0.5,N_ABS_NKCC_S4_PHIGH_KLOW_AE4NA20_P2_H1_B00__share_0.10,share_0.10,BOUND_INCOMPATIBILITY; NOT_RANK_DEFICIENCY; NOT_NUMERICAL_FAILURE,False,NOT_ELIGIBLE,False,,0.9123651275481797,N_ABS_NKCC_S4_PHIGH_KLOW_AE4NA20_P2_H1:B00,AE4NA20,NOT_EVALUATED_FIXED_WT_INFEASIBLE,0.1,,,INFEASIBLE_NEGATIVE_REQUIRED_K_FLUX,
,,,,,,,,,,,,22.135601690962698,,0.1,N_ABS_NKCC_S4_PHIGH_KLOW_AE4NA20_P2_H1_B00__share_0.30,share_0.30,BOUND_INCOMPATIBILITY; NOT_RANK_DEFICIENCY; NOT_NUMERICAL_FAILURE,False,NOT_ELIGIBLE,False,,0.709617321426362,N_ABS_NKCC_S4_PHIGH_KLOW_AE4NA20_P2_H1:B00,AE4NA20,NOT_EVALUATED_FIXED_WT_INFEASIBLE,0.3,,,INFEASIBLE_NEGATIVE_REQUIRED_K_FLUX,
,,,,,,,,,,,,22.135601690962698,,0.25,N_ABS_NKCC_S4_PHIGH_KLOW_AE4NA20_P2_H1_B00__share_0.30,share_0.30,BOUND_INCOMPATIBILITY; NOT_RANK_DEFICIENCY; NOT_NUMERICAL_FAILURE,False,NOT_ELIGIBLE,False,,0.709617321426362,N_ABS_NKCC_S4_PHIGH_KLOW_AE4NA20_P2_H1:B00,AE4NA20,NOT_EVALUATED_FIXED_WT_INFEASIBLE,0.3,,,INFEASIBLE_NEGATIVE_REQUIRED_K_FLUX,
,,,,,,,,,,,,22.135601690962698,,0.5,N_ABS_NKCC_S4_PHIGH_KLOW_AE4NA20_P2_H1_B00__share_0.30,share_0.30,BOUND_INCOMPATIBILITY; NOT_RANK_DEFICIENCY; NOT_NUMERICAL_FAILURE,False,NOT_ELIGIBLE,False,,0.709617321426362,N_ABS_NKCC_S4_PHIGH_KLOW_AE4NA20_P2_H1:B00,AE4NA20,NOT_EVALUATED_FIXED_WT_INFEASIBLE,0.3,,,INFEASIBLE_NEGATIVE_REQUIRED_K_FLUX,
-0.16178777396748822,-0.0013919277856357937,-0.16317970175312402,1.0013919277856358,1.163179701753124,0.0,Frozen validated matched ratio; no new AE2 trajectory,results/14_scale_free_genotype_holdout/ae2_null_blind_predictions.csv,01cd368c42eda486e95cf9ce74c6c84e5d7c303090305a30706874f6972a2b8a,results/14B_five_percent_ae4_check/trajectories/N_ABS_NKCC_S4_PLOW_KHIGH_AE4NA05_P1_H1_B00_ca0.10_AE4_5pct_production_radau.json,6d995519040be28c044dd8d32d1d88ce147c6307cb10131d6a1fd4d73af0dca3,0.8367580788124779,1.0,0.05,0.1,N_ABS_NKCC_S4_PLOW_KHIGH_AE4NA05_P1_H1_B00__inherited_baseline,inherited_baseline,,True,COMPLETE,False,True,1.0,N_ABS_NKCC_S4_PLOW_KHIGH_AE4NA05_P1_H1:B00,AE4NA05,BASELINE_HASH_VALID_REUSE,,results/14_scale_free_genotype_holdout/trajectories/N_ABS_NKCC_S4_PLOW_KHIGH_AE4NA05_P1_H1_B00_ca0.10_WT_production_radau.json,8d5ba95fd69a8e9f42d43693dfe8fae29d246e291a640125b0d6fbe4d04210f1,FIXED_WT_FEASIBLE,0.7193712867851209
-0.2011543229489079,-0.0015598183303151547,-0.20271414127922305,1.0015598183303152,1.202714141279223,0.0,Frozen validated matched ratio; no new AE2 trajectory,results/14_scale_free_genotype_holdout/ae2_null_blind_predictions.csv,01cd368c42eda486e95cf9ce74c6c84e5d7c303090305a30706874f6972a2b8a,results/14B_five_percent_ae4_check/trajectories/N_ABS_NKCC_S4_PLOW_KHIGH_AE4NA05_P1_H1_B00_ca0.25_AE4_5pct_production_radau.json,7918090941054769c027631e52af2e46f2349b046749da4b96dee85a6f3b1197,0.9863302450769835,1.0,0.05,0.25,N_ABS_NKCC_S4_PLOW_KHIGH_AE4NA05_P1_H1_B00__inherited_baseline,inherited_baseline,,True,COMPLETE,False,True,1.0,N_ABS_NKCC_S4_PLOW_KHIGH_AE4NA05_P1_H1:B00,AE4NA05,BASELINE_HASH_VALID_REUSE,,results/14_scale_free_genotype_holdout/trajectories/N_ABS_NKCC_S4_PLOW_KHIGH_AE4NA05_P1_H1_B00_ca0.25_WT_production_radau.json,26e68f6d9da98f211525901d5d163909924b18f48eca96ad71bba129280fdcb1,FIXED_WT_FEASIBLE,0.8200870108901432
-0.21170438428793337,-0.00160080127286788,-0.21330518556080125,1.0016008012728679,1.2133051855608012,0.0,Frozen validated matched ratio; no new AE2 trajectory,results/14_scale_free_genotype_holdout/ae2_null_blind_predictions.csv,01cd368c42eda486e95cf9ce74c6c84e5d7c303090305a30706874f6972a2b8a,results/14B_five_percent_ae4_check/trajectories/N_ABS_NKCC_S4_PLOW_KHIGH_AE4NA05_P1_H1_B00_ca0.50_AE4_5pct_production_radau.json,aaa4bcd778f0777472ebb49ab6497211bad13029c23d17cef11435b7c61e1627,1.028337074478457,1.0,0.05,0.5,N_ABS_NKCC_S4_PLOW_KHIGH_AE4NA05_P1_H1_B00__inherited_baseline,inherited_baseline,,True,COMPLETE,False,True,1.0,N_ABS_NKCC_S4_PLOW_KHIGH_AE4NA05_P1_H1:B00,AE4NA05,BASELINE_HASH_VALID_REUSE,,results/14_scale_free_genotype_holdout/trajectories/N_ABS_NKCC_S4_PLOW_KHIGH_AE4NA05_P1_H1_B00_ca0.50_WT_production_radau.json,cc2dc4369b93adf0f493d07f7a77de57e55e262dee6dd9e23861f8d95fc5d524,FIXED_WT_FEASIBLE,0.8475502179636278
,,,,,,,,,,,,5.352612409873589,,0.1,N_ABS_NKCC_S4_PLOW_KHIGH_AE4NA05_P1_H1_B00__share_0.10,share_0.10,BOUND_INCOMPATIBILITY; NOT_RANK_DEFICIENCY; NOT_NUMERICAL_FAILURE,False,NOT_ELIGIBLE,False,,0.9171343310674938,N_ABS_NKCC_S4_PLOW_KHIGH_AE4NA05_P1_H1:B00,AE4NA05,NOT_EVALUATED_FIXED_WT_INFEASIBLE,0.1,,,INFEASIBLE_NATIVE_K_SOURCE_BOUND,
,,,,,,,,,,,,5.352612409873589,,0.25,N_ABS_NKCC_S4_PLOW_KHIGH_AE4NA05_P1_H1_B00__share_0.10,share_0.10,BOUND_INCOMPATIBILITY; NOT_RANK_DEFICIENCY; NOT_NUMERICAL_FAILURE,False,NOT_ELIGIBLE,False,,0.9171343310674938,N_ABS_NKCC_S4_PLOW_KHIGH_AE4NA05_P1_H1:B00,AE4NA05,NOT_EVALUATED_FIXED_WT_INFEASIBLE,0.1,,,INFEASIBLE_NATIVE_K_SOURCE_BOUND,
,,,,,,,,,,,,5.352612409873589,,0.5,N_ABS_NKCC_S4_PLOW_KHIGH_AE4NA05_P1_H1_B00__share_0.10,share_0.10,BOUND_INCOMPATIBILITY; NOT_RANK_DEFICIENCY; NOT_NUMERICAL_FAILURE,False,NOT_ELIGIBLE,False,,0.9171343310674938,N_ABS_NKCC_S4_PLOW_KHIGH_AE4NA05_P1_H1:B00,AE4NA05,NOT_EVALUATED_FIXED_WT_INFEASIBLE,0.1,,,INFEASIBLE_NATIVE_K_SOURCE_BOUND,
,,,,,,,,,,,,16.057837229620766,,0.1,N_ABS_NKCC_S4_PLOW_KHIGH_AE4NA05_P1_H1_B00__share_0.30,share_0.30,BOUND_INCOMPATIBILITY; NOT_RANK_DEFICIENCY; NOT_NUMERICAL_FAILURE,False,NOT_ELIGIBLE,False,,0.7133267019413839,N_ABS_NKCC_S4_PLOW_KHIGH_AE4NA05_P1_H1:B00,AE4NA05,NOT_EVALUATED_FIXED_WT_INFEASIBLE,0.3,,,INFEASIBLE_NEGATIVE_REQUIRED_K_FLUX,
,,,,,,,,,,,,16.057837229620766,,0.25,N_ABS_NKCC_S4_PLOW_KHIGH_AE4NA05_P1_H1_B00__share_0.30,share_0.30,BOUND_INCOMPATIBILITY; NOT_RANK_DEFICIENCY; NOT_NUMERICAL_FAILURE,False,NOT_ELIGIBLE,False,,0.7133267019413839,N_ABS_NKCC_S4_PLOW_KHIGH_AE4NA05_P1_H1:B00,AE4NA05,NOT_EVALUATED_FIXED_WT_INFEASIBLE,0.3,,,INFEASIBLE_NEGATIVE_REQUIRED_K_FLUX,
,,,,,,,,,,,,16.057837229620766,,0.5,N_ABS_NKCC_S4_PLOW_KHIGH_AE4NA05_P1_H1_B00__share_0.30,share_0.30,BOUND_INCOMPATIBILITY; NOT_RANK_DEFICIENCY; NOT_NUMERICAL_FAILURE,False,NOT_ELIGIBLE,False,,0.7133267019413839,N_ABS_NKCC_S4_PLOW_KHIGH_AE4NA05_P1_H1:B00,AE4NA05,NOT_EVALUATED_FIXED_WT_INFEASIBLE,0.3,,,INFEASIBLE_NEGATIVE_REQUIRED_K_FLUX,
-0.12454612577750979,-0.00038676150747285476,-0.12493288728498264,1.0003867615074729,1.1249328872849826,0.0,Frozen validated matched ratio; no new AE2 trajectory,results/14_scale_free_genotype_holdout/ae2_null_blind_predictions.csv,01cd368c42eda486e95cf9ce74c6c84e5d7c303090305a30706874f6972a2b8a,results/14B_five_percent_ae4_check/trajectories/N_ABS_NKCC_S4_PLOW_KHIGH_AE4NA20_P2_H1_B00_ca0.10_AE4_5pct_production_radau.json,6d64c31fa7f6233e18a0525e15f37953aaae222e56bf8d977b2eecffa5a10961,0.9641639480017462,1.0,0.05,0.1,N_ABS_NKCC_S4_PLOW_KHIGH_AE4NA20_P2_H1_B00__inherited_baseline,inherited_baseline,,True,COMPLETE,False,True,1.0,N_ABS_NKCC_S4_PLOW_KHIGH_AE4NA20_P2_H1:B00,AE4NA20,BASELINE_HASH_VALID_REUSE,,results/14_scale_free_genotype_holdout/trajectories/N_ABS_NKCC_S4_PLOW_KHIGH_AE4NA20_P2_H1_B00_ca0.10_WT_production_radau.json,1580006faca77e5c44730a82b9aa742c3efb10178480293523babcbc968b1171,FIXED_WT_FEASIBLE,0.8570857505364154
-0.19468638440216957,-0.00046156864678570386,-0.19514795304895527,1.0004615686467857,1.1951479530489553,0.0,Frozen validated matched ratio; no new AE2 trajectory,results/14_scale_free_genotype_holdout/ae2_null_blind_predictions.csv,01cd368c42eda486e95cf9ce74c6c84e5d7c303090305a30706874f6972a2b8a,results/14B_five_percent_ae4_check/trajectories/N_ABS_NKCC_S4_PLOW_KHIGH_AE4NA20_P2_H1_B00_ca0.25_AE4_5pct_production_radau.json,8df452b3d79e07c03a7d25edd3c035bb75fa63a66bcb32531b25455816c6a5fb,1.1778465243265066,1.0,0.05,0.25,N_ABS_NKCC_S4_PLOW_KHIGH_AE4NA20_P2_H1_B00__inherited_baseline,inherited_baseline,,True,COMPLETE,False,True,1.0,N_ABS_NKCC_S4_PLOW_KHIGH_AE4NA20_P2_H1:B00,AE4NA20,BASELINE_HASH_VALID_REUSE,,results/14_scale_free_genotype_holdout/trajectories/N_ABS_NKCC_S4_PLOW_KHIGH_AE4NA20_P2_H1_B00_ca0.25_WT_production_radau.json,025c88e81f371501969ae8a8b947e3e74d0fe9562671aa4c4b4ae9dac3a3e0bb,FIXED_WT_FEASIBLE,0.9855236092917946
-0.21614796611598375,-0.00048210479306431964,-0.21663007090904807,1.0004821047930643,1.216630070909048,0.0,Frozen validated matched ratio; no new AE2 trajectory,results/14_scale_free_genotype_holdout/ae2_null_blind_predictions.csv,01cd368c42eda486e95cf9ce74c6c84e5d7c303090305a30706874f6972a2b8a,results/14B_five_percent_ae4_check/trajectories/N_ABS_NKCC_S4_PLOW_KHIGH_AE4NA20_P2_H1_B00_ca0.50_AE4_5pct_production_radau.json,0aeeee757cdf9092d9471179bc9ae46048be93c5b6d314b5f6e7d8ec14ec6bbf,1.2442768841489513,1.0,0.05,0.5,N_ABS_NKCC_S4_PLOW_KHIGH_AE4NA20_P2_H1_B00__inherited_baseline,inherited_baseline,,True,COMPLETE,False,True,1.0,N_ABS_NKCC_S4_PLOW_KHIGH_AE4NA20_P2_H1:B00,AE4NA20,BASELINE_HASH_VALID_REUSE,,results/14_scale_free_genotype_holdout/trajectories/N_ABS_NKCC_S4_PLOW_KHIGH_AE4NA20_P2_H1_B00_ca0.50_WT_production_radau.json,ce814e162d2f653f9ef846eaa45fd424404faecaaf7266b07ac4d9286e93dc94,FIXED_WT_FEASIBLE,1.022724091653633
,,,,,,,,,,,,7.079233570748662,,0.1,N_ABS_NKCC_S4_PLOW_KHIGH_AE4NA20_P2_H1_B00__share_0.10,share_0.10,BOUND_INCOMPATIBILITY; NOT_RANK_DEFICIENCY; NOT_NUMERICAL_FAILURE,False,NOT_ELIGIBLE,False,,0.912895398769459,N_ABS_NKCC_S4_PLOW_KHIGH_AE4NA20_P2_H1:B00,AE4NA20,NOT_EVALUATED_FIXED_WT_INFEASIBLE,0.1,,,INFEASIBLE_NEGATIVE_REQUIRED_K_FLUX,
,,,,,,,,,,,,7.079233570748662,,0.25,N_ABS_NKCC_S4_PLOW_KHIGH_AE4NA20_P2_H1_B00__share_0.10,share_0.10,BOUND_INCOMPATIBILITY; NOT_RANK_DEFICIENCY; NOT_NUMERICAL_FAILURE,False,NOT_ELIGIBLE,False,,0.912895398769459,N_ABS_NKCC_S4_PLOW_KHIGH_AE4NA20_P2_H1:B00,AE4NA20,NOT_EVALUATED_FIXED_WT_INFEASIBLE,0.1,,,INFEASIBLE_NEGATIVE_REQUIRED_K_FLUX,
,,,,,,,,,,,,7.079233570748662,,0.5,N_ABS_NKCC_S4_PLOW_KHIGH_AE4NA20_P2_H1_B00__share_0.10,share_0.10,BOUND_INCOMPATIBILITY; NOT_RANK_DEFICIENCY; NOT_NUMERICAL_FAILURE,False,NOT_ELIGIBLE,False,,0.912895398769459,N_ABS_NKCC_S4_PLOW_KHIGH_AE4NA20_P2_H1:B00,AE4NA20,NOT_EVALUATED_FIXED_WT_INFEASIBLE,0.1,,,INFEASIBLE_NEGATIVE_REQUIRED_K_FLUX,
,,,,,,,,,,,,21.237700712245985,,0.1,N_ABS_NKCC_S4_PLOW_KHIGH_AE4NA20_P2_H1_B00__share_0.30,share_0.30,BOUND_INCOMPATIBILITY; NOT_RANK_DEFICIENCY; NOT_NUMERICAL_FAILURE,False,NOT_ELIGIBLE,False,,0.7100297545984682,N_ABS_NKCC_S4_PLOW_KHIGH_AE4NA20_P2_H1:B00,AE4NA20,NOT_EVALUATED_FIXED_WT_INFEASIBLE,0.3,,,INFEASIBLE_NEGATIVE_REQUIRED_K_FLUX,
,,,,,,,,,,,,21.237700712245985,,0.25,N_ABS_NKCC_S4_PLOW_KHIGH_AE4NA20_P2_H1_B00__share_0.30,share_0.30,BOUND_INCOMPATIBILITY; NOT_RANK_DEFICIENCY; NOT_NUMERICAL_FAILURE,False,NOT_ELIGIBLE,False,,0.7100297545984682,N_ABS_NKCC_S4_PLOW_KHIGH_AE4NA20_P2_H1:B00,AE4NA20,NOT_EVALUATED_FIXED_WT_INFEASIBLE,0.3,,,INFEASIBLE_NEGATIVE_REQUIRED_K_FLUX,
,,,,,,,,,,,,21.237700712245985,,0.5,N_ABS_NKCC_S4_PLOW_KHIGH_AE4NA20_P2_H1_B00__share_0.30,share_0.30,BOUND_INCOMPATIBILITY; NOT_RANK_DEFICIENCY; NOT_NUMERICAL_FAILURE,False,NOT_ELIGIBLE,False,,0.7100297545984682,N_ABS_NKCC_S4_PLOW_KHIGH_AE4NA20_P2_H1:B00,AE4NA20,NOT_EVALUATED_FIXED_WT_INFEASIBLE,0.3,,,INFEASIBLE_NEGATIVE_REQUIRED_K_FLUX,
-0.1505322039289545,-0.0013223665626935777,-0.15185457049164808,1.0013223665626936,1.151854570491648,0.0,Frozen validated matched ratio; no new AE2 trajectory,results/14_scale_free_genotype_holdout/ae2_null_blind_predictions.csv,01cd368c42eda486e95cf9ce74c6c84e5d7c303090305a30706874f6972a2b8a,results/14B_five_percent_ae4_check/trajectories/N_ABS_NKCC_S4_PLOW_KLOW_AE4NA05_P1_H1_B00_ca0.10_AE4_5pct_production_radau.json,21ed2bc4d37dad9cb64a21fa95203dcd863c5e4b73c0dc73231686438dffc594,0.8228988086030503,1.0,0.05,0.1,N_ABS_NKCC_S4_PLOW_KLOW_AE4NA05_P1_H1_B00__inherited_baseline,inherited_baseline,,True,COMPLETE,False,True,1.0,N_ABS_NKCC_S4_PLOW_KLOW_AE4NA05_P1_H1:B00,AE4NA05,BASELINE_HASH_VALID_REUSE,,results/14_scale_free_genotype_holdout/trajectories/N_ABS_NKCC_S4_PLOW_KLOW_AE4NA05_P1_H1_B00_ca0.10_WT_production_radau.json,fd7a00ce553e6be6a14b46e0565b4b0a9c1421a34fe74b558be73f984a3784ec,FIXED_WT_FEASIBLE,0.7144120704854355
-0.1891370925504159,-0.0015020287739817562,-0.19063912132439764,1.0015020287739818,1.1906391213243976,0.0,Frozen validated matched ratio; no new AE2 trajectory,results/14_scale_free_genotype_holdout/ae2_null_blind_predictions.csv,01cd368c42eda486e95cf9ce74c6c84e5d7c303090305a30706874f6972a2b8a,results/14B_five_percent_ae4_check/trajectories/N_ABS_NKCC_S4_PLOW_KLOW_AE4NA05_P1_H1_B00_ca0.25_AE4_5pct_production_radau.json,ad2b4851c1fc0d56f3f70af181fd7c04ffb74d8fbd86923b2c2258460eccc137,0.96811099267389,1.0,0.05,0.25,N_ABS_NKCC_S4_PLOW_KLOW_AE4NA05_P1_H1_B00__inherited_baseline,inherited_baseline,,True,COMPLETE,False,True,1.0,N_ABS_NKCC_S4_PLOW_KLOW_AE4NA05_P1_H1:B00,AE4NA05,BASELINE_HASH_VALID_REUSE,,results/14_scale_free_genotype_holdout/trajectories/N_ABS_NKCC_S4_PLOW_KLOW_AE4NA05_P1_H1_B00_ca0.25_WT_production_radau.json,ad752f7ebdd8442eb41a5ee6bf65595a07f6bdaf87a1ce4009d885380baa1d00,FIXED_WT_FEASIBLE,0.8131019511579796
-0.2010090655165171,-0.0015538150778959814,-0.20256288059441308,1.001553815077896,1.202562880594413,0.0,Frozen validated matched ratio; no new AE2 trajectory,results/14_scale_free_genotype_holdout/ae2_null_blind_predictions.csv,01cd368c42eda486e95cf9ce74c6c84e5d7c303090305a30706874f6972a2b8a,results/14B_five_percent_ae4_check/trajectories/N_ABS_NKCC_S4_PLOW_KLOW_AE4NA05_P1_H1_B00_ca0.50_AE4_5pct_production_radau.json,834a715c05b9d12bbb6085d930c80e8e91a8d77d93a8221a65e03c90dc3e804c,1.0110139153060884,1.0,0.05,0.5,N_ABS_NKCC_S4_PLOW_KLOW_AE4NA05_P1_H1_B00__inherited_baseline,inherited_baseline,,True,COMPLETE,False,True,1.0,N_ABS_NKCC_S4_PLOW_KLOW_AE4NA05_P1_H1:B00,AE4NA05,BASELINE_HASH_VALID_REUSE,,results/14_scale_free_genotype_holdout/trajectories/N_ABS_NKCC_S4_PLOW_KLOW_AE4NA05_P1_H1_B00_ca0.50_WT_production_radau.json,c16507f2dba3ed380a1e7629ade0beedefa700f83164f56e2f3cedb89d547c59,FIXED_WT_FEASIBLE,0.8407160503792998
,,,,,,,,,,,,5.4929031900071585,,0.1,N_ABS_NKCC_S4_PLOW_KLOW_AE4NA05_P1_H1_B00__share_0.10,share_0.10,BOUND_INCOMPATIBILITY; NOT_RANK_DEFICIENCY; NOT_NUMERICAL_FAILURE,False,NOT_ELIGIBLE,False,,0.9166885992255093,N_ABS_NKCC_S4_PLOW_KLOW_AE4NA05_P1_H1:B00,AE4NA05,NOT_EVALUATED_FIXED_WT_INFEASIBLE,0.1,,,INFEASIBLE_NATIVE_K_SOURCE_BOUND,
,,,,,,,,,,,,5.4929031900071585,,0.25,N_ABS_NKCC_S4_PLOW_KLOW_AE4NA05_P1_H1_B00__share_0.10,share_0.10,BOUND_INCOMPATIBILITY; NOT_RANK_DEFICIENCY; NOT_NUMERICAL_FAILURE,False,NOT_ELIGIBLE,False,,0.9166885992255093,N_ABS_NKCC_S4_PLOW_KLOW_AE4NA05_P1_H1:B00,AE4NA05,NOT_EVALUATED_FIXED_WT_INFEASIBLE,0.1,,,INFEASIBLE_NATIVE_K_SOURCE_BOUND,
,,,,,,,,,,,,5.4929031900071585,,0.5,N_ABS_NKCC_S4_PLOW_KLOW_AE4NA05_P1_H1_B00__share_0.10,share_0.10,BOUND_INCOMPATIBILITY; NOT_RANK_DEFICIENCY; NOT_NUMERICAL_FAILURE,False,NOT_ELIGIBLE,False,,0.9166885992255093,N_ABS_NKCC_S4_PLOW_KLOW_AE4NA05_P1_H1:B00,AE4NA05,NOT_EVALUATED_FIXED_WT_INFEASIBLE,0.1,,,INFEASIBLE_NATIVE_K_SOURCE_BOUND,
,,,,,,,,,,,,16.478709570021472,,0.1,N_ABS_NKCC_S4_PLOW_KLOW_AE4NA05_P1_H1_B00__share_0.30,share_0.30,BOUND_INCOMPATIBILITY; NOT_RANK_DEFICIENCY; NOT_NUMERICAL_FAILURE,False,NOT_ELIGIBLE,False,,0.7129800216198404,N_ABS_NKCC_S4_PLOW_KLOW_AE4NA05_P1_H1:B00,AE4NA05,NOT_EVALUATED_FIXED_WT_INFEASIBLE,0.3,,,INFEASIBLE_NEGATIVE_REQUIRED_K_FLUX,
,,,,,,,,,,,,16.478709570021472,,0.25,N_ABS_NKCC_S4_PLOW_KLOW_AE4NA05_P1_H1_B00__share_0.30,share_0.30,BOUND_INCOMPATIBILITY; NOT_RANK_DEFICIENCY; NOT_NUMERICAL_FAILURE,False,NOT_ELIGIBLE,False,,0.7129800216198404,N_ABS_NKCC_S4_PLOW_KLOW_AE4NA05_P1_H1:B00,AE4NA05,NOT_EVALUATED_FIXED_WT_INFEASIBLE,0.3,,,INFEASIBLE_NEGATIVE_REQUIRED_K_FLUX,
,,,,,,,,,,,,16.478709570021472,,0.5,N_ABS_NKCC_S4_PLOW_KLOW_AE4NA05_P1_H1_B00__share_0.30,share_0.30,BOUND_INCOMPATIBILITY; NOT_RANK_DEFICIENCY; NOT_NUMERICAL_FAILURE,False,NOT_ELIGIBLE,False,,0.7129800216198404,N_ABS_NKCC_S4_PLOW_KLOW_AE4NA05_P1_H1:B00,AE4NA05,NOT_EVALUATED_FIXED_WT_INFEASIBLE,0.3,,,INFEASIBLE_NEGATIVE_REQUIRED_K_FLUX,
-0.11258760752803365,-0.00036090122216436704,-0.11294850875019802,1.0003609012221644,1.112948508750198,0.0,Frozen validated matched ratio; no new AE2 trajectory,results/14_scale_free_genotype_holdout/ae2_null_blind_predictions.csv,01cd368c42eda486e95cf9ce74c6c84e5d7c303090305a30706874f6972a2b8a,results/14B_five_percent_ae4_check/trajectories/N_ABS_NKCC_S4_PLOW_KLOW_AE4NA20_P2_H1_B00_ca0.10_AE4_5pct_production_radau.json,52c5cf5fb0b5cb66d64062657aa55161ff38dea4b117f8b1f53d4244cca83829,0.937536085494715,1.0,0.05,0.1,N_ABS_NKCC_S4_PLOW_KLOW_AE4NA20_P2_H1_B00__inherited_baseline,inherited_baseline,,True,COMPLETE,False,True,1.0,N_ABS_NKCC_S4_PLOW_KLOW_AE4NA20_P2_H1:B00,AE4NA20,BASELINE_HASH_VALID_REUSE,,results/14_scale_free_genotype_holdout/trajectories/N_ABS_NKCC_S4_PLOW_KLOW_AE4NA20_P2_H1_B00_ca0.10_WT_production_radau.json,38823cc04b0eb245249c7ca25d00a943eb9923034251da5ad18eae16e1ffaaf4,FIXED_WT_FEASIBLE,0.8423894529923357
-0.1760310423044078,-0.00043554200578377333,-0.17646658431019158,1.0004355420057838,1.1764665843101916,0.0,Frozen validated matched ratio; no new AE2 trajectory,results/14_scale_free_genotype_holdout/ae2_null_blind_predictions.csv,01cd368c42eda486e95cf9ce74c6c84e5d7c303090305a30706874f6972a2b8a,results/14B_five_percent_ae4_check/trajectories/N_ABS_NKCC_S4_PLOW_KLOW_AE4NA20_P2_H1_B00_ca0.25_AE4_5pct_production_radau.json,c63e66efea50503843633b86854b21c959439d4d7df1e17cb78ac0d195ae9a0b,1.1424044002402989,1.0,0.05,0.25,N_ABS_NKCC_S4_PLOW_KLOW_AE4NA20_P2_H1_B00__inherited_baseline,inherited_baseline,,True,COMPLETE,False,True,1.0,N_ABS_NKCC_S4_PLOW_KLOW_AE4NA20_P2_H1:B00,AE4NA20,BASELINE_HASH_VALID_REUSE,,results/14_scale_free_genotype_holdout/trajectories/N_ABS_NKCC_S4_PLOW_KLOW_AE4NA20_P2_H1_B00_ca0.25_WT_production_radau.json,3ef9fc2b214b6477e89fa8967499793c48c282d0d20cbebaaa2661beee3cb09e,FIXED_WT_FEASIBLE,0.9710470450039473
-0.1977666857014453,-0.00045947009440716613,-0.19822615579585245,1.0004594700944072,1.1982261557958525,0.0,Frozen validated matched ratio; no new AE2 trajectory,results/14_scale_free_genotype_holdout/ae2_null_blind_predictions.csv,01cd368c42eda486e95cf9ce74c6c84e5d7c303090305a30706874f6972a2b8a,results/14B_five_percent_ae4_check/trajectories/N_ABS_NKCC_S4_PLOW_KLOW_AE4NA20_P2_H1_B00_ca0.50_AE4_5pct_production_radau.json,795e7c9c50bab48a5bb096f734b4312341d67ce408c37c69ab0c9307eac763c1,1.2105908166440842,1.0,0.05,0.5,N_ABS_NKCC_S4_PLOW_KLOW_AE4NA20_P2_H1_B00__inherited_baseline,inherited_baseline,,True,COMPLETE,False,True,1.0,N_ABS_NKCC_S4_PLOW_KLOW_AE4NA20_P2_H1:B00,AE4NA20,BASELINE_HASH_VALID_REUSE,,results/14_scale_free_genotype_holdout/trajectories/N_ABS_NKCC_S4_PLOW_KLOW_AE4NA20_P2_H1_B00_ca0.50_WT_production_radau.json,c3ba185ef5d545cbbc98f5f329b04a9da90af45c69ef680d876379679fddfec6,FIXED_WT_FEASIBLE,1.01031913782588
,,,,,,,,,,,,7.181311420056143,,0.1,N_ABS_NKCC_S4_PLOW_KLOW_AE4NA20_P2_H1_B00__share_0.10,share_0.10,BOUND_INCOMPATIBILITY; NOT_RANK_DEFICIENCY; NOT_NUMERICAL_FAILURE,False,NOT_ELIGIBLE,False,,0.9127095102391763,N_ABS_NKCC_S4_PLOW_KLOW_AE4NA20_P2_H1:B00,AE4NA20,NOT_EVALUATED_FIXED_WT_INFEASIBLE,0.1,,,INFEASIBLE_NEGATIVE_REQUIRED_K_FLUX,
,,,,,,,,,,,,7.181311420056143,,0.25,N_ABS_NKCC_S4_PLOW_KLOW_AE4NA20_P2_H1_B00__share_0.10,share_0.10,BOUND_INCOMPATIBILITY; NOT_RANK_DEFICIENCY; NOT_NUMERICAL_FAILURE,False,NOT_ELIGIBLE,False,,0.9127095102391763,N_ABS_NKCC_S4_PLOW_KLOW_AE4NA20_P2_H1:B00,AE4NA20,NOT_EVALUATED_FIXED_WT_INFEASIBLE,0.1,,,INFEASIBLE_NEGATIVE_REQUIRED_K_FLUX,
,,,,,,,,,,,,7.181311420056143,,0.5,N_ABS_NKCC_S4_PLOW_KLOW_AE4NA20_P2_H1_B00__share_0.10,share_0.10,BOUND_INCOMPATIBILITY; NOT_RANK_DEFICIENCY; NOT_NUMERICAL_FAILURE,False,NOT_ELIGIBLE,False,,0.9127095102391763,N_ABS_NKCC_S4_PLOW_KLOW_AE4NA20_P2_H1:B00,AE4NA20,NOT_EVALUATED_FIXED_WT_INFEASIBLE,0.1,,,INFEASIBLE_NEGATIVE_REQUIRED_K_FLUX,
,,,,,,,,,,,,21.543934260168424,,0.1,N_ABS_NKCC_S4_PLOW_KLOW_AE4NA20_P2_H1_B00__share_0.30,share_0.30,BOUND_INCOMPATIBILITY; NOT_RANK_DEFICIENCY; NOT_NUMERICAL_FAILURE,False,NOT_ELIGIBLE,False,,0.7098851746304704,N_ABS_NKCC_S4_PLOW_KLOW_AE4NA20_P2_H1:B00,AE4NA20,NOT_EVALUATED_FIXED_WT_INFEASIBLE,0.3,,,INFEASIBLE_NEGATIVE_REQUIRED_K_FLUX,
,,,,,,,,,,,,21.543934260168424,,0.25,N_ABS_NKCC_S4_PLOW_KLOW_AE4NA20_P2_H1_B00__share_0.30,share_0.30,BOUND_INCOMPATIBILITY; NOT_RANK_DEFICIENCY; NOT_NUMERICAL_FAILURE,False,NOT_ELIGIBLE,False,,0.7098851746304704,N_ABS_NKCC_S4_PLOW_KLOW_AE4NA20_P2_H1:B00,AE4NA20,NOT_EVALUATED_FIXED_WT_INFEASIBLE,0.3,,,INFEASIBLE_NEGATIVE_REQUIRED_K_FLUX,
,,,,,,,,,,,,21.543934260168424,,0.5,N_ABS_NKCC_S4_PLOW_KLOW_AE4NA20_P2_H1_B00__share_0.30,share_0.30,BOUND_INCOMPATIBILITY; NOT_RANK_DEFICIENCY; NOT_NUMERICAL_FAILURE,False,NOT_ELIGIBLE,False,,0.7098851746304704,N_ABS_NKCC_S4_PLOW_KLOW_AE4NA20_P2_H1:B00,AE4NA20,NOT_EVALUATED_FIXED_WT_INFEASIBLE,0.3,,,INFEASIBLE_NEGATIVE_REQUIRED_K_FLUX,
-0.15174342095844073,-0.0013307213047200062,-0.15307414226316074,1.00133072130472,1.1530741422631607,0.0,Frozen validated matched ratio; no new AE2 trajectory,results/14_scale_free_genotype_holdout/ae2_null_blind_predictions.csv,01cd368c42eda486e95cf9ce74c6c84e5d7c303090305a30706874f6972a2b8a,results/14B_five_percent_ae4_check/trajectories/N_ABS_NKCC_S4_PNOM_KMID_AE4NA05_P1_H1_B00_ca0.10_AE4_5pct_production_radau.json,a1a999eadad7e27b71a565be00218103d29748ede3c482c05c7664e32a0011bd,0.8433515516016178,1.0,0.05,0.1,N_ABS_NKCC_S4_PNOM_KMID_AE4NA05_P1_H1_B00__inherited_baseline,inherited_baseline,,True,COMPLETE,False,True,1.0,N_ABS_NKCC_S4_PNOM_KMID_AE4NA05_P1_H1:B00,AE4NA05,BASELINE_HASH_VALID_REUSE,,results/14_scale_free_genotype_holdout/trajectories/N_ABS_NKCC_S4_PNOM_KMID_AE4NA05_P1_H1_B00_ca0.10_WT_production_radau.json,05e95b9dc2f17a5e30bb7882cc9b052d9f94837e3994fa6f430b6143ae09c8b2,FIXED_WT_FEASIBLE,0.7313940367671029
-0.19087235410311454,-0.0015041812160800916,-0.19237653531919463,1.00150418121608,1.1923765353191946,0.0,Frozen validated matched ratio; no new AE2 trajectory,results/14_scale_free_genotype_holdout/ae2_null_blind_predictions.csv,01cd368c42eda486e95cf9ce74c6c84e5d7c303090305a30706874f6972a2b8a,results/14B_five_percent_ae4_check/trajectories/N_ABS_NKCC_S4_PNOM_KMID_AE4NA05_P1_H1_B00_ca0.25_AE4_5pct_production_radau.json,70389e5b9088b46052a4254ef4f0f316b7bbf0b190b5a74dfb813a52cb54e8cd,0.9909075568063769,1.0,0.05,0.25,N_ABS_NKCC_S4_PNOM_KMID_AE4NA05_P1_H1_B00__inherited_baseline,inherited_baseline,,True,COMPLETE,False,True,1.0,N_ABS_NKCC_S4_PNOM_KMID_AE4NA05_P1_H1:B00,AE4NA05,BASELINE_HASH_VALID_REUSE,,results/14_scale_free_genotype_holdout/trajectories/N_ABS_NKCC_S4_PNOM_KMID_AE4NA05_P1_H1_B00_ca0.25_WT_production_radau.json,e5904ee72186eb909154af52d563ea45548306e3306e6c431ef96b74285376a8,FIXED_WT_FEASIBLE,0.8310357738976427
-0.20193116746822026,-0.001549579244631616,-0.20348074671285188,1.0015495792446316,1.2034807467128519,0.0,Frozen validated matched ratio; no new AE2 trajectory,results/14_scale_free_genotype_holdout/ae2_null_blind_predictions.csv,01cd368c42eda486e95cf9ce74c6c84e5d7c303090305a30706874f6972a2b8a,results/14B_five_percent_ae4_check/trajectories/N_ABS_NKCC_S4_PNOM_KMID_AE4NA05_P1_H1_B00_ca0.50_AE4_5pct_production_radau.json,e7b7f7954f2333c711294e211857581738cd14cf966361681a63cb6d4529c8ca,1.0330042391998144,1.0,0.05,0.5,N_ABS_NKCC_S4_PNOM_KMID_AE4NA05_P1_H1_B00__inherited_baseline,inherited_baseline,,True,COMPLETE,False,True,1.0,N_ABS_NKCC_S4_PNOM_KMID_AE4NA05_P1_H1:B00,AE4NA05,BASELINE_HASH_VALID_REUSE,,results/14_scale_free_genotype_holdout/trajectories/N_ABS_NKCC_S4_PNOM_KMID_AE4NA05_P1_H1_B00_ca0.50_WT_production_radau.json,f6d2af8bf1b84ca9017bddac390aaa367cc5d62c054b73a6c73becd3f7b67874,FIXED_WT_FEASIBLE,0.858347125221013
,,,,,,,,,,,,5.4908631378314725,,0.1,N_ABS_NKCC_S4_PNOM_KMID_AE4NA05_P1_H1_B00__share_0.10,share_0.10,BOUND_INCOMPATIBILITY; NOT_RANK_DEFICIENCY; NOT_NUMERICAL_FAILURE,False,NOT_ELIGIBLE,False,,0.9166949146544654,N_ABS_NKCC_S4_PNOM_KMID_AE4NA05_P1_H1:B00,AE4NA05,NOT_EVALUATED_FIXED_WT_INFEASIBLE,0.1,,,INFEASIBLE_NATIVE_K_SOURCE_BOUND,
,,,,,,,,,,,,5.4908631378314725,,0.25,N_ABS_NKCC_S4_PNOM_KMID_AE4NA05_P1_H1_B00__share_0.10,share_0.10,BOUND_INCOMPATIBILITY; NOT_RANK_DEFICIENCY; NOT_NUMERICAL_FAILURE,False,NOT_ELIGIBLE,False,,0.9166949146544654,N_ABS_NKCC_S4_PNOM_KMID_AE4NA05_P1_H1:B00,AE4NA05,NOT_EVALUATED_FIXED_WT_INFEASIBLE,0.1,,,INFEASIBLE_NATIVE_K_SOURCE_BOUND,
,,,,,,,,,,,,5.4908631378314725,,0.5,N_ABS_NKCC_S4_PNOM_KMID_AE4NA05_P1_H1_B00__share_0.10,share_0.10,BOUND_INCOMPATIBILITY; NOT_RANK_DEFICIENCY; NOT_NUMERICAL_FAILURE,False,NOT_ELIGIBLE,False,,0.9166949146544654,N_ABS_NKCC_S4_PNOM_KMID_AE4NA05_P1_H1:B00,AE4NA05,NOT_EVALUATED_FIXED_WT_INFEASIBLE,0.1,,,INFEASIBLE_NATIVE_K_SOURCE_BOUND,
,,,,,,,,,,,,16.47258941349442,,0.1,N_ABS_NKCC_S4_PNOM_KMID_AE4NA05_P1_H1_B00__share_0.30,share_0.30,BOUND_INCOMPATIBILITY; NOT_RANK_DEFICIENCY; NOT_NUMERICAL_FAILURE,False,NOT_ELIGIBLE,False,,0.7129849336201397,N_ABS_NKCC_S4_PNOM_KMID_AE4NA05_P1_H1:B00,AE4NA05,NOT_EVALUATED_FIXED_WT_INFEASIBLE,0.3,,,INFEASIBLE_NEGATIVE_REQUIRED_K_FLUX,
,,,,,,,,,,,,16.47258941349442,,0.25,N_ABS_NKCC_S4_PNOM_KMID_AE4NA05_P1_H1_B00__share_0.30,share_0.30,BOUND_INCOMPATIBILITY; NOT_RANK_DEFICIENCY; NOT_NUMERICAL_FAILURE,False,NOT_ELIGIBLE,False,,0.7129849336201397,N_ABS_NKCC_S4_PNOM_KMID_AE4NA05_P1_H1:B00,AE4NA05,NOT_EVALUATED_FIXED_WT_INFEASIBLE,0.3,,,INFEASIBLE_NEGATIVE_REQUIRED_K_FLUX,
,,,,,,,,,,,,16.47258941349442,,0.5,N_ABS_NKCC_S4_PNOM_KMID_AE4NA05_P1_H1_B00__share_0.30,share_0.30,BOUND_INCOMPATIBILITY; NOT_RANK_DEFICIENCY; NOT_NUMERICAL_FAILURE,False,NOT_ELIGIBLE,False,,0.7129849336201397,N_ABS_NKCC_S4_PNOM_KMID_AE4NA05_P1_H1:B00,AE4NA05,NOT_EVALUATED_FIXED_WT_INFEASIBLE,0.3,,,INFEASIBLE_NEGATIVE_REQUIRED_K_FLUX,
-0.10454374695553459,-0.0003547521787987673,-0.10489849913433336,1.0003547521787988,1.1048984991343334,0.0,Frozen validated matched ratio; no new AE2 trajectory,results/14_scale_free_genotype_holdout/ae2_null_blind_predictions.csv,01cd368c42eda486e95cf9ce74c6c84e5d7c303090305a30706874f6972a2b8a,results/14B_five_percent_ae4_check/trajectories/N_ABS_NKCC_S4_PNOM_KMID_AE4NA20_P2_H1_B00_ca0.10_AE4_5pct_production_radau.json,974e35fb17c43a6c71be1f5cc8f9e461d29fccbc0cbe4f5a8c7238f2ab304a3a,0.9687551145675783,1.0,0.05,0.1,N_ABS_NKCC_S4_PNOM_KMID_AE4NA20_P2_H1_B00__inherited_baseline,inherited_baseline,,True,COMPLETE,False,True,1.0,N_ABS_NKCC_S4_PNOM_KMID_AE4NA20_P2_H1:B00,AE4NA20,BASELINE_HASH_VALID_REUSE,,results/14_scale_free_genotype_holdout/trajectories/N_ABS_NKCC_S4_PNOM_KMID_AE4NA20_P2_H1_B00_ca0.10_WT_production_radau.json,c79f81f0becfbeb340f7ed52878ace35915690e9eb7d13ddbe3a92d465e210f1,FIXED_WT_FEASIBLE,0.8767819988230405
-0.17123424585661762,-0.0004295547855066584,-0.17166380064212428,1.0004295547855067,1.1716638006421243,0.0,Frozen validated matched ratio; no new AE2 trajectory,results/14_scale_free_genotype_holdout/ae2_null_blind_predictions.csv,01cd368c42eda486e95cf9ce74c6c84e5d7c303090305a30706874f6972a2b8a,results/14B_five_percent_ae4_check/trajectories/N_ABS_NKCC_S4_PNOM_KMID_AE4NA20_P2_H1_B00_ca0.25_AE4_5pct_production_radau.json,2c33e1174d1b2c9e77a6458771a66cf7a32b51f3d2674d0d46eb80d55cf71d69,1.1802170322354395,1.0,0.05,0.25,N_ABS_NKCC_S4_PNOM_KMID_AE4NA20_P2_H1_B00__inherited_baseline,inherited_baseline,,True,COMPLETE,False,True,1.0,N_ABS_NKCC_S4_PNOM_KMID_AE4NA20_P2_H1:B00,AE4NA20,BASELINE_HASH_VALID_REUSE,,results/14_scale_free_genotype_holdout/trajectories/N_ABS_NKCC_S4_PNOM_KMID_AE4NA20_P2_H1_B00_ca0.25_WT_production_radau.json,e057b54fd9c3c16b9916bc5c7e79382f14f16bacbc30f6c0ed272d357d289431,FIXED_WT_FEASIBLE,1.0073000732707007
-0.19258883410622252,-0.0004514216046573871,-0.1930402557108799,1.0004514216046574,1.19304025571088,0.0,Frozen validated matched ratio; no new AE2 trajectory,results/14_scale_free_genotype_holdout/ae2_null_blind_predictions.csv,01cd368c42eda486e95cf9ce74c6c84e5d7c303090305a30706874f6972a2b8a,results/14B_five_percent_ae4_check/trajectories/N_ABS_NKCC_S4_PNOM_KMID_AE4NA20_P2_H1_B00_ca0.50_AE4_5pct_production_radau.json,7a8afd5a81dde3d9af8a9cadcf584dd9bcb0d96bb436bc506e5f0a84bac0f97d,1.2476963436718809,1.0,0.05,0.5,N_ABS_NKCC_S4_PNOM_KMID_AE4NA20_P2_H1_B00__inherited_baseline,inherited_baseline,,True,COMPLETE,False,True,1.0,N_ABS_NKCC_S4_PNOM_KMID_AE4NA20_P2_H1:B00,AE4NA20,BASELINE_HASH_VALID_REUSE,,results/14_scale_free_genotype_holdout/trajectories/N_ABS_NKCC_S4_PNOM_KMID_AE4NA20_P2_H1_B00_ca0.50_WT_production_radau.json,bdd6f345ae8837bee92a0a42ace66132fc0eddd5392aad9c828c57b72d4b6ed0,FIXED_WT_FEASIBLE,1.0458124423709692
,,,,,,,,,,,,7.25767378161418,,0.1,N_ABS_NKCC_S4_PNOM_KMID_AE4NA20_P2_H1_B00__share_0.10,share_0.10,BOUND_INCOMPATIBILITY; NOT_RANK_DEFICIENCY; NOT_NUMERICAL_FAILURE,False,NOT_ELIGIBLE,False,,0.9125739175528204,N_ABS_NKCC_S4_PNOM_KMID_AE4NA20_P2_H1:B00,AE4NA20,NOT_EVALUATED_FIXED_WT_INFEASIBLE,0.1,,,INFEASIBLE_NEGATIVE_REQUIRED_K_FLUX,
,,,,,,,,,,,,7.25767378161418,,0.25,N_ABS_NKCC_S4_PNOM_KMID_AE4NA20_P2_H1_B00__share_0.10,share_0.10,BOUND_INCOMPATIBILITY; NOT_RANK_DEFICIENCY; NOT_NUMERICAL_FAILURE,False,NOT_ELIGIBLE,False,,0.9125739175528204,N_ABS_NKCC_S4_PNOM_KMID_AE4NA20_P2_H1:B00,AE4NA20,NOT_EVALUATED_FIXED_WT_INFEASIBLE,0.1,,,INFEASIBLE_NEGATIVE_REQUIRED_K_FLUX,
,,,,,,,,,,,,7.25767378161418,,0.5,N_ABS_NKCC_S4_PNOM_KMID_AE4NA20_P2_H1_B00__share_0.10,share_0.10,BOUND_INCOMPATIBILITY; NOT_RANK_DEFICIENCY; NOT_NUMERICAL_FAILURE,False,NOT_ELIGIBLE,False,,0.9125739175528204,N_ABS_NKCC_S4_PNOM_KMID_AE4NA20_P2_H1:B00,AE4NA20,NOT_EVALUATED_FIXED_WT_INFEASIBLE,0.1,,,INFEASIBLE_NEGATIVE_REQUIRED_K_FLUX,
,,,,,,,,,,,,21.773021344842537,,0.1,N_ABS_NKCC_S4_PNOM_KMID_AE4NA20_P2_H1_B00__share_0.30,share_0.30,BOUND_INCOMPATIBILITY; NOT_RANK_DEFICIENCY; NOT_NUMERICAL_FAILURE,False,NOT_ELIGIBLE,False,,0.7097797136521935,N_ABS_NKCC_S4_PNOM_KMID_AE4NA20_P2_H1:B00,AE4NA20,NOT_EVALUATED_FIXED_WT_INFEASIBLE,0.3,,,INFEASIBLE_NEGATIVE_REQUIRED_K_FLUX,
,,,,,,,,,,,,21.773021344842537,,0.25,N_ABS_NKCC_S4_PNOM_KMID_AE4NA20_P2_H1_B00__share_0.30,share_0.30,BOUND_INCOMPATIBILITY; NOT_RANK_DEFICIENCY; NOT_NUMERICAL_FAILURE,False,NOT_ELIGIBLE,False,,0.7097797136521935,N_ABS_NKCC_S4_PNOM_KMID_AE4NA20_P2_H1:B00,AE4NA20,NOT_EVALUATED_FIXED_WT_INFEASIBLE,0.3,,,INFEASIBLE_NEGATIVE_REQUIRED_K_FLUX,
,,,,,,,,,,,,21.773021344842537,,0.5,N_ABS_NKCC_S4_PNOM_KMID_AE4NA20_P2_H1_B00__share_0.30,share_0.30,BOUND_INCOMPATIBILITY; NOT_RANK_DEFICIENCY; NOT_NUMERICAL_FAILURE,False,NOT_ELIGIBLE,False,,0.7097797136521935,N_ABS_NKCC_S4_PNOM_KMID_AE4NA20_P2_H1:B00,AE4NA20,NOT_EVALUATED_FIXED_WT_INFEASIBLE,0.3,,,INFEASIBLE_NEGATIVE_REQUIRED_K_FLUX,
