attempt_id,candidate,capacity,domain_pass,fold,lower_fold,reference,root_id,seed_kind,upper_fold
legacy_00,15.012642650691548,AE4,True,99.99999999989994,0.01,0.1501264265070657,N_ABS_NKCC_S4_PHIGH_KHIGH_AE4NA05_P1_H1:B00,inherited_root,100.0
legacy_00,0.44227530332792275,NKCC1,True,1.3821103228997587,0.01,0.32,N_ABS_NKCC_S4_PHIGH_KHIGH_AE4NA05_P1_H1:B00,inherited_root,100.0
legacy_00,5.000000000005007e-05,AE2,True,0.010000000000010015,0.01,0.005,N_ABS_NKCC_S4_PHIGH_KHIGH_AE4NA05_P1_H1:B00,inherited_root,100.0
legacy_00,7.440980590421933e-05,NHE1,True,0.010000000000010015,0.01,0.007440980590414482,N_ABS_NKCC_S4_PHIGH_KHIGH_AE4NA05_P1_H1:B00,inherited_root,100.0
legacy_00,0.0027769476650567676,pump_apical,True,0.36698714199997456,0.01,0.007566880000000001,N_ABS_NKCC_S4_PHIGH_KHIGH_AE4NA05_P1_H1:B00,inherited_root,100.0
legacy_00,0.03728308007056445,pump_basolateral,True,0.5147242044877323,0.01,0.07243312,N_ABS_NKCC_S4_PHIGH_KHIGH_AE4NA05_P1_H1:B00,inherited_root,100.0
legacy_00,3.21719560572126e-09,K_apical,True,0.5744992153073678,0.01,5.6000000000000005e-09,N_ABS_NKCC_S4_PHIGH_KHIGH_AE4NA05_P1_H1:B00,inherited_root,100.0
legacy_00,1.9245069315605135e-08,K_basolateral,True,2.291079680429183,0.01,8.399999999999999e-09,N_ABS_NKCC_S4_PHIGH_KHIGH_AE4NA05_P1_H1:B00,inherited_root,100.0
legacy_00,2.32920390952795e-08,CaCC,True,0.7417846845630414,0.01,3.14e-08,N_ABS_NKCC_S4_PHIGH_KHIGH_AE4NA05_P1_H1:B00,inherited_root,100.0
legacy_00,0.0002000000000002003,CO2_basolateral,True,0.010000000000010015,0.01,0.02,N_ABS_NKCC_S4_PHIGH_KHIGH_AE4NA05_P1_H1:B00,inherited_root,100.0
legacy_00,0.00010000000000010014,CO2_apical,True,0.010000000000010015,0.01,0.01,N_ABS_NKCC_S4_PHIGH_KHIGH_AE4NA05_P1_H1:B00,inherited_root,100.0
legacy_00,1.0598340195087164e-10,paracellular_Na,True,0.3532780065029055,0.01,3e-10,N_ABS_NKCC_S4_PHIGH_KHIGH_AE4NA05_P1_H1:B00,inherited_root,100.0
legacy_00,1.6018392166763894e-10,paracellular_K,True,3.2036784333527786,0.01,5e-11,N_ABS_NKCC_S4_PHIGH_KHIGH_AE4NA05_P1_H1:B00,inherited_root,100.0
legacy_00,3.7161687754908e-10,paracellular_Cl,True,1.4864675101963198,0.01,2.5e-10,N_ABS_NKCC_S4_PHIGH_KHIGH_AE4NA05_P1_H1:B00,inherited_root,100.0
legacy_00,1.343854748332541e-10,paracellular_HCO3,True,2.687709496665082,0.01,5e-11,N_ABS_NKCC_S4_PHIGH_KHIGH_AE4NA05_P1_H1:B00,inherited_root,100.0
legacy_01,14.301004638561485,AE4,True,95.2597418808767,0.01,0.1501264265070657,N_ABS_NKCC_S4_PHIGH_KHIGH_AE4NA20_P2_H1:B00,inherited_root,100.0
legacy_01,0.2768971564737517,NKCC1,True,0.865303613980474,0.01,0.32,N_ABS_NKCC_S4_PHIGH_KHIGH_AE4NA20_P2_H1:B00,inherited_root,100.0
legacy_01,5.000000000005007e-05,AE2,True,0.010000000000010015,0.01,0.005,N_ABS_NKCC_S4_PHIGH_KHIGH_AE4NA20_P2_H1:B00,inherited_root,100.0
legacy_01,7.440980590421933e-05,NHE1,True,0.010000000000010015,0.01,0.007440980590414482,N_ABS_NKCC_S4_PHIGH_KHIGH_AE4NA20_P2_H1:B00,inherited_root,100.0
legacy_01,0.0010568973540273125,pump_apical,True,0.06983706322997803,0.01,0.015133760000000001,N_ABS_NKCC_S4_PHIGH_KHIGH_AE4NA20_P2_H1:B00,inherited_root,100.0
legacy_01,0.042505079982180234,pump_basolateral,True,0.29340914751553043,0.01,0.14486624,N_ABS_NKCC_S4_PHIGH_KHIGH_AE4NA20_P2_H1:B00,inherited_root,100.0
legacy_01,2.0031648681095473e-09,K_apical,True,0.3577080121624191,0.01,5.6000000000000005e-09,N_ABS_NKCC_S4_PHIGH_KHIGH_AE4NA20_P2_H1:B00,inherited_root,100.0
legacy_01,1.256612432883723e-08,K_basolateral,True,1.4959671820044322,0.01,8.399999999999999e-09,N_ABS_NKCC_S4_PHIGH_KHIGH_AE4NA20_P2_H1:B00,inherited_root,100.0
legacy_01,2.2071528520349713e-08,CaCC,True,0.7029149210302456,0.01,3.14e-08,N_ABS_NKCC_S4_PHIGH_KHIGH_AE4NA20_P2_H1:B00,inherited_root,100.0
legacy_01,0.0002000000000002003,CO2_basolateral,True,0.010000000000010015,0.01,0.02,N_ABS_NKCC_S4_PHIGH_KHIGH_AE4NA20_P2_H1:B00,inherited_root,100.0
legacy_01,0.00010000000000010014,CO2_apical,True,0.010000000000010015,0.01,0.01,N_ABS_NKCC_S4_PHIGH_KHIGH_AE4NA20_P2_H1:B00,inherited_root,100.0
legacy_01,3.2626957029468796e-11,paracellular_Na,True,0.10875652343156265,0.01,3e-10,N_ABS_NKCC_S4_PHIGH_KHIGH_AE4NA20_P2_H1:B00,inherited_root,100.0
legacy_01,2.150850733157299e-10,paracellular_K,True,4.301701466314598,0.01,5e-11,N_ABS_NKCC_S4_PHIGH_KHIGH_AE4NA20_P2_H1:B00,inherited_root,100.0
legacy_01,4.4505002723499237e-10,paracellular_Cl,True,1.7802001089399693,0.01,2.5e-10,N_ABS_NKCC_S4_PHIGH_KHIGH_AE4NA20_P2_H1:B00,inherited_root,100.0
legacy_01,5.163020191371828e-12,paracellular_HCO3,True,0.10326040382743655,0.01,5e-11,N_ABS_NKCC_S4_PHIGH_KHIGH_AE4NA20_P2_H1:B00,inherited_root,100.0
legacy_02,15.012642650691548,AE4,True,99.99999999989994,0.01,0.1501264265070657,N_ABS_NKCC_S4_PHIGH_KLOW_AE4NA05_P1_H1:B00,inherited_root,100.0
legacy_02,0.8451082784269849,NKCC1,True,2.640963370084328,0.01,0.32,N_ABS_NKCC_S4_PHIGH_KLOW_AE4NA05_P1_H1:B00,inherited_root,100.0
legacy_02,5.000000000005007e-05,AE2,True,0.010000000000010015,0.01,0.005,N_ABS_NKCC_S4_PHIGH_KLOW_AE4NA05_P1_H1:B00,inherited_root,100.0
legacy_02,7.440980590421933e-05,NHE1,True,0.010000000000010015,0.01,0.007440980590414482,N_ABS_NKCC_S4_PHIGH_KLOW_AE4NA05_P1_H1:B00,inherited_root,100.0
legacy_02,0.007044756528513289,pump_apical,True,0.9309988434484607,0.01,0.007566880000000001,N_ABS_NKCC_S4_PHIGH_KLOW_AE4NA05_P1_H1:B00,inherited_root,100.0
legacy_02,0.041497060763432715,pump_basolateral,True,0.5729017438905395,0.01,0.07243312,N_ABS_NKCC_S4_PHIGH_KLOW_AE4NA05_P1_H1:B00,inherited_root,100.0
legacy_02,6.050846649707872e-09,K_apical,True,2.161016660609954,0.01,2.8000000000000003e-09,N_ABS_NKCC_S4_PHIGH_KLOW_AE4NA05_P1_H1:B00,inherited_root,100.0
legacy_02,2.9159772637748862e-08,K_basolateral,True,2.603551128370434,0.01,1.1200000000000001e-08,N_ABS_NKCC_S4_PHIGH_KLOW_AE4NA05_P1_H1:B00,inherited_root,100.0
legacy_02,2.942972437757932e-08,CaCC,True,0.9372523687127171,0.01,3.14e-08,N_ABS_NKCC_S4_PHIGH_KLOW_AE4NA05_P1_H1:B00,inherited_root,100.0
legacy_02,0.0002000000000002003,CO2_basolateral,True,0.010000000000010015,0.01,0.02,N_ABS_NKCC_S4_PHIGH_KLOW_AE4NA05_P1_H1:B00,inherited_root,100.0
legacy_02,0.00010000000000010014,CO2_apical,True,0.010000000000010015,0.01,0.01,N_ABS_NKCC_S4_PHIGH_KLOW_AE4NA05_P1_H1:B00,inherited_root,100.0
legacy_02,5.084189429982821e-10,paracellular_Na,True,1.6947298099942738,0.01,3e-10,N_ABS_NKCC_S4_PHIGH_KLOW_AE4NA05_P1_H1:B00,inherited_root,100.0
legacy_02,4.526765696942893e-09,paracellular_K,True,90.53531393885785,0.01,5e-11,N_ABS_NKCC_S4_PHIGH_KLOW_AE4NA05_P1_H1:B00,inherited_root,100.0
legacy_02,6.377721681065458e-11,paracellular_Cl,True,0.25510886724261833,0.01,2.5e-10,N_ABS_NKCC_S4_PHIGH_KLOW_AE4NA05_P1_H1:B00,inherited_root,100.0
legacy_02,1.0825745655813224e-10,paracellular_HCO3,True,2.1651491311626447,0.01,5e-11,N_ABS_NKCC_S4_PHIGH_KLOW_AE4NA05_P1_H1:B00,inherited_root,100.0
legacy_03,14.491579884611397,AE4,True,96.52917358909725,0.01,0.1501264265070657,N_ABS_NKCC_S4_PHIGH_KLOW_AE4NA20_P2_H1:B00,inherited_root,100.0
legacy_03,0.2582790608499289,NKCC1,True,0.8071220651560278,0.01,0.32,N_ABS_NKCC_S4_PHIGH_KLOW_AE4NA20_P2_H1:B00,inherited_root,100.0
legacy_03,5.000000000005007e-05,AE2,True,0.010000000000010015,0.01,0.005,N_ABS_NKCC_S4_PHIGH_KLOW_AE4NA20_P2_H1:B00,inherited_root,100.0
legacy_03,7.440980590421933e-05,NHE1,True,0.010000000000010015,0.01,0.007440980590414482,N_ABS_NKCC_S4_PHIGH_KLOW_AE4NA20_P2_H1:B00,inherited_root,100.0
legacy_03,0.0009732954841895879,pump_apical,True,0.06431286634581147,0.01,0.015133760000000001,N_ABS_NKCC_S4_PHIGH_KLOW_AE4NA20_P2_H1:B00,inherited_root,100.0
legacy_03,0.03468245477033332,pump_basolateral,True,0.23941019502082278,0.01,0.14486624,N_ABS_NKCC_S4_PHIGH_KLOW_AE4NA20_P2_H1:B00,inherited_root,100.0
legacy_03,4.716585869109344e-10,K_apical,True,0.16844949532533368,0.01,2.8000000000000003e-09,N_ABS_NKCC_S4_PHIGH_KLOW_AE4NA20_P2_H1:B00,inherited_root,100.0
legacy_03,1.2815203858693396e-08,K_basolateral,True,1.1442146302404816,0.01,1.1200000000000001e-08,N_ABS_NKCC_S4_PHIGH_KLOW_AE4NA20_P2_H1:B00,inherited_root,100.0
legacy_03,2.1491941125519214e-08,CaCC,True,0.6844567237426501,0.01,3.14e-08,N_ABS_NKCC_S4_PHIGH_KLOW_AE4NA20_P2_H1:B00,inherited_root,100.0
legacy_03,0.0002000000000002003,CO2_basolateral,True,0.010000000000010015,0.01,0.02,N_ABS_NKCC_S4_PHIGH_KLOW_AE4NA20_P2_H1:B00,inherited_root,100.0
legacy_03,0.00010000000000010014,CO2_apical,True,0.010000000000010015,0.01,0.01,N_ABS_NKCC_S4_PHIGH_KLOW_AE4NA20_P2_H1:B00,inherited_root,100.0
legacy_03,2.889604560314591e-11,paracellular_Na,True,0.09632015201048637,0.01,3e-10,N_ABS_NKCC_S4_PHIGH_KLOW_AE4NA20_P2_H1:B00,inherited_root,100.0
legacy_03,3.748835414191758e-11,paracellular_K,True,0.7497670828383516,0.01,5e-11,N_ABS_NKCC_S4_PHIGH_KLOW_AE4NA20_P2_H1:B00,inherited_root,100.0
legacy_03,3.612371799084755e-10,paracellular_Cl,True,1.444948719633902,0.01,2.5e-10,N_ABS_NKCC_S4_PHIGH_KLOW_AE4NA20_P2_H1:B00,inherited_root,100.0
legacy_03,4.7099620509505556e-12,paracellular_HCO3,True,0.0941992410190111,0.01,5e-11,N_ABS_NKCC_S4_PHIGH_KLOW_AE4NA20_P2_H1:B00,inherited_root,100.0
legacy_04,15.012353492729028,AE4,True,99.99807390354736,0.01,0.1501264265070657,N_ABS_NKCC_S4_PLOW_KHIGH_AE4NA05_P1_H1:B00,inherited_root,100.0
legacy_04,0.8452220592100901,NKCC1,True,2.6413189350315314,0.01,0.32,N_ABS_NKCC_S4_PLOW_KHIGH_AE4NA05_P1_H1:B00,inherited_root,100.0
legacy_04,5.000000000766541e-05,AE2,True,0.010000000001533081,0.01,0.005,N_ABS_NKCC_S4_PLOW_KHIGH_AE4NA05_P1_H1:B00,inherited_root,100.0
legacy_04,7.440980590421933e-05,NHE1,True,0.010000000000010015,0.01,0.007440980590414482,N_ABS_NKCC_S4_PLOW_KHIGH_AE4NA05_P1_H1:B00,inherited_root,100.0
legacy_04,0.006073942048046638,pump_apical,True,1.334861907953567,0.01,0.00455024,N_ABS_NKCC_S4_PLOW_KHIGH_AE4NA05_P1_H1:B00,inherited_root,100.0
legacy_04,0.035114580098390594,pump_basolateral,True,0.4654034697842722,0.01,0.07544976,N_ABS_NKCC_S4_PLOW_KHIGH_AE4NA05_P1_H1:B00,inherited_root,100.0
legacy_04,1.4087747389919849e-08,K_apical,True,2.5156691767714014,0.01,5.6000000000000005e-09,N_ABS_NKCC_S4_PLOW_KHIGH_AE4NA05_P1_H1:B00,inherited_root,100.0
legacy_04,1.3906849075325752e-08,K_basolateral,True,1.6555772708721135,0.01,8.399999999999999e-09,N_ABS_NKCC_S4_PLOW_KHIGH_AE4NA05_P1_H1:B00,inherited_root,100.0
legacy_04,2.6526723785206468e-08,CaCC,True,0.8448001205479766,0.01,3.14e-08,N_ABS_NKCC_S4_PLOW_KHIGH_AE4NA05_P1_H1:B00,inherited_root,100.0
legacy_04,0.0002000000000002003,CO2_basolateral,True,0.010000000000010015,0.01,0.02,N_ABS_NKCC_S4_PLOW_KHIGH_AE4NA05_P1_H1:B00,inherited_root,100.0
legacy_04,0.00010000000000010014,CO2_apical,True,0.010000000000010015,0.01,0.01,N_ABS_NKCC_S4_PLOW_KHIGH_AE4NA05_P1_H1:B00,inherited_root,100.0
legacy_04,2.992781151135477e-10,paracellular_Na,True,0.997593717045159,0.01,3e-10,N_ABS_NKCC_S4_PLOW_KHIGH_AE4NA05_P1_H1:B00,inherited_root,100.0
legacy_04,4.735016519788896e-11,paracellular_K,True,0.9470033039577791,0.01,5e-11,N_ABS_NKCC_S4_PLOW_KHIGH_AE4NA05_P1_H1:B00,inherited_root,100.0
legacy_04,2.16192202768217e-10,paracellular_Cl,True,0.864768811072868,0.01,2.5e-10,N_ABS_NKCC_S4_PLOW_KHIGH_AE4NA05_P1_H1:B00,inherited_root,100.0
legacy_04,5.962034554789923e-11,paracellular_HCO3,True,1.1924069109579845,0.01,5e-11,N_ABS_NKCC_S4_PLOW_KHIGH_AE4NA05_P1_H1:B00,inherited_root,100.0
legacy_05,13.730428921299227,AE4,True,91.45910710565674,0.01,0.1501264265070657,N_ABS_NKCC_S4_PLOW_KHIGH_AE4NA20_P2_H1:B00,inherited_root,100.0
legacy_05,0.24637463082983932,NKCC1,True,0.7699207213432478,0.01,0.32,N_ABS_NKCC_S4_PLOW_KHIGH_AE4NA20_P2_H1:B00,inherited_root,100.0
legacy_05,5.000000000005007e-05,AE2,True,0.010000000000010015,0.01,0.005,N_ABS_NKCC_S4_PLOW_KHIGH_AE4NA20_P2_H1:B00,inherited_root,100.0
legacy_05,7.440980590421933e-05,NHE1,True,0.010000000000010015,0.01,0.007440980590414482,N_ABS_NKCC_S4_PLOW_KHIGH_AE4NA20_P2_H1:B00,inherited_root,100.0
legacy_05,0.0010492918250022156,pump_apical,True,0.11530071216048117,0.01,0.00910048,N_ABS_NKCC_S4_PLOW_KHIGH_AE4NA20_P2_H1:B00,inherited_root,100.0
legacy_05,0.04448536473705008,pump_basolateral,True,0.2948012342057157,0.01,0.15089952,N_ABS_NKCC_S4_PLOW_KHIGH_AE4NA20_P2_H1:B00,inherited_root,100.0
legacy_05,2.3620094934676145e-09,K_apical,True,0.42178740954778826,0.01,5.6000000000000005e-09,N_ABS_NKCC_S4_PLOW_KHIGH_AE4NA20_P2_H1:B00,inherited_root,100.0
legacy_05,1.0236155264200301e-08,K_basolateral,True,1.2185899124047979,0.01,8.399999999999999e-09,N_ABS_NKCC_S4_PLOW_KHIGH_AE4NA20_P2_H1:B00,inherited_root,100.0
legacy_05,2.222971934204907e-08,CaCC,True,0.7079528452881869,0.01,3.14e-08,N_ABS_NKCC_S4_PLOW_KHIGH_AE4NA20_P2_H1:B00,inherited_root,100.0
legacy_05,0.0002000000000002003,CO2_basolateral,True,0.010000000000010015,0.01,0.02,N_ABS_NKCC_S4_PLOW_KHIGH_AE4NA20_P2_H1:B00,inherited_root,100.0
legacy_05,0.00010000000000010014,CO2_apical,True,0.010000000000010015,0.01,0.01,N_ABS_NKCC_S4_PLOW_KHIGH_AE4NA20_P2_H1:B00,inherited_root,100.0
legacy_05,4.3225923454173475e-11,paracellular_Na,True,0.14408641151391158,0.01,3e-10,N_ABS_NKCC_S4_PLOW_KHIGH_AE4NA20_P2_H1:B00,inherited_root,100.0
legacy_05,1.9019396809372572e-10,paracellular_K,True,3.803879361874514,0.01,5e-11,N_ABS_NKCC_S4_PLOW_KHIGH_AE4NA20_P2_H1:B00,inherited_root,100.0
legacy_05,4.276092607595989e-10,paracellular_Cl,True,1.7104370430383955,0.01,2.5e-10,N_ABS_NKCC_S4_PLOW_KHIGH_AE4NA20_P2_H1:B00,inherited_root,100.0
legacy_05,6.3471195777064145e-12,paracellular_HCO3,True,0.1269423915541283,0.01,5e-11,N_ABS_NKCC_S4_PLOW_KHIGH_AE4NA20_P2_H1:B00,inherited_root,100.0
legacy_06,15.012159149017851,AE4,True,99.99677936989531,0.01,0.1501264265070657,N_ABS_NKCC_S4_PLOW_KLOW_AE4NA05_P1_H1:B00,inherited_root,100.0
legacy_06,0.40169404679209775,NKCC1,True,1.2552938962253055,0.01,0.32,N_ABS_NKCC_S4_PLOW_KLOW_AE4NA05_P1_H1:B00,inherited_root,100.0
legacy_06,5.000000000005016e-05,AE2,True,0.010000000000010032,0.01,0.005,N_ABS_NKCC_S4_PLOW_KLOW_AE4NA05_P1_H1:B00,inherited_root,100.0
legacy_06,7.440980590421933e-05,NHE1,True,0.010000000000010015,0.01,0.007440980590414482,N_ABS_NKCC_S4_PLOW_KLOW_AE4NA05_P1_H1:B00,inherited_root,100.0
legacy_06,0.005195876684479656,pump_apical,True,1.1418906880691253,0.01,0.00455024,N_ABS_NKCC_S4_PLOW_KLOW_AE4NA05_P1_H1:B00,inherited_root,100.0
legacy_06,0.038494066801687904,pump_basolateral,True,0.5101946885144221,0.01,0.07544976,N_ABS_NKCC_S4_PLOW_KLOW_AE4NA05_P1_H1:B00,inherited_root,100.0
legacy_06,4.351222964286025e-09,K_apical,True,1.554008201530723,0.01,2.8000000000000003e-09,N_ABS_NKCC_S4_PLOW_KLOW_AE4NA05_P1_H1:B00,inherited_root,100.0
legacy_06,1.2006334019634526e-08,K_basolateral,True,1.0719941088959397,0.01,1.1200000000000001e-08,N_ABS_NKCC_S4_PLOW_KLOW_AE4NA05_P1_H1:B00,inherited_root,100.0
legacy_06,2.3678665003126546e-08,CaCC,True,0.7540976115645396,0.01,3.14e-08,N_ABS_NKCC_S4_PLOW_KLOW_AE4NA05_P1_H1:B00,inherited_root,100.0
legacy_06,0.0002000000000002003,CO2_basolateral,True,0.010000000000010015,0.01,0.02,N_ABS_NKCC_S4_PLOW_KLOW_AE4NA05_P1_H1:B00,inherited_root,100.0
legacy_06,0.00010000000000010014,CO2_apical,True,0.010000000000010015,0.01,0.01,N_ABS_NKCC_S4_PLOW_KLOW_AE4NA05_P1_H1:B00,inherited_root,100.0
legacy_06,4.053602465500311e-10,paracellular_Na,True,1.351200821833437,0.01,3e-10,N_ABS_NKCC_S4_PLOW_KLOW_AE4NA05_P1_H1:B00,inherited_root,100.0
legacy_06,3.61952655202413e-09,paracellular_K,True,72.3905310404826,0.01,5e-11,N_ABS_NKCC_S4_PLOW_KLOW_AE4NA05_P1_H1:B00,inherited_root,100.0
legacy_06,1.3133940947324202e-10,paracellular_Cl,True,0.5253576378929681,0.01,2.5e-10,N_ABS_NKCC_S4_PLOW_KLOW_AE4NA05_P1_H1:B00,inherited_root,100.0
legacy_06,6.075333362989222e-11,paracellular_HCO3,True,1.2150666725978443,0.01,5e-11,N_ABS_NKCC_S4_PLOW_KLOW_AE4NA05_P1_H1:B00,inherited_root,100.0
legacy_07,14.791871869437493,AE4,True,98.52943424814893,0.01,0.1501264265070657,N_ABS_NKCC_S4_PLOW_KLOW_AE4NA20_P2_H1:B00,inherited_root,100.0
legacy_07,0.34737954804740395,NKCC1,True,1.0855610876481374,0.01,0.32,N_ABS_NKCC_S4_PLOW_KLOW_AE4NA20_P2_H1:B00,inherited_root,100.0
legacy_07,5.000000000005007e-05,AE2,True,0.010000000000010015,0.01,0.005,N_ABS_NKCC_S4_PLOW_KLOW_AE4NA20_P2_H1:B00,inherited_root,100.0
legacy_07,7.440980590421933e-05,NHE1,True,0.010000000000010015,0.01,0.007440980590414482,N_ABS_NKCC_S4_PLOW_KLOW_AE4NA20_P2_H1:B00,inherited_root,100.0
legacy_07,0.000579539747643611,pump_apical,True,0.06368232748641951,0.01,0.00910048,N_ABS_NKCC_S4_PLOW_KLOW_AE4NA20_P2_H1:B00,inherited_root,100.0
legacy_07,0.010798869234035677,pump_basolateral,True,0.07156331069864023,0.01,0.15089952,N_ABS_NKCC_S4_PLOW_KLOW_AE4NA20_P2_H1:B00,inherited_root,100.0
legacy_07,4.97967740026001e-10,K_apical,True,0.17784562143785748,0.01,2.8000000000000003e-09,N_ABS_NKCC_S4_PLOW_KLOW_AE4NA20_P2_H1:B00,inherited_root,100.0
legacy_07,7.669566212141178e-09,K_basolateral,True,0.6847826975126051,0.01,1.1200000000000001e-08,N_ABS_NKCC_S4_PLOW_KLOW_AE4NA20_P2_H1:B00,inherited_root,100.0
legacy_07,7.256033242884601e-09,CaCC,True,0.23108386123836308,0.01,3.14e-08,N_ABS_NKCC_S4_PLOW_KLOW_AE4NA20_P2_H1:B00,inherited_root,100.0
legacy_07,0.0002000000000002003,CO2_basolateral,True,0.010000000000010015,0.01,0.02,N_ABS_NKCC_S4_PLOW_KLOW_AE4NA20_P2_H1:B00,inherited_root,100.0
legacy_07,0.00010000000000010014,CO2_apical,True,0.010000000000010015,0.01,0.01,N_ABS_NKCC_S4_PLOW_KLOW_AE4NA20_P2_H1:B00,inherited_root,100.0
legacy_07,4.623779440293267e-11,paracellular_Na,True,0.1541259813431089,0.01,3e-10,N_ABS_NKCC_S4_PLOW_KLOW_AE4NA20_P2_H1:B00,inherited_root,100.0
legacy_07,5.342475751452958e-13,paracellular_K,True,0.010684951502905915,0.01,5e-11,N_ABS_NKCC_S4_PLOW_KLOW_AE4NA20_P2_H1:B00,inherited_root,100.0
legacy_07,8.892508392356464e-11,paracellular_Cl,True,0.3557003356942585,0.01,2.5e-10,N_ABS_NKCC_S4_PLOW_KLOW_AE4NA20_P2_H1:B00,inherited_root,100.0
legacy_07,6.813149450163056e-12,paracellular_HCO3,True,0.13626298900326111,0.01,5e-11,N_ABS_NKCC_S4_PLOW_KLOW_AE4NA20_P2_H1:B00,inherited_root,100.0
legacy_08,15.012642650691548,AE4,True,99.99999999989994,0.01,0.1501264265070657,N_ABS_NKCC_S4_PNOM_KMID_AE4NA05_P1_H1:B00,inherited_root,100.0
legacy_08,0.9662024587963421,NKCC1,True,3.019382683738569,0.01,0.32,N_ABS_NKCC_S4_PNOM_KMID_AE4NA05_P1_H1:B00,inherited_root,100.0
legacy_08,5.000000000005007e-05,AE2,True,0.010000000000010015,0.01,0.005,N_ABS_NKCC_S4_PNOM_KMID_AE4NA05_P1_H1:B00,inherited_root,100.0
legacy_08,7.440980590421933e-05,NHE1,True,0.010000000000010015,0.01,0.007440980590414482,N_ABS_NKCC_S4_PNOM_KMID_AE4NA05_P1_H1:B00,inherited_root,100.0
legacy_08,0.0009581270332866243,pump_apical,True,0.15952831057053352,0.01,0.006006,N_ABS_NKCC_S4_PNOM_KMID_AE4NA05_P1_H1:B00,inherited_root,100.0
legacy_08,0.022190379327348023,pump_basolateral,True,0.29989430666470285,0.01,0.073994,N_ABS_NKCC_S4_PNOM_KMID_AE4NA05_P1_H1:B00,inherited_root,100.0
legacy_08,3.4498634842860472e-09,K_apical,True,0.8213960676871542,0.01,4.1999999999999996e-09,N_ABS_NKCC_S4_PNOM_KMID_AE4NA05_P1_H1:B00,inherited_root,100.0
legacy_08,2.2424407673101468e-08,K_basolateral,True,2.288204864602191,0.01,9.799999999999998e-09,N_ABS_NKCC_S4_PNOM_KMID_AE4NA05_P1_H1:B00,inherited_root,100.0
legacy_08,1.7444189499729452e-08,CaCC,True,0.5555474362971162,0.01,3.14e-08,N_ABS_NKCC_S4_PNOM_KMID_AE4NA05_P1_H1:B00,inherited_root,100.0
legacy_08,0.0002000000000002003,CO2_basolateral,True,0.010000000000010015,0.01,0.02,N_ABS_NKCC_S4_PNOM_KMID_AE4NA05_P1_H1:B00,inherited_root,100.0
legacy_08,0.00010000000000010014,CO2_apical,True,0.010000000000010015,0.01,0.01,N_ABS_NKCC_S4_PNOM_KMID_AE4NA05_P1_H1:B00,inherited_root,100.0
legacy_08,4.5322978023836216e-11,paracellular_Na,True,0.1510765934127874,0.01,3e-10,N_ABS_NKCC_S4_PNOM_KMID_AE4NA05_P1_H1:B00,inherited_root,100.0
legacy_08,1.2837267229531328e-10,paracellular_K,True,2.5674534459062657,0.01,5e-11,N_ABS_NKCC_S4_PNOM_KMID_AE4NA05_P1_H1:B00,inherited_root,100.0
legacy_08,2.6591759250728015e-10,paracellular_Cl,True,1.0636703700291206,0.01,2.5e-10,N_ABS_NKCC_S4_PNOM_KMID_AE4NA05_P1_H1:B00,inherited_root,100.0
legacy_08,1.0356216413736142e-11,paracellular_HCO3,True,0.20712432827472282,0.01,5e-11,N_ABS_NKCC_S4_PNOM_KMID_AE4NA05_P1_H1:B00,inherited_root,100.0
legacy_09,14.883428201651913,AE4,True,99.13929577849123,0.01,0.1501264265070657,N_ABS_NKCC_S4_PNOM_KMID_AE4NA20_P2_H1:B00,inherited_root,100.0
legacy_09,0.5005390493114812,NKCC1,True,1.5641845290983787,0.01,0.32,N_ABS_NKCC_S4_PNOM_KMID_AE4NA20_P2_H1:B00,inherited_root,100.0
legacy_09,5.000000000005016e-05,AE2,True,0.010000000000010032,0.01,0.005,N_ABS_NKCC_S4_PNOM_KMID_AE4NA20_P2_H1:B00,inherited_root,100.0
legacy_09,7.440980590421933e-05,NHE1,True,0.010000000000010015,0.01,0.007440980590414482,N_ABS_NKCC_S4_PNOM_KMID_AE4NA20_P2_H1:B00,inherited_root,100.0
legacy_09,0.0012789258429188378,pump_apical,True,0.10647068289367614,0.01,0.012012,N_ABS_NKCC_S4_PNOM_KMID_AE4NA20_P2_H1:B00,inherited_root,100.0
legacy_09,0.014498390731584812,pump_basolateral,True,0.09797004305473965,0.01,0.147988,N_ABS_NKCC_S4_PNOM_KMID_AE4NA20_P2_H1:B00,inherited_root,100.0
legacy_09,1.5482238388727497e-09,K_apical,True,0.3686247235411309,0.01,4.1999999999999996e-09,N_ABS_NKCC_S4_PNOM_KMID_AE4NA20_P2_H1:B00,inherited_root,100.0
legacy_09,8.964614712376024e-09,K_basolateral,True,0.914756603303676,0.01,9.799999999999998e-09,N_ABS_NKCC_S4_PNOM_KMID_AE4NA20_P2_H1:B00,inherited_root,100.0
legacy_09,9.394115070778422e-09,CaCC,True,0.299175639196765,0.01,3.14e-08,N_ABS_NKCC_S4_PNOM_KMID_AE4NA20_P2_H1:B00,inherited_root,100.0
legacy_09,0.0002000000000002003,CO2_basolateral,True,0.010000000000010015,0.01,0.02,N_ABS_NKCC_S4_PNOM_KMID_AE4NA20_P2_H1:B00,inherited_root,100.0
legacy_09,0.00010000000000010014,CO2_apical,True,0.010000000000010015,0.01,0.01,N_ABS_NKCC_S4_PNOM_KMID_AE4NA20_P2_H1:B00,inherited_root,100.0
legacy_09,5.121321776313169e-11,paracellular_Na,True,0.17071072587710562,0.01,3e-10,N_ABS_NKCC_S4_PNOM_KMID_AE4NA20_P2_H1:B00,inherited_root,100.0
legacy_09,6.763528587026335e-13,paracellular_K,True,0.01352705717405267,0.01,5e-11,N_ABS_NKCC_S4_PNOM_KMID_AE4NA20_P2_H1:B00,inherited_root,100.0
legacy_09,1.4334547215973434e-10,paracellular_Cl,True,0.5733818886389374,0.01,2.5e-10,N_ABS_NKCC_S4_PNOM_KMID_AE4NA20_P2_H1:B00,inherited_root,100.0
legacy_09,7.189774424240349e-12,paracellular_HCO3,True,0.14379548848480697,0.01,5e-11,N_ABS_NKCC_S4_PNOM_KMID_AE4NA20_P2_H1:B00,inherited_root,100.0
robust_00,13.013399447103247,AE4,True,86.68293617506956,0.01,0.1501264265070657,N_ABS_NKCC_S4_PHIGH_KHIGH_AE4NA05_P1_H1:B00,WT_only_high_carbon,100.0
robust_00,0.028301137223583486,NKCC1,True,0.08844105382369839,0.01,0.32,N_ABS_NKCC_S4_PHIGH_KHIGH_AE4NA05_P1_H1:B00,WT_only_high_carbon,100.0
robust_00,5.000000000005012e-05,AE2,True,0.010000000000010023,0.01,0.005,N_ABS_NKCC_S4_PHIGH_KHIGH_AE4NA05_P1_H1:B00,WT_only_high_carbon,100.0
robust_00,7.440980590421933e-05,NHE1,True,0.010000000000010015,0.01,0.007440980590414482,N_ABS_NKCC_S4_PHIGH_KHIGH_AE4NA05_P1_H1:B00,WT_only_high_carbon,100.0
robust_00,7.836382735610155e-05,pump_apical,True,0.010356160974681975,0.01,0.007566880000000001,N_ABS_NKCC_S4_PHIGH_KHIGH_AE4NA05_P1_H1:B00,WT_only_high_carbon,100.0
robust_00,0.7767811821494156,pump_basolateral,True,10.724116014185439,0.01,0.07243312,N_ABS_NKCC_S4_PHIGH_KHIGH_AE4NA05_P1_H1:B00,WT_only_high_carbon,100.0
robust_00,1.3388773364256064e-10,K_apical,True,0.02390852386474297,0.01,5.6000000000000005e-09,N_ABS_NKCC_S4_PHIGH_KHIGH_AE4NA05_P1_H1:B00,WT_only_high_carbon,100.0
robust_00,7.828152425947958e-10,K_basolateral,True,0.09319229078509475,0.01,8.399999999999999e-09,N_ABS_NKCC_S4_PHIGH_KHIGH_AE4NA05_P1_H1:B00,WT_only_high_carbon,100.0
robust_00,2.898158519596065e-09,CaCC,True,0.09229804202535237,0.01,3.14e-08,N_ABS_NKCC_S4_PHIGH_KHIGH_AE4NA05_P1_H1:B00,WT_only_high_carbon,100.0
robust_00,0.0002000000000002003,CO2_basolateral,True,0.010000000000010015,0.01,0.02,N_ABS_NKCC_S4_PHIGH_KHIGH_AE4NA05_P1_H1:B00,WT_only_high_carbon,100.0
robust_00,0.00010000000008789684,CO2_apical,True,0.010000000008789684,0.01,0.01,N_ABS_NKCC_S4_PHIGH_KHIGH_AE4NA05_P1_H1:B00,WT_only_high_carbon,100.0
robust_00,3.0004507312095813e-12,paracellular_Na,True,0.010001502437365271,0.01,3e-10,N_ABS_NKCC_S4_PHIGH_KHIGH_AE4NA05_P1_H1:B00,WT_only_high_carbon,100.0
robust_00,3.133484152278867e-09,paracellular_K,True,62.669683045577344,0.01,5e-11,N_ABS_NKCC_S4_PHIGH_KHIGH_AE4NA05_P1_H1:B00,WT_only_high_carbon,100.0
robust_00,5.139975757662034e-09,paracellular_Cl,True,20.559903030648133,0.01,2.5e-10,N_ABS_NKCC_S4_PHIGH_KHIGH_AE4NA05_P1_H1:B00,WT_only_high_carbon,100.0
robust_00,5.000000000005007e-13,paracellular_HCO3,True,0.010000000000010015,0.01,5e-11,N_ABS_NKCC_S4_PHIGH_KHIGH_AE4NA05_P1_H1:B00,WT_only_high_carbon,100.0
robust_01,13.466742634845902,AE4,True,89.70267892316807,0.01,0.1501264265070657,N_ABS_NKCC_S4_PHIGH_KHIGH_AE4NA20_P2_H1:B00,WT_only_high_carbon,100.0
robust_01,0.05897988154760548,NKCC1,True,0.18431212983626713,0.01,0.32,N_ABS_NKCC_S4_PHIGH_KHIGH_AE4NA20_P2_H1:B00,WT_only_high_carbon,100.0
robust_01,5.000000000005007e-05,AE2,True,0.010000000000010015,0.01,0.005,N_ABS_NKCC_S4_PHIGH_KHIGH_AE4NA20_P2_H1:B00,WT_only_high_carbon,100.0
robust_01,7.440980590421933e-05,NHE1,True,0.010000000000010015,0.01,0.007440980590414482,N_ABS_NKCC_S4_PHIGH_KHIGH_AE4NA20_P2_H1:B00,WT_only_high_carbon,100.0
robust_01,0.00016944512413415706,pump_apical,True,0.011196498697888498,0.01,0.015133760000000001,N_ABS_NKCC_S4_PHIGH_KHIGH_AE4NA20_P2_H1:B00,WT_only_high_carbon,100.0
robust_01,2.4228409932409276,pump_basolateral,True,16.72467645492095,0.01,0.14486624,N_ABS_NKCC_S4_PHIGH_KHIGH_AE4NA20_P2_H1:B00,WT_only_high_carbon,100.0
robust_01,1.0545492512091023e-10,K_apical,True,0.01883123662873397,0.01,5.6000000000000005e-09,N_ABS_NKCC_S4_PHIGH_KHIGH_AE4NA20_P2_H1:B00,WT_only_high_carbon,100.0
robust_01,1.8403816577465044e-09,K_basolateral,True,0.2190930544936315,0.01,8.399999999999999e-09,N_ABS_NKCC_S4_PHIGH_KHIGH_AE4NA20_P2_H1:B00,WT_only_high_carbon,100.0
robust_01,6.521289740674025e-09,CaCC,True,0.20768438664566957,0.01,3.14e-08,N_ABS_NKCC_S4_PHIGH_KHIGH_AE4NA20_P2_H1:B00,WT_only_high_carbon,100.0
robust_01,0.00020000000016918867,CO2_basolateral,True,0.010000000008459433,0.01,0.02,N_ABS_NKCC_S4_PHIGH_KHIGH_AE4NA20_P2_H1:B00,WT_only_high_carbon,100.0
robust_01,0.00010018649123092718,CO2_apical,True,0.010018649123092718,0.01,0.01,N_ABS_NKCC_S4_PHIGH_KHIGH_AE4NA20_P2_H1:B00,WT_only_high_carbon,100.0
robust_01,3.0003920348306323e-12,paracellular_Na,True,0.010001306782768775,0.01,3e-10,N_ABS_NKCC_S4_PHIGH_KHIGH_AE4NA20_P2_H1:B00,WT_only_high_carbon,100.0
robust_01,3.7196667696522377e-09,paracellular_K,True,74.39333539304475,0.01,5e-11,N_ABS_NKCC_S4_PHIGH_KHIGH_AE4NA20_P2_H1:B00,WT_only_high_carbon,100.0
robust_01,3.2864798971130098e-09,paracellular_Cl,True,13.145919588452038,0.01,2.5e-10,N_ABS_NKCC_S4_PHIGH_KHIGH_AE4NA20_P2_H1:B00,WT_only_high_carbon,100.0
robust_01,5.000000000005007e-13,paracellular_HCO3,True,0.010000000000010015,0.01,5e-11,N_ABS_NKCC_S4_PHIGH_KHIGH_AE4NA20_P2_H1:B00,WT_only_high_carbon,100.0
robust_02,13.292397219687007,AE4,True,88.54135496964886,0.01,0.1501264265070657,N_ABS_NKCC_S4_PHIGH_KLOW_AE4NA05_P1_H1:B00,WT_only_high_carbon,100.0
robust_02,0.035487133962317376,NKCC1,True,0.1108972936322418,0.01,0.32,N_ABS_NKCC_S4_PHIGH_KLOW_AE4NA05_P1_H1:B00,WT_only_high_carbon,100.0
robust_02,5.000000000005007e-05,AE2,True,0.010000000000010015,0.01,0.005,N_ABS_NKCC_S4_PHIGH_KLOW_AE4NA05_P1_H1:B00,WT_only_high_carbon,100.0
robust_02,7.440980590421933e-05,NHE1,True,0.010000000000010015,0.01,0.007440980590414482,N_ABS_NKCC_S4_PHIGH_KLOW_AE4NA05_P1_H1:B00,WT_only_high_carbon,100.0
robust_02,7.626343319821894e-05,pump_apical,True,0.010078583669652344,0.01,0.007566880000000001,N_ABS_NKCC_S4_PHIGH_KLOW_AE4NA05_P1_H1:B00,WT_only_high_carbon,100.0
robust_02,0.7885358061732609,pump_basolateral,True,10.886398462102155,0.01,0.07243312,N_ABS_NKCC_S4_PHIGH_KLOW_AE4NA05_P1_H1:B00,WT_only_high_carbon,100.0
robust_02,8.61589905562599e-11,K_apical,True,0.030771068055807104,0.01,2.8000000000000003e-09,N_ABS_NKCC_S4_PHIGH_KLOW_AE4NA05_P1_H1:B00,WT_only_high_carbon,100.0
robust_02,1.109262262865608e-09,K_basolateral,True,0.09904127347014358,0.01,1.1200000000000001e-08,N_ABS_NKCC_S4_PHIGH_KLOW_AE4NA05_P1_H1:B00,WT_only_high_carbon,100.0
robust_02,3.331982243881089e-09,CaCC,True,0.10611408420003468,0.01,3.14e-08,N_ABS_NKCC_S4_PHIGH_KLOW_AE4NA05_P1_H1:B00,WT_only_high_carbon,100.0
robust_02,0.0002000000000002003,CO2_basolateral,True,0.010000000000010015,0.01,0.02,N_ABS_NKCC_S4_PHIGH_KLOW_AE4NA05_P1_H1:B00,WT_only_high_carbon,100.0
robust_02,0.00010000000000063678,CO2_apical,True,0.010000000000063678,0.01,0.01,N_ABS_NKCC_S4_PHIGH_KLOW_AE4NA05_P1_H1:B00,WT_only_high_carbon,100.0
robust_02,3.0003947817912326e-12,paracellular_Na,True,0.010001315939304109,0.01,3e-10,N_ABS_NKCC_S4_PHIGH_KLOW_AE4NA05_P1_H1:B00,WT_only_high_carbon,100.0
robust_02,3.1590969111927776e-09,paracellular_K,True,63.181938223855546,0.01,5e-11,N_ABS_NKCC_S4_PHIGH_KLOW_AE4NA05_P1_H1:B00,WT_only_high_carbon,100.0
robust_02,4.156407712324868e-09,paracellular_Cl,True,16.625630849299473,0.01,2.5e-10,N_ABS_NKCC_S4_PHIGH_KLOW_AE4NA05_P1_H1:B00,WT_only_high_carbon,100.0
robust_02,5.000000000005007e-13,paracellular_HCO3,True,0.010000000000010015,0.01,5e-11,N_ABS_NKCC_S4_PHIGH_KLOW_AE4NA05_P1_H1:B00,WT_only_high_carbon,100.0
robust_03,15.012624476378011,AE4,True,99.99987893984436,0.01,0.1501264265070657,N_ABS_NKCC_S4_PHIGH_KLOW_AE4NA20_P2_H1:B00,WT_only_high_carbon,100.0
robust_03,0.00816823563982695,NKCC1,True,0.025525736374459217,0.01,0.32,N_ABS_NKCC_S4_PHIGH_KLOW_AE4NA20_P2_H1:B00,WT_only_high_carbon,100.0
robust_03,5.000000000005012e-05,AE2,True,0.010000000000010023,0.01,0.005,N_ABS_NKCC_S4_PHIGH_KLOW_AE4NA20_P2_H1:B00,WT_only_high_carbon,100.0
robust_03,7.440980590421933e-05,NHE1,True,0.010000000000010015,0.01,0.007440980590414482,N_ABS_NKCC_S4_PHIGH_KLOW_AE4NA20_P2_H1:B00,WT_only_high_carbon,100.0
robust_03,0.00018886431429792312,pump_apical,True,0.012479668918888836,0.01,0.015133760000000001,N_ABS_NKCC_S4_PHIGH_KLOW_AE4NA20_P2_H1:B00,WT_only_high_carbon,100.0
robust_03,0.33930203163038986,pump_basolateral,True,2.3421746269551127,0.01,0.14486624,N_ABS_NKCC_S4_PHIGH_KLOW_AE4NA20_P2_H1:B00,WT_only_high_carbon,100.0
robust_03,1.5914737992089537e-10,K_apical,True,0.056838349971748345,0.01,2.8000000000000003e-09,N_ABS_NKCC_S4_PHIGH_KLOW_AE4NA20_P2_H1:B00,WT_only_high_carbon,100.0
robust_03,1.1416275182946197e-10,K_basolateral,True,0.010193102841916246,0.01,1.1200000000000001e-08,N_ABS_NKCC_S4_PHIGH_KLOW_AE4NA20_P2_H1:B00,WT_only_high_carbon,100.0
robust_03,9.557855301183665e-10,CaCC,True,0.030439029621604025,0.01,3.14e-08,N_ABS_NKCC_S4_PHIGH_KLOW_AE4NA20_P2_H1:B00,WT_only_high_carbon,100.0
robust_03,0.0002000000000002003,CO2_basolateral,True,0.010000000000010015,0.01,0.02,N_ABS_NKCC_S4_PHIGH_KLOW_AE4NA20_P2_H1:B00,WT_only_high_carbon,100.0
robust_03,0.00010000000000010014,CO2_apical,True,0.010000000000010015,0.01,0.01,N_ABS_NKCC_S4_PHIGH_KLOW_AE4NA20_P2_H1:B00,WT_only_high_carbon,100.0
robust_03,3.002327875246233e-12,paracellular_Na,True,0.01000775958415411,0.01,3e-10,N_ABS_NKCC_S4_PHIGH_KLOW_AE4NA20_P2_H1:B00,WT_only_high_carbon,100.0
robust_03,8.26680615081384e-11,paracellular_K,True,1.653361230162768,0.01,5e-11,N_ABS_NKCC_S4_PHIGH_KLOW_AE4NA20_P2_H1:B00,WT_only_high_carbon,100.0
robust_03,1.91273972412724e-08,paracellular_Cl,True,76.50958896508959,0.01,2.5e-10,N_ABS_NKCC_S4_PHIGH_KLOW_AE4NA20_P2_H1:B00,WT_only_high_carbon,100.0
robust_03,5.000000000005007e-13,paracellular_HCO3,True,0.010000000000010015,0.01,5e-11,N_ABS_NKCC_S4_PHIGH_KLOW_AE4NA20_P2_H1:B00,WT_only_high_carbon,100.0
robust_04,15.012642650691548,AE4,True,99.99999999989994,0.01,0.1501264265070657,N_ABS_NKCC_S4_PLOW_KHIGH_AE4NA05_P1_H1:B00,WT_only_high_carbon,100.0
robust_04,0.005771409801452698,NKCC1,True,0.018035655629539682,0.01,0.32,N_ABS_NKCC_S4_PLOW_KHIGH_AE4NA05_P1_H1:B00,WT_only_high_carbon,100.0
robust_04,5.000000000005007e-05,AE2,True,0.010000000000010015,0.01,0.005,N_ABS_NKCC_S4_PLOW_KHIGH_AE4NA05_P1_H1:B00,WT_only_high_carbon,100.0
robust_04,7.440980590421933e-05,NHE1,True,0.010000000000010015,0.01,0.007440980590414482,N_ABS_NKCC_S4_PLOW_KHIGH_AE4NA05_P1_H1:B00,WT_only_high_carbon,100.0
robust_04,4.5502400000045564e-05,pump_apical,True,0.010000000000010015,0.01,0.00455024,N_ABS_NKCC_S4_PLOW_KHIGH_AE4NA05_P1_H1:B00,WT_only_high_carbon,100.0
robust_04,0.1003349868429365,pump_basolateral,True,1.3298251292374752,0.01,0.07544976,N_ABS_NKCC_S4_PLOW_KHIGH_AE4NA05_P1_H1:B00,WT_only_high_carbon,100.0
robust_04,9.457654851148487e-08,K_apical,True,16.888669377050867,0.01,5.6000000000000005e-09,N_ABS_NKCC_S4_PLOW_KHIGH_AE4NA05_P1_H1:B00,WT_only_high_carbon,100.0
robust_04,2.4989749720977986e-10,K_basolateral,True,0.02974970204878332,0.01,8.399999999999999e-09,N_ABS_NKCC_S4_PLOW_KHIGH_AE4NA05_P1_H1:B00,WT_only_high_carbon,100.0
robust_04,3.2152252426771864e-10,CaCC,True,0.010239570836551548,0.01,3.14e-08,N_ABS_NKCC_S4_PLOW_KHIGH_AE4NA05_P1_H1:B00,WT_only_high_carbon,100.0
robust_04,0.0002000000000002003,CO2_basolateral,True,0.010000000000010015,0.01,0.02,N_ABS_NKCC_S4_PLOW_KHIGH_AE4NA05_P1_H1:B00,WT_only_high_carbon,100.0
robust_04,0.00010000000000010014,CO2_apical,True,0.010000000000010015,0.01,0.01,N_ABS_NKCC_S4_PLOW_KHIGH_AE4NA05_P1_H1:B00,WT_only_high_carbon,100.0
robust_04,3.000000000003007e-12,paracellular_Na,True,0.010000000000010023,0.01,3e-10,N_ABS_NKCC_S4_PLOW_KHIGH_AE4NA05_P1_H1:B00,WT_only_high_carbon,100.0
robust_04,5.006342582997009e-13,paracellular_K,True,0.01001268516599402,0.01,5e-11,N_ABS_NKCC_S4_PLOW_KHIGH_AE4NA05_P1_H1:B00,WT_only_high_carbon,100.0
robust_04,1.7310532776223724e-08,paracellular_Cl,True,69.2421311048949,0.01,2.5e-10,N_ABS_NKCC_S4_PLOW_KHIGH_AE4NA05_P1_H1:B00,WT_only_high_carbon,100.0
robust_04,5.000000000005007e-13,paracellular_HCO3,True,0.010000000000010015,0.01,5e-11,N_ABS_NKCC_S4_PLOW_KHIGH_AE4NA05_P1_H1:B00,WT_only_high_carbon,100.0
robust_05,13.675212734542574,AE4,True,91.09130918998429,0.01,0.1501264265070657,N_ABS_NKCC_S4_PLOW_KHIGH_AE4NA20_P2_H1:B00,WT_only_high_carbon,100.0
robust_05,0.011489907195922173,NKCC1,True,0.03590595998725679,0.01,0.32,N_ABS_NKCC_S4_PLOW_KHIGH_AE4NA20_P2_H1:B00,WT_only_high_carbon,100.0
robust_05,5.000000000005007e-05,AE2,True,0.010000000000010015,0.01,0.005,N_ABS_NKCC_S4_PLOW_KHIGH_AE4NA20_P2_H1:B00,WT_only_high_carbon,100.0
robust_05,7.440980590421954e-05,NHE1,True,0.01000000000001004,0.01,0.007440980590414482,N_ABS_NKCC_S4_PLOW_KHIGH_AE4NA20_P2_H1:B00,WT_only_high_carbon,100.0
robust_05,0.00013497632964473794,pump_apical,True,0.014831781361503784,0.01,0.00910048,N_ABS_NKCC_S4_PLOW_KHIGH_AE4NA20_P2_H1:B00,WT_only_high_carbon,100.0
robust_05,0.4752360562937575,pump_basolateral,True,3.1493543272619915,0.01,0.15089952,N_ABS_NKCC_S4_PLOW_KHIGH_AE4NA20_P2_H1:B00,WT_only_high_carbon,100.0
robust_05,1.1257939529204804e-10,K_apical,True,0.020103463445008577,0.01,5.6000000000000005e-09,N_ABS_NKCC_S4_PLOW_KHIGH_AE4NA20_P2_H1:B00,WT_only_high_carbon,100.0
robust_05,1.5822011945440507e-10,K_basolateral,True,0.018835728506476798,0.01,8.399999999999999e-09,N_ABS_NKCC_S4_PLOW_KHIGH_AE4NA20_P2_H1:B00,WT_only_high_carbon,100.0
robust_05,1.8084745277864583e-08,CaCC,True,0.5759473018428211,0.01,3.14e-08,N_ABS_NKCC_S4_PLOW_KHIGH_AE4NA20_P2_H1:B00,WT_only_high_carbon,100.0
robust_05,0.0002000000000002003,CO2_basolateral,True,0.010000000000010015,0.01,0.02,N_ABS_NKCC_S4_PLOW_KHIGH_AE4NA20_P2_H1:B00,WT_only_high_carbon,100.0
robust_05,0.00010000000000013115,CO2_apical,True,0.010000000000013115,0.01,0.01,N_ABS_NKCC_S4_PLOW_KHIGH_AE4NA20_P2_H1:B00,WT_only_high_carbon,100.0
robust_05,3.206139509855033e-12,paracellular_Na,True,0.010687131699516777,0.01,3e-10,N_ABS_NKCC_S4_PLOW_KHIGH_AE4NA20_P2_H1:B00,WT_only_high_carbon,100.0
robust_05,2.0907507429084663e-09,paracellular_K,True,41.81501485816933,0.01,5e-11,N_ABS_NKCC_S4_PLOW_KHIGH_AE4NA20_P2_H1:B00,WT_only_high_carbon,100.0
robust_05,7.88823144432047e-09,paracellular_Cl,True,31.552925777281878,0.01,2.5e-10,N_ABS_NKCC_S4_PLOW_KHIGH_AE4NA20_P2_H1:B00,WT_only_high_carbon,100.0
robust_05,5.000000000005007e-13,paracellular_HCO3,True,0.010000000000010015,0.01,5e-11,N_ABS_NKCC_S4_PLOW_KHIGH_AE4NA20_P2_H1:B00,WT_only_high_carbon,100.0
robust_06,13.13723765972986,AE4,True,87.50782900378672,0.01,0.1501264265070657,N_ABS_NKCC_S4_PLOW_KLOW_AE4NA05_P1_H1:B00,WT_only_high_carbon,100.0
robust_06,0.5440298067422138,NKCC1,True,1.700093146069418,0.01,0.32,N_ABS_NKCC_S4_PLOW_KLOW_AE4NA05_P1_H1:B00,WT_only_high_carbon,100.0
robust_06,5.000000000005007e-05,AE2,True,0.010000000000010015,0.01,0.005,N_ABS_NKCC_S4_PLOW_KLOW_AE4NA05_P1_H1:B00,WT_only_high_carbon,100.0
robust_06,7.440980590421933e-05,NHE1,True,0.010000000000010015,0.01,0.007440980590414482,N_ABS_NKCC_S4_PLOW_KLOW_AE4NA05_P1_H1:B00,WT_only_high_carbon,100.0
robust_06,4.5502400000045564e-05,pump_apical,True,0.010000000000010015,0.01,0.00455024,N_ABS_NKCC_S4_PLOW_KLOW_AE4NA05_P1_H1:B00,WT_only_high_carbon,100.0
robust_06,0.014343620738062163,pump_basolateral,True,0.1901082354412017,0.01,0.07544976,N_ABS_NKCC_S4_PLOW_KLOW_AE4NA05_P1_H1:B00,WT_only_high_carbon,100.0
robust_06,1.3402508667427056e-10,K_apical,True,0.04786610238366805,0.01,2.8000000000000003e-09,N_ABS_NKCC_S4_PLOW_KLOW_AE4NA05_P1_H1:B00,WT_only_high_carbon,100.0
robust_06,2.630946659048669e-09,K_basolateral,True,0.234905951700774,0.01,1.1200000000000001e-08,N_ABS_NKCC_S4_PLOW_KLOW_AE4NA05_P1_H1:B00,WT_only_high_carbon,100.0
robust_06,3.801747427002846e-09,CaCC,True,0.12107475882174668,0.01,3.14e-08,N_ABS_NKCC_S4_PLOW_KLOW_AE4NA05_P1_H1:B00,WT_only_high_carbon,100.0
robust_06,0.0002000000000002003,CO2_basolateral,True,0.010000000000010015,0.01,0.02,N_ABS_NKCC_S4_PLOW_KLOW_AE4NA05_P1_H1:B00,WT_only_high_carbon,100.0
robust_06,0.00010000021227903909,CO2_apical,True,0.010000021227903909,0.01,0.01,N_ABS_NKCC_S4_PLOW_KLOW_AE4NA05_P1_H1:B00,WT_only_high_carbon,100.0
robust_06,3.000201937461201e-12,paracellular_Na,True,0.01000067312487067,0.01,3e-10,N_ABS_NKCC_S4_PLOW_KLOW_AE4NA05_P1_H1:B00,WT_only_high_carbon,100.0
robust_06,4.999933478938309e-09,paracellular_K,True,99.99866957876617,0.01,5e-11,N_ABS_NKCC_S4_PLOW_KLOW_AE4NA05_P1_H1:B00,WT_only_high_carbon,100.0
robust_06,3.306506382675034e-09,paracellular_Cl,True,13.226025530700134,0.01,2.5e-10,N_ABS_NKCC_S4_PLOW_KLOW_AE4NA05_P1_H1:B00,WT_only_high_carbon,100.0
robust_06,5.000000000005007e-13,paracellular_HCO3,True,0.010000000000010015,0.01,5e-11,N_ABS_NKCC_S4_PLOW_KLOW_AE4NA05_P1_H1:B00,WT_only_high_carbon,100.0
robust_07,14.535930786630919,AE4,True,96.82459727333072,0.01,0.1501264265070657,N_ABS_NKCC_S4_PLOW_KLOW_AE4NA20_P2_H1:B00,WT_only_high_carbon,100.0
robust_07,0.006525310411471239,NKCC1,True,0.020391595035847622,0.01,0.32,N_ABS_NKCC_S4_PLOW_KLOW_AE4NA20_P2_H1:B00,WT_only_high_carbon,100.0
robust_07,5.000000000005007e-05,AE2,True,0.010000000000010015,0.01,0.005,N_ABS_NKCC_S4_PLOW_KLOW_AE4NA20_P2_H1:B00,WT_only_high_carbon,100.0
robust_07,7.440980590421933e-05,NHE1,True,0.010000000000010015,0.01,0.007440980590414482,N_ABS_NKCC_S4_PLOW_KLOW_AE4NA20_P2_H1:B00,WT_only_high_carbon,100.0
robust_07,9.799685835825619e-05,pump_apical,True,0.010768317534707642,0.01,0.00910048,N_ABS_NKCC_S4_PLOW_KLOW_AE4NA20_P2_H1:B00,WT_only_high_carbon,100.0
robust_07,0.16348440419226506,pump_basolateral,True,1.0833991002242092,0.01,0.15089952,N_ABS_NKCC_S4_PLOW_KLOW_AE4NA20_P2_H1:B00,WT_only_high_carbon,100.0
robust_07,1.4275815011191272e-07,K_apical,True,50.9850536113974,0.01,2.8000000000000003e-09,N_ABS_NKCC_S4_PLOW_KLOW_AE4NA20_P2_H1:B00,WT_only_high_carbon,100.0
robust_07,3.315395454534817e-10,K_basolateral,True,0.029601745129775148,0.01,1.1200000000000001e-08,N_ABS_NKCC_S4_PLOW_KLOW_AE4NA20_P2_H1:B00,WT_only_high_carbon,100.0
robust_07,3.16265699217616e-10,CaCC,True,0.010072156026038724,0.01,3.14e-08,N_ABS_NKCC_S4_PLOW_KLOW_AE4NA20_P2_H1:B00,WT_only_high_carbon,100.0
robust_07,0.0002000000000002003,CO2_basolateral,True,0.010000000000010015,0.01,0.02,N_ABS_NKCC_S4_PLOW_KLOW_AE4NA20_P2_H1:B00,WT_only_high_carbon,100.0
robust_07,0.00010000000000036233,CO2_apical,True,0.010000000000036233,0.01,0.01,N_ABS_NKCC_S4_PLOW_KLOW_AE4NA20_P2_H1:B00,WT_only_high_carbon,100.0
robust_07,3.0024782971733536e-12,paracellular_Na,True,0.010008260990577845,0.01,3e-10,N_ABS_NKCC_S4_PLOW_KLOW_AE4NA20_P2_H1:B00,WT_only_high_carbon,100.0
robust_07,1.4789472175944875e-12,paracellular_K,True,0.02957894435188975,0.01,5e-11,N_ABS_NKCC_S4_PLOW_KLOW_AE4NA20_P2_H1:B00,WT_only_high_carbon,100.0
robust_07,1.2302891559041245e-09,paracellular_Cl,True,4.921156623616498,0.01,2.5e-10,N_ABS_NKCC_S4_PLOW_KLOW_AE4NA20_P2_H1:B00,WT_only_high_carbon,100.0
robust_07,5.000000000005007e-13,paracellular_HCO3,True,0.010000000000010015,0.01,5e-11,N_ABS_NKCC_S4_PLOW_KLOW_AE4NA20_P2_H1:B00,WT_only_high_carbon,100.0
robust_08,13.901787009655022,AE4,True,92.60053231867698,0.01,0.1501264265070657,N_ABS_NKCC_S4_PNOM_KMID_AE4NA05_P1_H1:B00,WT_only_high_carbon,100.0
robust_08,0.005020941274582811,NKCC1,True,0.015690441483071284,0.01,0.32,N_ABS_NKCC_S4_PNOM_KMID_AE4NA05_P1_H1:B00,WT_only_high_carbon,100.0
robust_08,5.000000000005007e-05,AE2,True,0.010000000000010015,0.01,0.005,N_ABS_NKCC_S4_PNOM_KMID_AE4NA05_P1_H1:B00,WT_only_high_carbon,100.0
robust_08,7.440980590421947e-05,NHE1,True,0.010000000000010032,0.01,0.007440980590414482,N_ABS_NKCC_S4_PNOM_KMID_AE4NA05_P1_H1:B00,WT_only_high_carbon,100.0
robust_08,0.0001035438578145514,pump_apical,True,0.017240069566192374,0.01,0.006006,N_ABS_NKCC_S4_PNOM_KMID_AE4NA05_P1_H1:B00,WT_only_high_carbon,100.0
robust_08,0.21289718363425258,pump_basolateral,True,2.877222256321493,0.01,0.073994,N_ABS_NKCC_S4_PNOM_KMID_AE4NA05_P1_H1:B00,WT_only_high_carbon,100.0
robust_08,1.7316450305245348e-08,K_apical,True,4.12296435839175,0.01,4.1999999999999996e-09,N_ABS_NKCC_S4_PNOM_KMID_AE4NA05_P1_H1:B00,WT_only_high_carbon,100.0
robust_08,9.829211410875016e-11,K_basolateral,True,0.010029807562117365,0.01,9.799999999999998e-09,N_ABS_NKCC_S4_PNOM_KMID_AE4NA05_P1_H1:B00,WT_only_high_carbon,100.0
robust_08,3.2961014068978986e-10,CaCC,True,0.010497138238528339,0.01,3.14e-08,N_ABS_NKCC_S4_PNOM_KMID_AE4NA05_P1_H1:B00,WT_only_high_carbon,100.0
robust_08,0.0002000000000002003,CO2_basolateral,True,0.010000000000010015,0.01,0.02,N_ABS_NKCC_S4_PNOM_KMID_AE4NA05_P1_H1:B00,WT_only_high_carbon,100.0
robust_08,0.00015976421206919465,CO2_apical,True,0.015976421206919465,0.01,0.01,N_ABS_NKCC_S4_PNOM_KMID_AE4NA05_P1_H1:B00,WT_only_high_carbon,100.0
robust_08,3.0000000000030043e-12,paracellular_Na,True,0.010000000000010015,0.01,3e-10,N_ABS_NKCC_S4_PNOM_KMID_AE4NA05_P1_H1:B00,WT_only_high_carbon,100.0
robust_08,3.641235213748389e-11,paracellular_K,True,0.7282470427496778,0.01,5e-11,N_ABS_NKCC_S4_PNOM_KMID_AE4NA05_P1_H1:B00,WT_only_high_carbon,100.0
robust_08,4.1059326381258753e-11,paracellular_Cl,True,0.16423730552503502,0.01,2.5e-10,N_ABS_NKCC_S4_PNOM_KMID_AE4NA05_P1_H1:B00,WT_only_high_carbon,100.0
robust_08,5.000000000005007e-13,paracellular_HCO3,True,0.010000000000010015,0.01,5e-11,N_ABS_NKCC_S4_PNOM_KMID_AE4NA05_P1_H1:B00,WT_only_high_carbon,100.0
robust_09,14.065913770551493,AE4,True,93.69378928026026,0.01,0.1501264265070657,N_ABS_NKCC_S4_PNOM_KMID_AE4NA20_P2_H1:B00,WT_only_high_carbon,100.0
robust_09,0.05779895157354024,NKCC1,True,0.18062172366731324,0.01,0.32,N_ABS_NKCC_S4_PNOM_KMID_AE4NA20_P2_H1:B00,WT_only_high_carbon,100.0
robust_09,5.017144450946897e-05,AE2,True,0.010034288901893795,0.01,0.005,N_ABS_NKCC_S4_PNOM_KMID_AE4NA20_P2_H1:B00,WT_only_high_carbon,100.0
robust_09,7.440980590421933e-05,NHE1,True,0.010000000000010015,0.01,0.007440980590414482,N_ABS_NKCC_S4_PNOM_KMID_AE4NA20_P2_H1:B00,WT_only_high_carbon,100.0
robust_09,0.00012482981155297832,pump_apical,True,0.01039209220387765,0.01,0.012012,N_ABS_NKCC_S4_PNOM_KMID_AE4NA20_P2_H1:B00,WT_only_high_carbon,100.0
robust_09,2.374695742077183,pump_basolateral,True,16.04654257154082,0.01,0.147988,N_ABS_NKCC_S4_PNOM_KMID_AE4NA20_P2_H1:B00,WT_only_high_carbon,100.0
robust_09,1.440150107129103e-10,K_apical,True,0.034289288264978644,0.01,4.1999999999999996e-09,N_ABS_NKCC_S4_PNOM_KMID_AE4NA20_P2_H1:B00,WT_only_high_carbon,100.0
robust_09,2.25977875411439e-09,K_basolateral,True,0.23058966878718268,0.01,9.799999999999998e-09,N_ABS_NKCC_S4_PNOM_KMID_AE4NA20_P2_H1:B00,WT_only_high_carbon,100.0
robust_09,4.1785428072751325e-09,CaCC,True,0.13307461169666027,0.01,3.14e-08,N_ABS_NKCC_S4_PNOM_KMID_AE4NA20_P2_H1:B00,WT_only_high_carbon,100.0
robust_09,0.0002000000000002003,CO2_basolateral,True,0.010000000000010015,0.01,0.02,N_ABS_NKCC_S4_PNOM_KMID_AE4NA20_P2_H1:B00,WT_only_high_carbon,100.0
robust_09,0.00010001288935298526,CO2_apical,True,0.010001288935298527,0.01,0.01,N_ABS_NKCC_S4_PNOM_KMID_AE4NA20_P2_H1:B00,WT_only_high_carbon,100.0
robust_09,3.00024505533097e-12,paracellular_Na,True,0.010000816851103234,0.01,3e-10,N_ABS_NKCC_S4_PNOM_KMID_AE4NA20_P2_H1:B00,WT_only_high_carbon,100.0
robust_09,4.999974683289415e-09,paracellular_K,True,99.9994936657883,0.01,5e-11,N_ABS_NKCC_S4_PNOM_KMID_AE4NA20_P2_H1:B00,WT_only_high_carbon,100.0
robust_09,2.587644471220862e-09,paracellular_Cl,True,10.350577884883448,0.01,2.5e-10,N_ABS_NKCC_S4_PNOM_KMID_AE4NA20_P2_H1:B00,WT_only_high_carbon,100.0
robust_09,5.000000000005007e-13,paracellular_HCO3,True,0.010000000000010015,0.01,5e-11,N_ABS_NKCC_S4_PNOM_KMID_AE4NA20_P2_H1:B00,WT_only_high_carbon,100.0
witness_00,15.012642650691548,AE4,True,99.99999999989994,0.01,0.1501264265070657,N_ABS_NKCC_S4_PNOM_KMID_AE4NA05_P1_H1:B00,task21_resting_witness,100.0
witness_00,20.072964066824028,NKCC1,True,62.728012708825084,0.01,0.32,N_ABS_NKCC_S4_PNOM_KMID_AE4NA05_P1_H1:B00,task21_resting_witness,100.0
witness_00,5.000000000005007e-05,AE2,True,0.010000000000010015,0.01,0.005,N_ABS_NKCC_S4_PNOM_KMID_AE4NA05_P1_H1:B00,task21_resting_witness,100.0
witness_00,7.440980590421933e-05,NHE1,True,0.010000000000010015,0.01,0.007440980590414482,N_ABS_NKCC_S4_PNOM_KMID_AE4NA05_P1_H1:B00,task21_resting_witness,100.0
witness_00,6.0060001169279786e-05,pump_apical,True,0.010000000194685279,0.01,0.006006,N_ABS_NKCC_S4_PNOM_KMID_AE4NA05_P1_H1:B00,task21_resting_witness,100.0
witness_00,1.306873369926187,pump_basolateral,True,17.66188298951519,0.01,0.073994,N_ABS_NKCC_S4_PNOM_KMID_AE4NA05_P1_H1:B00,task21_resting_witness,100.0
witness_00,9.221346685295073e-10,K_apical,True,0.21955587345940653,0.01,4.1999999999999996e-09,N_ABS_NKCC_S4_PNOM_KMID_AE4NA05_P1_H1:B00,task21_resting_witness,100.0
witness_00,7.074935436706289e-07,K_basolateral,True,72.19321874190092,0.01,9.799999999999998e-09,N_ABS_NKCC_S4_PNOM_KMID_AE4NA05_P1_H1:B00,task21_resting_witness,100.0
witness_00,1.4806282976680126e-06,CaCC,True,47.15376744165645,0.01,3.14e-08,N_ABS_NKCC_S4_PNOM_KMID_AE4NA05_P1_H1:B00,task21_resting_witness,100.0
witness_00,0.0002000000000002003,CO2_basolateral,True,0.010000000000010015,0.01,0.02,N_ABS_NKCC_S4_PNOM_KMID_AE4NA05_P1_H1:B00,task21_resting_witness,100.0
witness_00,0.00010000000000010014,CO2_apical,True,0.010000000000010015,0.01,0.01,N_ABS_NKCC_S4_PNOM_KMID_AE4NA05_P1_H1:B00,task21_resting_witness,100.0
witness_00,3.000155784402642e-12,paracellular_Na,True,0.01000051928134214,0.01,3e-10,N_ABS_NKCC_S4_PNOM_KMID_AE4NA05_P1_H1:B00,task21_resting_witness,100.0
witness_00,1.4474102074707701e-09,paracellular_K,True,28.948204149415403,0.01,5e-11,N_ABS_NKCC_S4_PNOM_KMID_AE4NA05_P1_H1:B00,task21_resting_witness,100.0
witness_00,1.7661275562183748e-08,paracellular_Cl,True,70.64510224873499,0.01,2.5e-10,N_ABS_NKCC_S4_PNOM_KMID_AE4NA05_P1_H1:B00,task21_resting_witness,100.0
witness_00,5.00000000001345e-13,paracellular_HCO3,True,0.010000000000026899,0.01,5e-11,N_ABS_NKCC_S4_PNOM_KMID_AE4NA05_P1_H1:B00,task21_resting_witness,100.0
witness_01,15.012642629551257,AE4,True,99.99999985908335,0.01,0.1501264265070657,N_ABS_NKCC_S4_PHIGH_KLOW_AE4NA20_P2_H1:B00,task21_resting_witness,100.0
witness_01,21.207133854882795,NKCC1,True,66.27229329650874,0.01,0.32,N_ABS_NKCC_S4_PHIGH_KLOW_AE4NA20_P2_H1:B00,task21_resting_witness,100.0
witness_01,5.000000000005007e-05,AE2,True,0.010000000000010015,0.01,0.005,N_ABS_NKCC_S4_PHIGH_KLOW_AE4NA20_P2_H1:B00,task21_resting_witness,100.0
witness_01,7.440980590421933e-05,NHE1,True,0.010000000000010015,0.01,0.007440980590414482,N_ABS_NKCC_S4_PHIGH_KLOW_AE4NA20_P2_H1:B00,task21_resting_witness,100.0
witness_01,0.0013565244053601073,pump_apical,True,0.08963564939315194,0.01,0.015133760000000001,N_ABS_NKCC_S4_PHIGH_KLOW_AE4NA20_P2_H1:B00,task21_resting_witness,100.0
witness_01,1.5288113063944893,pump_basolateral,True,10.55326145273384,0.01,0.14486624,N_ABS_NKCC_S4_PHIGH_KLOW_AE4NA20_P2_H1:B00,task21_resting_witness,100.0
witness_01,1.8774400973856015e-09,K_apical,True,0.6705143204948576,0.01,2.8000000000000003e-09,N_ABS_NKCC_S4_PHIGH_KLOW_AE4NA20_P2_H1:B00,task21_resting_witness,100.0
witness_01,5.388117583771545e-07,K_basolateral,True,48.10819271224593,0.01,1.1200000000000001e-08,N_ABS_NKCC_S4_PHIGH_KLOW_AE4NA20_P2_H1:B00,task21_resting_witness,100.0
witness_01,1.1245602727713193e-06,CaCC,True,35.81402142583819,0.01,3.14e-08,N_ABS_NKCC_S4_PHIGH_KLOW_AE4NA20_P2_H1:B00,task21_resting_witness,100.0
witness_01,0.0002000000000002003,CO2_basolateral,True,0.010000000000010015,0.01,0.02,N_ABS_NKCC_S4_PHIGH_KLOW_AE4NA20_P2_H1:B00,task21_resting_witness,100.0
witness_01,0.00010000000000010014,CO2_apical,True,0.010000000000010015,0.01,0.01,N_ABS_NKCC_S4_PHIGH_KLOW_AE4NA20_P2_H1:B00,task21_resting_witness,100.0
witness_01,6.6364938618386125e-12,paracellular_Na,True,0.02212164620612871,0.01,3e-10,N_ABS_NKCC_S4_PHIGH_KLOW_AE4NA20_P2_H1:B00,task21_resting_witness,100.0
witness_01,4.826336478889218e-10,paracellular_K,True,9.652672957778435,0.01,5e-11,N_ABS_NKCC_S4_PHIGH_KLOW_AE4NA20_P2_H1:B00,task21_resting_witness,100.0
witness_01,2.3020693695565996e-08,paracellular_Cl,True,92.08277478226398,0.01,2.5e-10,N_ABS_NKCC_S4_PHIGH_KLOW_AE4NA20_P2_H1:B00,task21_resting_witness,100.0
witness_01,7.305217481790604e-11,paracellular_HCO3,True,1.4610434963581207,0.01,5e-11,N_ABS_NKCC_S4_PHIGH_KLOW_AE4NA20_P2_H1:B00,task21_resting_witness,100.0
witness_02,15.012642650691548,AE4,True,99.99999999989994,0.01,0.1501264265070657,N_ABS_NKCC_S4_PNOM_KMID_AE4NA20_P2_H1:B00,task21_resting_witness,100.0
witness_02,17.1930866875507,NKCC1,True,53.728395898595934,0.01,0.32,N_ABS_NKCC_S4_PNOM_KMID_AE4NA20_P2_H1:B00,task21_resting_witness,100.0
witness_02,5.000000000005007e-05,AE2,True,0.010000000000010015,0.01,0.005,N_ABS_NKCC_S4_PNOM_KMID_AE4NA20_P2_H1:B00,task21_resting_witness,100.0
witness_02,7.440980590421933e-05,NHE1,True,0.010000000000010015,0.01,0.007440980590414482,N_ABS_NKCC_S4_PNOM_KMID_AE4NA20_P2_H1:B00,task21_resting_witness,100.0
witness_02,0.00012019547647681586,pump_apical,True,0.010006283422978343,0.01,0.012012,N_ABS_NKCC_S4_PNOM_KMID_AE4NA20_P2_H1:B00,task21_resting_witness,100.0
witness_02,1.5718504393377555,pump_basolateral,True,10.621472277061352,0.01,0.147988,N_ABS_NKCC_S4_PNOM_KMID_AE4NA20_P2_H1:B00,task21_resting_witness,100.0
witness_02,1.411858944823127e-07,K_apical,True,33.61568916245541,0.01,4.1999999999999996e-09,N_ABS_NKCC_S4_PNOM_KMID_AE4NA20_P2_H1:B00,task21_resting_witness,100.0
witness_02,8.22599439542638e-07,K_basolateral,True,83.93871832067737,0.01,9.799999999999998e-09,N_ABS_NKCC_S4_PNOM_KMID_AE4NA20_P2_H1:B00,task21_resting_witness,100.0
witness_02,5.61171671602446e-07,CaCC,True,17.8717092867021,0.01,3.14e-08,N_ABS_NKCC_S4_PNOM_KMID_AE4NA20_P2_H1:B00,task21_resting_witness,100.0
witness_02,0.0002000000000002003,CO2_basolateral,True,0.010000000000010015,0.01,0.02,N_ABS_NKCC_S4_PNOM_KMID_AE4NA20_P2_H1:B00,task21_resting_witness,100.0
witness_02,0.00010000000000010014,CO2_apical,True,0.010000000000010015,0.01,0.01,N_ABS_NKCC_S4_PNOM_KMID_AE4NA20_P2_H1:B00,task21_resting_witness,100.0
witness_02,3.000000000036788e-12,paracellular_Na,True,0.010000000000122626,0.01,3e-10,N_ABS_NKCC_S4_PNOM_KMID_AE4NA20_P2_H1:B00,task21_resting_witness,100.0
witness_02,4.853010301669537e-10,paracellular_K,True,9.706020603339073,0.01,5e-11,N_ABS_NKCC_S4_PNOM_KMID_AE4NA20_P2_H1:B00,task21_resting_witness,100.0
witness_02,2.4677787032502123e-08,paracellular_Cl,True,98.71114813000848,0.01,2.5e-10,N_ABS_NKCC_S4_PNOM_KMID_AE4NA20_P2_H1:B00,task21_resting_witness,100.0
witness_02,5.000000000006273e-13,paracellular_HCO3,True,0.010000000000012546,0.01,5e-11,N_ABS_NKCC_S4_PNOM_KMID_AE4NA20_P2_H1:B00,task21_resting_witness,100.0
witness_03,15.012642650691548,AE4,True,99.99999999989994,0.01,0.1501264265070657,N_ABS_NKCC_S4_PLOW_KLOW_AE4NA20_P2_H1:B00,task21_resting_witness,100.0
witness_03,8.819449729521788,NKCC1,True,27.560780404755587,0.01,0.32,N_ABS_NKCC_S4_PLOW_KLOW_AE4NA20_P2_H1:B00,task21_resting_witness,100.0
witness_03,5.000000000005007e-05,AE2,True,0.010000000000010015,0.01,0.005,N_ABS_NKCC_S4_PLOW_KLOW_AE4NA20_P2_H1:B00,task21_resting_witness,100.0
witness_03,7.440980590421933e-05,NHE1,True,0.010000000000010015,0.01,0.007440980590414482,N_ABS_NKCC_S4_PLOW_KLOW_AE4NA20_P2_H1:B00,task21_resting_witness,100.0
witness_03,0.0005666723190734437,pump_apical,True,0.06226839892768774,0.01,0.00910048,N_ABS_NKCC_S4_PLOW_KLOW_AE4NA20_P2_H1:B00,task21_resting_witness,100.0
witness_03,0.7630687158715446,pump_basolateral,True,5.056800153317549,0.01,0.15089952,N_ABS_NKCC_S4_PLOW_KLOW_AE4NA20_P2_H1:B00,task21_resting_witness,100.0
witness_03,1.613485718050433e-08,K_apical,True,5.7624489930372595,0.01,2.8000000000000003e-09,N_ABS_NKCC_S4_PLOW_KLOW_AE4NA20_P2_H1:B00,task21_resting_witness,100.0
witness_03,4.2355796885205813e-07,K_basolateral,True,37.81767579036233,0.01,1.1200000000000001e-08,N_ABS_NKCC_S4_PLOW_KLOW_AE4NA20_P2_H1:B00,task21_resting_witness,100.0
witness_03,2.2453473307856128e-07,CaCC,True,7.150787677661186,0.01,3.14e-08,N_ABS_NKCC_S4_PLOW_KLOW_AE4NA20_P2_H1:B00,task21_resting_witness,100.0
witness_03,0.0002000000000002003,CO2_basolateral,True,0.010000000000010015,0.01,0.02,N_ABS_NKCC_S4_PLOW_KLOW_AE4NA20_P2_H1:B00,task21_resting_witness,100.0
witness_03,0.00010000000000010014,CO2_apical,True,0.010000000000010015,0.01,0.01,N_ABS_NKCC_S4_PLOW_KLOW_AE4NA20_P2_H1:B00,task21_resting_witness,100.0
witness_03,1.0879702099448605e-11,paracellular_Na,True,0.03626567366482868,0.01,3e-10,N_ABS_NKCC_S4_PLOW_KLOW_AE4NA20_P2_H1:B00,task21_resting_witness,100.0
witness_03,2.747421122188204e-09,paracellular_K,True,54.94842244376408,0.01,5e-11,N_ABS_NKCC_S4_PLOW_KLOW_AE4NA20_P2_H1:B00,task21_resting_witness,100.0
witness_03,1.283389384994849e-08,paracellular_Cl,True,51.33557539979395,0.01,2.5e-10,N_ABS_NKCC_S4_PLOW_KLOW_AE4NA20_P2_H1:B00,task21_resting_witness,100.0
witness_03,1.7276795533254206e-09,paracellular_HCO3,True,34.55359106650841,0.01,5e-11,N_ABS_NKCC_S4_PLOW_KLOW_AE4NA20_P2_H1:B00,task21_resting_witness,100.0
witness_04,15.012642650691548,AE4,True,99.99999999989994,0.01,0.1501264265070657,N_ABS_NKCC_S4_PNOM_KMID_AE4NA20_P2_H1:B00,task21_resting_witness,100.0
witness_04,15.356456002357445,NKCC1,True,47.988925007367015,0.01,0.32,N_ABS_NKCC_S4_PNOM_KMID_AE4NA20_P2_H1:B00,task21_resting_witness,100.0
witness_04,5.000000000005007e-05,AE2,True,0.010000000000010015,0.01,0.005,N_ABS_NKCC_S4_PNOM_KMID_AE4NA20_P2_H1:B00,task21_resting_witness,100.0
witness_04,7.440980590421933e-05,NHE1,True,0.010000000000010015,0.01,0.007440980590414482,N_ABS_NKCC_S4_PNOM_KMID_AE4NA20_P2_H1:B00,task21_resting_witness,100.0
witness_04,0.00012012000130210395,pump_apical,True,0.010000000108400263,0.01,0.012012,N_ABS_NKCC_S4_PNOM_KMID_AE4NA20_P2_H1:B00,task21_resting_witness,100.0
witness_04,1.17194819996473,pump_basolateral,True,7.919211016871166,0.01,0.147988,N_ABS_NKCC_S4_PNOM_KMID_AE4NA20_P2_H1:B00,task21_resting_witness,100.0
witness_04,5.522474268320982e-10,K_apical,True,0.131487482579071,0.01,4.1999999999999996e-09,N_ABS_NKCC_S4_PNOM_KMID_AE4NA20_P2_H1:B00,task21_resting_witness,100.0
witness_04,8.538051391447934e-07,K_basolateral,True,87.12297338212178,0.01,9.799999999999998e-09,N_ABS_NKCC_S4_PNOM_KMID_AE4NA20_P2_H1:B00,task21_resting_witness,100.0
witness_04,4.273270528687173e-07,CaCC,True,13.609141811105646,0.01,3.14e-08,N_ABS_NKCC_S4_PNOM_KMID_AE4NA20_P2_H1:B00,task21_resting_witness,100.0
witness_04,0.0002000000000002003,CO2_basolateral,True,0.010000000000010015,0.01,0.02,N_ABS_NKCC_S4_PNOM_KMID_AE4NA20_P2_H1:B00,task21_resting_witness,100.0
witness_04,0.00010000000000010014,CO2_apical,True,0.010000000000010015,0.01,0.01,N_ABS_NKCC_S4_PNOM_KMID_AE4NA20_P2_H1:B00,task21_resting_witness,100.0
witness_04,3.000000001223886e-12,paracellular_Na,True,0.01000000000407962,0.01,3e-10,N_ABS_NKCC_S4_PNOM_KMID_AE4NA20_P2_H1:B00,task21_resting_witness,100.0
witness_04,5.577546783539541e-10,paracellular_K,True,11.155093567079083,0.01,5e-11,N_ABS_NKCC_S4_PNOM_KMID_AE4NA20_P2_H1:B00,task21_resting_witness,100.0
witness_04,1.8028364023038206e-08,paracellular_Cl,True,72.11345609215282,0.01,2.5e-10,N_ABS_NKCC_S4_PNOM_KMID_AE4NA20_P2_H1:B00,task21_resting_witness,100.0
witness_04,5.000000000005007e-13,paracellular_HCO3,True,0.010000000000010015,0.01,5e-11,N_ABS_NKCC_S4_PNOM_KMID_AE4NA20_P2_H1:B00,task21_resting_witness,100.0
witness_05,14.847325156425766,AE4,True,98.89881150089839,0.01,0.1501264265070657,N_ABS_NKCC_S4_PLOW_KLOW_AE4NA05_P1_H1:B00,task21_resting_witness,100.0
witness_05,24.172956677690244,NKCC1,True,75.54048961778201,0.01,0.32,N_ABS_NKCC_S4_PLOW_KLOW_AE4NA05_P1_H1:B00,task21_resting_witness,100.0
witness_05,0.0001059226674400022,AE2,True,0.02118453348800044,0.01,0.005,N_ABS_NKCC_S4_PLOW_KLOW_AE4NA05_P1_H1:B00,task21_resting_witness,100.0
witness_05,7.440980590421933e-05,NHE1,True,0.010000000000010015,0.01,0.007440980590414482,N_ABS_NKCC_S4_PLOW_KLOW_AE4NA05_P1_H1:B00,task21_resting_witness,100.0
witness_05,8.310177439229851e-05,pump_apical,True,0.018263162908395716,0.01,0.00455024,N_ABS_NKCC_S4_PLOW_KLOW_AE4NA05_P1_H1:B00,task21_resting_witness,100.0
witness_05,0.8535840827265248,pump_basolateral,True,11.313277639670751,0.01,0.07544976,N_ABS_NKCC_S4_PLOW_KLOW_AE4NA05_P1_H1:B00,task21_resting_witness,100.0
witness_05,1.2556240685962137e-09,K_apical,True,0.4484371673557906,0.01,2.8000000000000003e-09,N_ABS_NKCC_S4_PLOW_KLOW_AE4NA05_P1_H1:B00,task21_resting_witness,100.0
witness_05,3.435073128095021e-07,K_basolateral,True,30.670295786562686,0.01,1.1200000000000001e-08,N_ABS_NKCC_S4_PLOW_KLOW_AE4NA05_P1_H1:B00,task21_resting_witness,100.0
witness_05,9.273823458491215e-07,CaCC,True,29.534469613029344,0.01,3.14e-08,N_ABS_NKCC_S4_PLOW_KLOW_AE4NA05_P1_H1:B00,task21_resting_witness,100.0
witness_05,0.00020247929573720657,CO2_basolateral,True,0.010123964786860328,0.01,0.02,N_ABS_NKCC_S4_PLOW_KLOW_AE4NA05_P1_H1:B00,task21_resting_witness,100.0
witness_05,0.0001366973016966051,CO2_apical,True,0.013669730169660511,0.01,0.01,N_ABS_NKCC_S4_PLOW_KLOW_AE4NA05_P1_H1:B00,task21_resting_witness,100.0
witness_05,4.3429355459632725e-12,paracellular_Na,True,0.014476451819877575,0.01,3e-10,N_ABS_NKCC_S4_PLOW_KLOW_AE4NA05_P1_H1:B00,task21_resting_witness,100.0
witness_05,2.1068662064972254e-10,paracellular_K,True,4.2137324129944504,0.01,5e-11,N_ABS_NKCC_S4_PLOW_KLOW_AE4NA05_P1_H1:B00,task21_resting_witness,100.0
witness_05,1.5987063770679058e-08,paracellular_Cl,True,63.94825508271623,0.01,2.5e-10,N_ABS_NKCC_S4_PLOW_KLOW_AE4NA05_P1_H1:B00,task21_resting_witness,100.0
witness_05,5.182669661422038e-13,paracellular_HCO3,True,0.010365339322844076,0.01,5e-11,N_ABS_NKCC_S4_PLOW_KLOW_AE4NA05_P1_H1:B00,task21_resting_witness,100.0
witness_06,15.002346604634448,AE4,True,99.93141749716105,0.01,0.1501264265070657,N_ABS_NKCC_S4_PHIGH_KHIGH_AE4NA20_P2_H1:B00,task21_resting_witness,100.0
witness_06,19.866692000954135,NKCC1,True,62.08341250298167,0.01,0.32,N_ABS_NKCC_S4_PHIGH_KHIGH_AE4NA20_P2_H1:B00,task21_resting_witness,100.0
witness_06,5.000000000005007e-05,AE2,True,0.010000000000010015,0.01,0.005,N_ABS_NKCC_S4_PHIGH_KHIGH_AE4NA20_P2_H1:B00,task21_resting_witness,100.0
witness_06,7.440980590421933e-05,NHE1,True,0.010000000000010015,0.01,0.007440980590414482,N_ABS_NKCC_S4_PHIGH_KHIGH_AE4NA20_P2_H1:B00,task21_resting_witness,100.0
witness_06,0.0038809738721417224,pump_apical,True,0.2564447878215144,0.01,0.015133760000000001,N_ABS_NKCC_S4_PHIGH_KHIGH_AE4NA20_P2_H1:B00,task21_resting_witness,100.0
witness_06,1.287296333806865,pump_basolateral,True,8.886103027226115,0.01,0.14486624,N_ABS_NKCC_S4_PHIGH_KHIGH_AE4NA20_P2_H1:B00,task21_resting_witness,100.0
witness_06,6.754859994106161e-09,K_apical,True,1.2062249989475287,0.01,5.6000000000000005e-09,N_ABS_NKCC_S4_PHIGH_KHIGH_AE4NA20_P2_H1:B00,task21_resting_witness,100.0
witness_06,3.309296103037248e-07,K_basolateral,True,39.396382179014864,0.01,8.399999999999999e-09,N_ABS_NKCC_S4_PHIGH_KHIGH_AE4NA20_P2_H1:B00,task21_resting_witness,100.0
witness_06,6.92620030542221e-07,CaCC,True,22.057962756121686,0.01,3.14e-08,N_ABS_NKCC_S4_PHIGH_KHIGH_AE4NA20_P2_H1:B00,task21_resting_witness,100.0
witness_06,0.00020000000000020154,CO2_basolateral,True,0.010000000000010077,0.01,0.02,N_ABS_NKCC_S4_PHIGH_KHIGH_AE4NA20_P2_H1:B00,task21_resting_witness,100.0
witness_06,0.00010000496318766008,CO2_apical,True,0.010000496318766008,0.01,0.01,N_ABS_NKCC_S4_PHIGH_KHIGH_AE4NA20_P2_H1:B00,task21_resting_witness,100.0
witness_06,5.763656531669972e-11,paracellular_Na,True,0.19212188438899908,0.01,3e-10,N_ABS_NKCC_S4_PHIGH_KHIGH_AE4NA20_P2_H1:B00,task21_resting_witness,100.0
witness_06,1.3608144749958008e-09,paracellular_K,True,27.216289499916016,0.01,5e-11,N_ABS_NKCC_S4_PHIGH_KHIGH_AE4NA20_P2_H1:B00,task21_resting_witness,100.0
witness_06,2.4999999871915803e-08,paracellular_Cl,True,99.9999994876632,0.01,2.5e-10,N_ABS_NKCC_S4_PHIGH_KHIGH_AE4NA20_P2_H1:B00,task21_resting_witness,100.0
witness_06,5.4475484242697505e-11,paracellular_HCO3,True,1.08950968485395,0.01,5e-11,N_ABS_NKCC_S4_PHIGH_KHIGH_AE4NA20_P2_H1:B00,task21_resting_witness,100.0
