ae4_expression,calcium_uM,candidate_id,capacities_refitted_after_freeze,condition,max_dimensionless_conservation_ratio,maximum_flow_pL_s,mean_0_600_pL_s,message,minimum_flow_pL_s,numerical_gate_pass,paired_numerical_gate_pass,root_id,routing_family,secretion_ratio,secretion_reduction,solver_success,source,source_path,source_sha256,status,target_share,total_0_600_pL
0.05,0.1,N_ABS_NKCC_S4_PHIGH_KHIGH_AE4NA05_P1_H1_B00__inherited_baseline,False,inherited_baseline,1.0868042576994696e-05,0.001522105479760355,0.0014284003368828812,The solver successfully reached the end of the integration interval.,0.0010868595959429212,True,True,N_ABS_NKCC_S4_PHIGH_KHIGH_AE4NA05_P1_H1:B00,AE4NA05,1.1509540065104833,-0.1509540065104833,True,HASH_VALID_INHERITED_REUSE,results/14B_five_percent_ae4_check/trajectories/N_ABS_NKCC_S4_PHIGH_KHIGH_AE4NA05_P1_H1_B00_ca0.10_AE4_5pct_production_radau.json,b83d089b58991ba8846b8614792e6c77ce0472514245cfdf77603a1138e30cd4,COMPLETE,,0.8570402021297288
0.05,0.25,N_ABS_NKCC_S4_PHIGH_KHIGH_AE4NA05_P1_H1_B00__inherited_baseline,False,inherited_baseline,2.4971344436686138e-05,0.002156667728667322,0.0016825153752730525,The solver successfully reached the end of the integration interval.,0.0010868595959429212,True,True,N_ABS_NKCC_S4_PHIGH_KHIGH_AE4NA05_P1_H1:B00,AE4NA05,1.1915446001085646,-0.19154460010856456,True,HASH_VALID_INHERITED_REUSE,results/14B_five_percent_ae4_check/trajectories/N_ABS_NKCC_S4_PHIGH_KHIGH_AE4NA05_P1_H1_B00_ca0.25_AE4_5pct_production_radau.json,82bed8dea8d8e38318f55e3bd852bb89d82ff6020017175699cf4171d1ab36a8,COMPLETE,,1.0095092251638316
0.05,0.5,N_ABS_NKCC_S4_PHIGH_KHIGH_AE4NA05_P1_H1_B00__inherited_baseline,False,inherited_baseline,3.158931449753766e-05,0.002453701844037509,0.001753964922311162,The solver successfully reached the end of the integration interval.,0.0010868595959429212,True,True,N_ABS_NKCC_S4_PHIGH_KHIGH_AE4NA05_P1_H1:B00,AE4NA05,1.202402859067373,-0.202402859067373,True,HASH_VALID_INHERITED_REUSE,results/14B_five_percent_ae4_check/trajectories/N_ABS_NKCC_S4_PHIGH_KHIGH_AE4NA05_P1_H1_B00_ca0.50_AE4_5pct_production_radau.json,7d78e1858e1b33a481a42a94c6af91b691417ca52098d9f7b8376e09c4bc5f76,COMPLETE,,1.0523789533866972
0.05,0.1,N_ABS_NKCC_S4_PHIGH_KHIGH_AE4NA05_P1_H1_B00__share_0.10,False,share_0.10,0.0005151434834260726,0.0015157322885576753,0.0014202325936460848,The solver successfully reached the end of the integration interval.,0.0010039974457310642,True,True,N_ABS_NKCC_S4_PHIGH_KHIGH_AE4NA05_P1_H1:B00,AE4NA05,1.1929375052632794,-0.19293750526327935,True,NEW_POST_CHECKPOINT_SIMULATION,,,COMPLETE,0.1,0.8521395561876508
0.05,0.25,N_ABS_NKCC_S4_PHIGH_KHIGH_AE4NA05_P1_H1_B00__share_0.10,False,share_0.10,4.440892098500626e-05,0.002396177061878033,0.0018578209810004203,The solver successfully reached the end of the integration interval.,0.0010039974457310642,True,True,N_ABS_NKCC_S4_PHIGH_KHIGH_AE4NA05_P1_H1:B00,AE4NA05,1.3792583263010112,-0.3792583263010112,True,NEW_POST_CHECKPOINT_SIMULATION,,,COMPLETE,0.1,1.114692588600252
0.05,0.5,N_ABS_NKCC_S4_PHIGH_KHIGH_AE4NA05_P1_H1_B00__share_0.10,False,share_0.10,3.907985046680551e-05,0.002853391242698486,0.002007616783508295,The solver successfully reached the end of the integration interval.,0.0010039974457310642,True,True,N_ABS_NKCC_S4_PHIGH_KHIGH_AE4NA05_P1_H1:B00,AE4NA05,1.438342808959017,-0.4383428089590169,True,NEW_POST_CHECKPOINT_SIMULATION,,,COMPLETE,0.1,1.2045700701049769
0.05,0.1,N_ABS_NKCC_S4_PHIGH_KHIGH_AE4NA05_P1_H1_B00__share_0.30,False,share_0.30,0.00017152945730458669,0.001969065732884606,0.0016899329111045539,The solver successfully reached the end of the integration interval.,0.0012882331164829426,True,True,N_ABS_NKCC_S4_PHIGH_KHIGH_AE4NA05_P1_H1:B00,AE4NA05,1.4421560568202285,-0.4421560568202285,True,NEW_POST_CHECKPOINT_SIMULATION,,,COMPLETE,0.3,1.0139597466627324
0.05,0.25,N_ABS_NKCC_S4_PHIGH_KHIGH_AE4NA05_P1_H1_B00__share_0.30,False,share_0.30,0.00035943470422239443,0.0030563750208156327,0.002009259993863847,The solver successfully reached the end of the integration interval.,0.0012882331164829426,True,True,N_ABS_NKCC_S4_PHIGH_KHIGH_AE4NA05_P1_H1:B00,AE4NA05,1.5339434289934577,-0.5339434289934577,True,NEW_POST_CHECKPOINT_SIMULATION,,,COMPLETE,0.3,1.2055559963183082
0.05,0.5,N_ABS_NKCC_S4_PHIGH_KHIGH_AE4NA05_P1_H1_B00__share_0.30,False,share_0.30,0.0004239300639334267,0.003582883704945347,0.002105593217817842,The solver successfully reached the end of the integration interval.,0.0012882331164829426,True,True,N_ABS_NKCC_S4_PHIGH_KHIGH_AE4NA05_P1_H1:B00,AE4NA05,1.5622978144697015,-0.5622978144697015,True,NEW_POST_CHECKPOINT_SIMULATION,,,COMPLETE,0.3,1.2633559306907052
0.05,0.1,N_ABS_NKCC_S4_PHIGH_KHIGH_AE4NA20_P2_H1_B00__inherited_baseline,False,inherited_baseline,0.0003055333763768431,0.001714822063174734,0.0016496061850331993,The solver successfully reached the end of the integration interval.,0.0012089573440388108,True,True,N_ABS_NKCC_S4_PHIGH_KHIGH_AE4NA20_P2_H1:B00,AE4NA20,1.0920737751638214,-0.09207377516382143,True,HASH_VALID_INHERITED_REUSE,results/14B_five_percent_ae4_check/trajectories/N_ABS_NKCC_S4_PHIGH_KHIGH_AE4NA20_P2_H1_B00_ca0.10_AE4_5pct_production_radau.json,6b90de97d1b92cc0b4b3e982002807b740a65535072a878b2834bae0c52ef913,COMPLETE,,0.9897637110199196
0.05,0.25,N_ABS_NKCC_S4_PHIGH_KHIGH_AE4NA20_P2_H1_B00__inherited_baseline,False,inherited_baseline,0.0013358203432289883,0.00248464661106686,0.002015102684963714,The solver successfully reached the end of the integration interval.,0.0012089573440388108,True,True,N_ABS_NKCC_S4_PHIGH_KHIGH_AE4NA20_P2_H1:B00,AE4NA20,1.1624427276202534,-0.16244272762025336,True,HASH_VALID_INHERITED_REUSE,results/14B_five_percent_ae4_check/trajectories/N_ABS_NKCC_S4_PHIGH_KHIGH_AE4NA20_P2_H1_B00_ca0.25_AE4_5pct_production_radau.json,23fa81b10a3269d74223b5a052086056699e8c01a02ac97c6bd846f78f08fe45,COMPLETE,,1.2090616109782286
0.05,0.5,N_ABS_NKCC_S4_PHIGH_KHIGH_AE4NA20_P2_H1_B00__inherited_baseline,False,inherited_baseline,0.002099653784171096,0.002867839205355305,0.002129239966390167,The solver successfully reached the end of the integration interval.,0.0012089573440388108,True,True,N_ABS_NKCC_S4_PHIGH_KHIGH_AE4NA20_P2_H1:B00,AE4NA20,1.1840010802406804,-0.1840010802406804,True,HASH_VALID_INHERITED_REUSE,results/14B_five_percent_ae4_check/trajectories/N_ABS_NKCC_S4_PHIGH_KHIGH_AE4NA20_P2_H1_B00_ca0.50_AE4_5pct_production_radau.json,48091297dcec49a3e5ed6215e48d450b321379f655a93fbba809cf2bbcb4014c,COMPLETE,,1.2775439798341002
0.05,0.1,N_ABS_NKCC_S4_PHIGH_KHIGH_AE4NA20_P2_H1_B00__share_0.10,False,share_0.10,3.941291737419306e-05,0.0021013080628515673,0.0018579262242768475,The solver successfully reached the end of the integration interval.,0.0013833042703942228,True,True,N_ABS_NKCC_S4_PHIGH_KHIGH_AE4NA20_P2_H1:B00,AE4NA20,1.2804205369250843,-0.2804205369250843,True,NEW_POST_CHECKPOINT_SIMULATION,,,COMPLETE,0.1,1.1147557345661085
0.05,0.25,N_ABS_NKCC_S4_PHIGH_KHIGH_AE4NA20_P2_H1_B00__share_0.10,False,share_0.10,0.0001279532035880493,0.003314248939606418,0.0022890034962094238,The solver successfully reached the end of the integration interval.,0.0013833042703942228,True,True,N_ABS_NKCC_S4_PHIGH_KHIGH_AE4NA20_P2_H1:B00,AE4NA20,1.3981490442793385,-0.3981490442793385,True,NEW_POST_CHECKPOINT_SIMULATION,,,COMPLETE,0.1,1.3734020977256542
0.05,0.5,N_ABS_NKCC_S4_PHIGH_KHIGH_AE4NA20_P2_H1_B00__share_0.10,False,share_0.10,0.00019047263766225342,0.003926431504782002,0.002429843762327211,The solver successfully reached the end of the integration interval.,0.0013833042703942228,True,True,N_ABS_NKCC_S4_PHIGH_KHIGH_AE4NA20_P2_H1:B00,AE4NA20,1.4364471656592126,-0.4364471656592126,True,NEW_POST_CHECKPOINT_SIMULATION,,,COMPLETE,0.1,1.4579062573963266
0.05,0.1,N_ABS_NKCC_S4_PHIGH_KHIGH_AE4NA20_P2_H1_B00__share_0.30,False,share_0.30,0.0029309887850104133,0.0017404363957502723,0.0016171171611901358,The solver successfully reached the end of the integration interval.,0.00119818473628365,True,True,N_ABS_NKCC_S4_PHIGH_KHIGH_AE4NA20_P2_H1:B00,AE4NA20,1.146549383823813,-0.146549383823813,True,NEW_POST_CHECKPOINT_SIMULATION,,,COMPLETE,0.3,0.9702702967140815
0.05,0.25,N_ABS_NKCC_S4_PHIGH_KHIGH_AE4NA20_P2_H1_B00__share_0.30,False,share_0.30,0.0029096725029376103,0.0025255692613009723,0.002078490512214335,The solver successfully reached the end of the integration interval.,0.00119818473628365,True,True,N_ABS_NKCC_S4_PHIGH_KHIGH_AE4NA20_P2_H1:B00,AE4NA20,1.3341844796917404,-0.33418447969174037,True,NEW_POST_CHECKPOINT_SIMULATION,,,COMPLETE,0.3,1.247094307328601
0.05,0.5,N_ABS_NKCC_S4_PHIGH_KHIGH_AE4NA20_P2_H1_B00__share_0.30,False,share_0.30,0.0029203306439740118,0.002906983575433367,0.0022567645168260473,The solver successfully reached the end of the integration interval.,0.00119818473628365,True,True,N_ABS_NKCC_S4_PHIGH_KHIGH_AE4NA20_P2_H1:B00,AE4NA20,1.4028267228005293,-0.40282672280052934,True,NEW_POST_CHECKPOINT_SIMULATION,,,COMPLETE,0.3,1.3540587100956285
0.05,0.1,N_ABS_NKCC_S4_PHIGH_KLOW_AE4NA05_P1_H1_B00__inherited_baseline,False,inherited_baseline,1.0658141036401503e-05,0.0014673109492425703,0.0014029472406363271,The solver successfully reached the end of the integration interval.,0.0010822640651352606,True,True,N_ABS_NKCC_S4_PHIGH_KLOW_AE4NA05_P1_H1:B00,AE4NA05,1.1405212997324823,-0.14052129973248229,True,HASH_VALID_INHERITED_REUSE,results/14B_five_percent_ae4_check/trajectories/N_ABS_NKCC_S4_PHIGH_KLOW_AE4NA05_P1_H1_B00_ca0.10_AE4_5pct_production_radau.json,e555ae358032e6b05befb60477433ba97dbe8ad1f2ecb5041e90b05007bbff82,COMPLETE,,0.8417683443817963
0.05,0.25,N_ABS_NKCC_S4_PHIGH_KLOW_AE4NA05_P1_H1_B00__inherited_baseline,False,inherited_baseline,2.531308496145357e-05,0.002028935138971569,0.001650544936793652,The solver successfully reached the end of the integration interval.,0.0010822640651352606,True,True,N_ABS_NKCC_S4_PHIGH_KLOW_AE4NA05_P1_H1:B00,AE4NA05,1.1799146304033774,-0.1799146304033774,True,HASH_VALID_INHERITED_REUSE,results/14B_five_percent_ae4_check/trajectories/N_ABS_NKCC_S4_PHIGH_KLOW_AE4NA05_P1_H1_B00_ca0.25_AE4_5pct_production_radau.json,1e760938b0306ce90d5aea58e47b464adaf6c10fc564326d5d7359e0259b76b8,COMPLETE,,0.9903269620761913
0.05,0.5,N_ABS_NKCC_S4_PHIGH_KLOW_AE4NA05_P1_H1_B00__inherited_baseline,False,inherited_baseline,3.3306690738754696e-05,0.002307982074233639,0.00172399159508228,The solver successfully reached the end of the integration interval.,0.0010822640651352606,True,True,N_ABS_NKCC_S4_PHIGH_KLOW_AE4NA05_P1_H1:B00,AE4NA05,1.1919794550991794,-0.19197945509917935,True,HASH_VALID_INHERITED_REUSE,results/14B_five_percent_ae4_check/trajectories/N_ABS_NKCC_S4_PHIGH_KLOW_AE4NA05_P1_H1_B00_ca0.50_AE4_5pct_production_radau.json,b076af6a24984f47228b0fbf7edd9814facd990d888331778e85135f3963472a,COMPLETE,,1.034394957049368
0.05,0.1,N_ABS_NKCC_S4_PHIGH_KLOW_AE4NA05_P1_H1_B00__share_0.10,False,share_0.10,1.0658141036401503e-05,0.0015070513669017405,0.0014396852743502355,The solver successfully reached the end of the integration interval.,0.0010486436708354197,True,True,N_ABS_NKCC_S4_PHIGH_KLOW_AE4NA05_P1_H1:B00,AE4NA05,1.2082707274895226,-0.20827072748952258,True,NEW_POST_CHECKPOINT_SIMULATION,,,COMPLETE,0.1,0.8638111646101413
0.05,0.25,N_ABS_NKCC_S4_PHIGH_KLOW_AE4NA05_P1_H1_B00__share_0.10,False,share_0.10,2.3092638912203256e-05,0.0022589437272998616,0.0018260693584082521,The solver successfully reached the end of the integration interval.,0.0010486436708354197,True,True,N_ABS_NKCC_S4_PHIGH_KLOW_AE4NA05_P1_H1:B00,AE4NA05,1.349834412467869,-0.34983441246786895,True,NEW_POST_CHECKPOINT_SIMULATION,,,COMPLETE,0.1,1.0956416150449513
0.05,0.5,N_ABS_NKCC_S4_PHIGH_KLOW_AE4NA05_P1_H1_B00__share_0.10,False,share_0.10,2.930988785010413e-05,0.0026568980358078254,0.0019587562344161448,The solver successfully reached the end of the integration interval.,0.0010486436708354197,True,True,N_ABS_NKCC_S4_PHIGH_KLOW_AE4NA05_P1_H1:B00,AE4NA05,1.397009126062339,-0.39700912606233896,True,NEW_POST_CHECKPOINT_SIMULATION,,,COMPLETE,0.1,1.1752537406496868
0.05,0.1,N_ABS_NKCC_S4_PHIGH_KLOW_AE4NA05_P1_H1_B00__share_0.30,False,share_0.30,5.6343818499726694e-05,0.001702611199935633,0.0015550136670097173,The solver successfully reached the end of the integration interval.,0.001178563755340048,True,True,N_ABS_NKCC_S4_PHIGH_KLOW_AE4NA05_P1_H1:B00,AE4NA05,1.328760356614658,-0.32876035661465797,True,NEW_POST_CHECKPOINT_SIMULATION,,,COMPLETE,0.3,0.9330082002058304
0.05,0.25,N_ABS_NKCC_S4_PHIGH_KLOW_AE4NA05_P1_H1_B00__share_0.30,False,share_0.30,7.577272143066693e-05,0.0026130530130175026,0.0019039374708715768,The solver successfully reached the end of the integration interval.,0.001178563755340048,True,True,N_ABS_NKCC_S4_PHIGH_KLOW_AE4NA05_P1_H1:B00,AE4NA05,1.4479562720083332,-0.4479562720083332,True,NEW_POST_CHECKPOINT_SIMULATION,,,COMPLETE,0.3,1.1423624825229461
0.05,0.5,N_ABS_NKCC_S4_PHIGH_KLOW_AE4NA05_P1_H1_B00__share_0.30,False,share_0.30,0.0001917910275039958,0.0030986614053582526,0.002020788350648152,The solver successfully reached the end of the integration interval.,0.001178563755340048,True,True,N_ABS_NKCC_S4_PHIGH_KLOW_AE4NA05_P1_H1:B00,AE4NA05,1.4889295319418974,-0.48892953194189737,True,NEW_POST_CHECKPOINT_SIMULATION,,,COMPLETE,0.3,1.2124730103888912
0.05,0.1,N_ABS_NKCC_S4_PHIGH_KLOW_AE4NA20_P2_H1_B00__inherited_baseline,False,inherited_baseline,0.0004050093593832571,0.001637473438780307,0.0016015833644817295,The solver successfully reached the end of the integration interval.,0.0011955239707473837,True,True,N_ABS_NKCC_S4_PHIGH_KLOW_AE4NA20_P2_H1:B00,AE4NA20,1.0822869171217397,-0.08228691712173974,True,HASH_VALID_INHERITED_REUSE,results/14B_five_percent_ae4_check/trajectories/N_ABS_NKCC_S4_PHIGH_KLOW_AE4NA20_P2_H1_B00_ca0.10_AE4_5pct_production_radau.json,5bfc461d87ba94d5b14a21d7e707dfe707404cc772fe1d3a3df1c05e75b08bbf,COMPLETE,,0.9609500186890377
0.05,0.25,N_ABS_NKCC_S4_PHIGH_KLOW_AE4NA20_P2_H1_B00__inherited_baseline,False,inherited_baseline,0.0014601653219870059,0.002303419014834171,0.0019526418870106236,The solver successfully reached the end of the integration interval.,0.0011955239707473837,True,True,N_ABS_NKCC_S4_PHIGH_KLOW_AE4NA20_P2_H1:B00,AE4NA20,1.1454294969719807,-0.1454294969719807,True,HASH_VALID_INHERITED_REUSE,results/14B_five_percent_ae4_check/trajectories/N_ABS_NKCC_S4_PHIGH_KLOW_AE4NA20_P2_H1_B00_ca0.25_AE4_5pct_production_radau.json,517002a60de5171b4883946a9d432ede67422bfe26ba304917fe1463a6e76194,COMPLETE,,1.1715851322063742
0.05,0.5,N_ABS_NKCC_S4_PHIGH_KLOW_AE4NA20_P2_H1_B00__inherited_baseline,False,inherited_baseline,0.0022595258997171186,0.0026465022053571013,0.0020702584443329152,The solver successfully reached the end of the integration interval.,0.0011955239707473837,True,True,N_ABS_NKCC_S4_PHIGH_KLOW_AE4NA20_P2_H1:B00,AE4NA20,1.1669683146007646,-0.16696831460076456,True,HASH_VALID_INHERITED_REUSE,results/14B_five_percent_ae4_check/trajectories/N_ABS_NKCC_S4_PHIGH_KLOW_AE4NA20_P2_H1_B00_ca0.50_AE4_5pct_production_radau.json,1fbbf9a1a17ed796bfbfa71796d41fbe0e09d71477bacbd3e6ac72eb27ff8441,COMPLETE,,1.2421550665997492
0.05,0.1,N_ABS_NKCC_S4_PHIGH_KLOW_AE4NA20_P2_H1_B00__share_0.10,False,share_0.10,0.003460343123151688,0.001823063615537876,0.0017052313693406078,The solver successfully reached the end of the integration interval.,0.0012689556216205434,True,True,N_ABS_NKCC_S4_PHIGH_KLOW_AE4NA20_P2_H1:B00,AE4NA20,1.1861650432705728,-0.18616504327057282,True,NEW_POST_CHECKPOINT_SIMULATION,,,COMPLETE,0.1,1.0231388216043646
0.05,0.25,N_ABS_NKCC_S4_PHIGH_KLOW_AE4NA20_P2_H1_B00__share_0.10,False,share_0.10,0.003513633828333695,0.0027968406252841167,0.002156713950889169,The solver successfully reached the end of the integration interval.,0.0012689556216205434,True,True,N_ABS_NKCC_S4_PHIGH_KLOW_AE4NA20_P2_H1:B00,AE4NA20,1.3141537029460264,-0.3141537029460264,True,NEW_POST_CHECKPOINT_SIMULATION,,,COMPLETE,0.1,1.2940283705335014
0.05,0.5,N_ABS_NKCC_S4_PHIGH_KLOW_AE4NA20_P2_H1_B00__share_0.10,False,share_0.10,0.003534950110406498,0.0033314517369243376,0.0023221359371176807,The solver successfully reached the end of the integration interval.,0.0012689556216205434,True,True,N_ABS_NKCC_S4_PHIGH_KLOW_AE4NA20_P2_H1:B00,AE4NA20,1.3610651918207242,-0.36106519182072416,True,NEW_POST_CHECKPOINT_SIMULATION,,,COMPLETE,0.1,1.3932815622706083
0.05,0.1,N_ABS_NKCC_S4_PHIGH_KLOW_AE4NA20_P2_H1_B00__share_0.30,False,share_0.30,0.0030446756227320293,0.0018918079553974954,0.0017428860279910068,The solver successfully reached the end of the integration interval.,0.0013073244896763593,True,True,N_ABS_NKCC_S4_PHIGH_KLOW_AE4NA20_P2_H1:B00,AE4NA20,1.223843802461628,-0.22384380246162805,True,NEW_POST_CHECKPOINT_SIMULATION,,,COMPLETE,0.3,1.045731616794604
0.05,0.25,N_ABS_NKCC_S4_PHIGH_KLOW_AE4NA20_P2_H1_B00__share_0.30,False,share_0.30,0.003431921413721284,0.0029391748675126617,0.002207882219498943,The solver successfully reached the end of the integration interval.,0.0013073244896763593,True,True,N_ABS_NKCC_S4_PHIGH_KLOW_AE4NA20_P2_H1:B00,AE4NA20,1.3644081225010138,-0.36440812250101384,True,NEW_POST_CHECKPOINT_SIMULATION,,,COMPLETE,0.3,1.3247293316993658
0.05,0.5,N_ABS_NKCC_S4_PHIGH_KLOW_AE4NA20_P2_H1_B00__share_0.30,False,share_0.30,0.0034567904094728874,0.0035167094020198382,0.0023793757427948404,The solver successfully reached the end of the integration interval.,0.0013073244896763593,True,True,N_ABS_NKCC_S4_PHIGH_KLOW_AE4NA20_P2_H1:B00,AE4NA20,1.4169919071977926,-0.41699190719779256,True,NEW_POST_CHECKPOINT_SIMULATION,,,COMPLETE,0.3,1.4276254456769042
0.05,0.1,N_ABS_NKCC_S4_PLOW_KHIGH_AE4NA05_P1_H1_B00__inherited_baseline,False,inherited_baseline,1.0658141036401503e-05,0.0014895939195695097,0.0013945967980207965,The solver successfully reached the end of the integration interval.,0.0010617320818342242,True,True,N_ABS_NKCC_S4_PLOW_KHIGH_AE4NA05_P1_H1:B00,AE4NA05,1.163179701753124,-0.16317970175312402,True,HASH_VALID_INHERITED_REUSE,results/14B_five_percent_ae4_check/trajectories/N_ABS_NKCC_S4_PLOW_KHIGH_AE4NA05_P1_H1_B00_ca0.10_AE4_5pct_production_radau.json,6d995519040be28c044dd8d32d1d88ce147c6307cb10131d6a1fd4d73af0dca3,COMPLETE,,0.8367580788124779
0.05,0.25,N_ABS_NKCC_S4_PLOW_KHIGH_AE4NA05_P1_H1_B00__inherited_baseline,False,inherited_baseline,2.622034533938944e-05,0.002113178568941418,0.0016438837417949725,The solver successfully reached the end of the integration interval.,0.0010617320818342242,True,True,N_ABS_NKCC_S4_PLOW_KHIGH_AE4NA05_P1_H1:B00,AE4NA05,1.202714141279223,-0.20271414127922305,True,HASH_VALID_INHERITED_REUSE,results/14B_five_percent_ae4_check/trajectories/N_ABS_NKCC_S4_PLOW_KHIGH_AE4NA05_P1_H1_B00_ca0.25_AE4_5pct_production_radau.json,7918090941054769c027631e52af2e46f2349b046749da4b96dee85a6f3b1197,COMPLETE,,0.9863302450769835
0.05,0.5,N_ABS_NKCC_S4_PLOW_KHIGH_AE4NA05_P1_H1_B00__inherited_baseline,False,inherited_baseline,3.508304757815495e-05,0.00240566799760642,0.0017138951241307617,The solver successfully reached the end of the integration interval.,0.0010617320818342242,True,True,N_ABS_NKCC_S4_PLOW_KHIGH_AE4NA05_P1_H1:B00,AE4NA05,1.2133051855608012,-0.21330518556080125,True,HASH_VALID_INHERITED_REUSE,results/14B_five_percent_ae4_check/trajectories/N_ABS_NKCC_S4_PLOW_KHIGH_AE4NA05_P1_H1_B00_ca0.50_AE4_5pct_production_radau.json,aaa4bcd778f0777472ebb49ab6497211bad13029c23d17cef11435b7c61e1627,COMPLETE,,1.028337074478457
0.05,0.1,N_ABS_NKCC_S4_PLOW_KHIGH_AE4NA05_P1_H1_B00__share_0.10,False,share_0.10,0.00044764192352886306,0.0014806096980547136,0.001385152497350483,The solver successfully reached the end of the integration interval.,0.000977162239301274,True,True,N_ABS_NKCC_S4_PLOW_KHIGH_AE4NA05_P1_H1:B00,AE4NA05,1.2066926575858905,-0.2066926575858905,True,NEW_POST_CHECKPOINT_SIMULATION,,,COMPLETE,0.1,0.8310914984102898
0.05,0.25,N_ABS_NKCC_S4_PLOW_KHIGH_AE4NA05_P1_H1_B00__share_0.10,False,share_0.10,0.0005417888360170764,0.0023527436428258026,0.0018201469034750954,The solver successfully reached the end of the integration interval.,0.000977162239301274,True,True,N_ABS_NKCC_S4_PLOW_KHIGH_AE4NA05_P1_H1:B00,AE4NA05,1.4001682196562557,-0.4001682196562557,True,NEW_POST_CHECKPOINT_SIMULATION,,,COMPLETE,0.1,1.0920881420850572
0.05,0.5,N_ABS_NKCC_S4_PLOW_KHIGH_AE4NA05_P1_H1_B00__share_0.10,False,share_0.10,0.0005115907697472721,0.0028050656592610995,0.0019699106127321077,The solver successfully reached the end of the integration interval.,0.000977162239301274,True,True,N_ABS_NKCC_S4_PLOW_KHIGH_AE4NA05_P1_H1:B00,AE4NA05,1.4616459437595468,-0.4616459437595468,True,NEW_POST_CHECKPOINT_SIMULATION,,,COMPLETE,0.1,1.1819463676392645
0.05,0.1,N_ABS_NKCC_S4_PLOW_KHIGH_AE4NA05_P1_H1_B00__share_0.30,False,share_0.30,0.0026327607933914333,0.0019614230945053934,0.0016513455785572653,The solver successfully reached the end of the integration interval.,0.0012652652450051733,True,True,N_ABS_NKCC_S4_PLOW_KHIGH_AE4NA05_P1_H1:B00,AE4NA05,1.4630343502804992,-0.4630343502804992,True,NEW_POST_CHECKPOINT_SIMULATION,,,COMPLETE,0.3,0.9908073471343591
0.05,0.25,N_ABS_NKCC_S4_PLOW_KHIGH_AE4NA05_P1_H1_B00__share_0.30,False,share_0.30,0.006141816048206231,0.0030562463919808023,0.0019478752222895272,The solver successfully reached the end of the integration interval.,0.0012652652450051733,True,True,N_ABS_NKCC_S4_PLOW_KHIGH_AE4NA05_P1_H1:B00,AE4NA05,1.546063939686364,-0.546063939686364,True,NEW_POST_CHECKPOINT_SIMULATION,,,COMPLETE,0.3,1.1687251333737163
0.05,0.5,N_ABS_NKCC_S4_PLOW_KHIGH_AE4NA05_P1_H1_B00__share_0.30,False,share_0.30,0.007369016035111075,0.003561691459166716,0.00203602756428346,The solver successfully reached the end of the integration interval.,0.0012652652450051733,True,True,N_ABS_NKCC_S4_PLOW_KHIGH_AE4NA05_P1_H1:B00,AE4NA05,1.5717020421723749,-0.5717020421723749,True,NEW_POST_CHECKPOINT_SIMULATION,,,COMPLETE,0.3,1.221616538570076
0.05,0.1,N_ABS_NKCC_S4_PLOW_KHIGH_AE4NA20_P2_H1_B00__inherited_baseline,False,inherited_baseline,0.0003055333763768431,0.0016770152338389382,0.0016069399133362436,The solver successfully reached the end of the integration interval.,0.0011806534396574199,True,True,N_ABS_NKCC_S4_PLOW_KHIGH_AE4NA20_P2_H1:B00,AE4NA20,1.1249328872849826,-0.12493288728498264,True,HASH_VALID_INHERITED_REUSE,results/14B_five_percent_ae4_check/trajectories/N_ABS_NKCC_S4_PLOW_KHIGH_AE4NA20_P2_H1_B00_ca0.10_AE4_5pct_production_radau.json,6d64c31fa7f6233e18a0525e15f37953aaae222e56bf8d977b2eecffa5a10961,COMPLETE,,0.9641639480017462
0.05,0.25,N_ABS_NKCC_S4_PLOW_KHIGH_AE4NA20_P2_H1_B00__inherited_baseline,False,inherited_baseline,0.0013145040611561853,0.0024332833441529367,0.0019630775405441777,The solver successfully reached the end of the integration interval.,0.0011806534396574199,True,True,N_ABS_NKCC_S4_PLOW_KHIGH_AE4NA20_P2_H1:B00,AE4NA20,1.1951479530489553,-0.19514795304895527,True,HASH_VALID_INHERITED_REUSE,results/14B_five_percent_ae4_check/trajectories/N_ABS_NKCC_S4_PLOW_KHIGH_AE4NA20_P2_H1_B00_ca0.25_AE4_5pct_production_radau.json,8df452b3d79e07c03a7d25edd3c035bb75fa63a66bcb32531b25455816c6a5fb,COMPLETE,,1.1778465243265066
0.05,0.5,N_ABS_NKCC_S4_PLOW_KHIGH_AE4NA20_P2_H1_B00__inherited_baseline,False,inherited_baseline,0.002035704937952687,0.002810627686179601,0.002073794806914919,The solver successfully reached the end of the integration interval.,0.0011806534396574199,True,True,N_ABS_NKCC_S4_PLOW_KHIGH_AE4NA20_P2_H1:B00,AE4NA20,1.216630070909048,-0.21663007090904807,True,HASH_VALID_INHERITED_REUSE,results/14B_five_percent_ae4_check/trajectories/N_ABS_NKCC_S4_PLOW_KHIGH_AE4NA20_P2_H1_B00_ca0.50_AE4_5pct_production_radau.json,0aeeee757cdf9092d9471179bc9ae46048be93c5b6d314b5f6e7d8ec14ec6bbf,COMPLETE,,1.2442768841489513
0.05,0.1,N_ABS_NKCC_S4_PLOW_KHIGH_AE4NA20_P2_H1_B00__share_0.10,False,share_0.10,6.161737786669619e-05,0.0021081245218182248,0.0018403388658705133,The solver successfully reached the end of the integration interval.,0.001376189122696886,True,True,N_ABS_NKCC_S4_PLOW_KHIGH_AE4NA20_P2_H1:B00,AE4NA20,1.3430526838278263,-0.3430526838278263,True,NEW_POST_CHECKPOINT_SIMULATION,,,COMPLETE,0.1,1.104203319522308
0.05,0.25,N_ABS_NKCC_S4_PLOW_KHIGH_AE4NA20_P2_H1_B00__share_0.10,False,share_0.10,0.00019637069748057456,0.0033265946679092856,0.0022502143160828105,The solver successfully reached the end of the integration interval.,0.001376189122696886,True,True,N_ABS_NKCC_S4_PLOW_KHIGH_AE4NA20_P2_H1:B00,AE4NA20,1.4540293137863616,-0.4540293137863616,True,NEW_POST_CHECKPOINT_SIMULATION,,,COMPLETE,0.1,1.3501285896496862
0.05,0.5,N_ABS_NKCC_S4_PLOW_KHIGH_AE4NA20_P2_H1_B00__share_0.10,False,share_0.10,0.00018367252163642434,0.003927139005248776,0.0023818569816565507,The solver successfully reached the end of the integration interval.,0.001376189122696886,True,True,N_ABS_NKCC_S4_PLOW_KHIGH_AE4NA20_P2_H1:B00,AE4NA20,1.4899152008633256,-0.48991520086332563,True,NEW_POST_CHECKPOINT_SIMULATION,,,COMPLETE,0.1,1.4291141889939303
0.05,0.1,N_ABS_NKCC_S4_PLOW_KHIGH_AE4NA20_P2_H1_B00__share_0.30,False,share_0.30,0.0022239987629291136,0.0014178575127058058,0.0013170107011459457,The solver successfully reached the end of the integration interval.,0.0009204118733559807,True,True,N_ABS_NKCC_S4_PLOW_KHIGH_AE4NA20_P2_H1:B00,AE4NA20,0.9961618601761898,0.003838139823810205,True,NEW_POST_CHECKPOINT_SIMULATION,,,COMPLETE,0.3,0.7902064206875674
0.05,0.25,N_ABS_NKCC_S4_PLOW_KHIGH_AE4NA20_P2_H1_B00__share_0.30,False,share_0.30,0.002334132886971929,0.002185896906538706,0.001852441256485147,The solver successfully reached the end of the integration interval.,0.0009204118733559807,True,True,N_ABS_NKCC_S4_PLOW_KHIGH_AE4NA20_P2_H1:B00,AE4NA20,1.2917427225498401,-0.2917427225498401,True,NEW_POST_CHECKPOINT_SIMULATION,,,COMPLETE,0.3,1.1114647538910882
0.05,0.5,N_ABS_NKCC_S4_PLOW_KHIGH_AE4NA20_P2_H1_B00__share_0.30,False,share_0.30,0.0023590018827235326,0.0025295567740427683,0.0020750693777416263,The solver successfully reached the end of the integration interval.,0.0009204118733559807,True,True,N_ABS_NKCC_S4_PLOW_KHIGH_AE4NA20_P2_H1:B00,AE4NA20,1.4074836557661012,-0.40748365576610124,True,NEW_POST_CHECKPOINT_SIMULATION,,,COMPLETE,0.3,1.2450416266449758
0.05,0.1,N_ABS_NKCC_S4_PLOW_KLOW_AE4NA05_P1_H1_B00__inherited_baseline,False,inherited_baseline,1.4210854715202002e-05,0.0014363521798690189,0.0013714980143384172,The solver successfully reached the end of the integration interval.,0.0010589189561953456,True,True,N_ABS_NKCC_S4_PLOW_KLOW_AE4NA05_P1_H1:B00,AE4NA05,1.151854570491648,-0.15185457049164808,True,HASH_VALID_INHERITED_REUSE,results/14B_five_percent_ae4_check/trajectories/N_ABS_NKCC_S4_PLOW_KLOW_AE4NA05_P1_H1_B00_ca0.10_AE4_5pct_production_radau.json,21ed2bc4d37dad9cb64a21fa95203dcd863c5e4b73c0dc73231686438dffc594,COMPLETE,,0.8228988086030503
0.05,0.25,N_ABS_NKCC_S4_PLOW_KLOW_AE4NA05_P1_H1_B00__inherited_baseline,False,inherited_baseline,2.8421709430404004e-05,0.0019851386033501064,0.00161351832112315,The solver successfully reached the end of the integration interval.,0.0010589189561953456,True,True,N_ABS_NKCC_S4_PLOW_KLOW_AE4NA05_P1_H1:B00,AE4NA05,1.1906391213243976,-0.19063912132439764,True,HASH_VALID_INHERITED_REUSE,results/14B_five_percent_ae4_check/trajectories/N_ABS_NKCC_S4_PLOW_KLOW_AE4NA05_P1_H1_B00_ca0.25_AE4_5pct_production_radau.json,ad2b4851c1fc0d56f3f70af181fd7c04ffb74d8fbd86923b2c2258460eccc137,COMPLETE,,0.96811099267389
0.05,0.5,N_ABS_NKCC_S4_PLOW_KLOW_AE4NA05_P1_H1_B00__inherited_baseline,False,inherited_baseline,3.730349362740526e-05,0.002257693667783137,0.001685023192176814,The solver successfully reached the end of the integration interval.,0.0010589189561953456,True,True,N_ABS_NKCC_S4_PLOW_KLOW_AE4NA05_P1_H1:B00,AE4NA05,1.202562880594413,-0.20256288059441308,True,HASH_VALID_INHERITED_REUSE,results/14B_five_percent_ae4_check/trajectories/N_ABS_NKCC_S4_PLOW_KLOW_AE4NA05_P1_H1_B00_ca0.50_AE4_5pct_production_radau.json,834a715c05b9d12bbb6085d930c80e8e91a8d77d93a8221a65e03c90dc3e804c,COMPLETE,,1.0110139153060884
0.05,0.1,N_ABS_NKCC_S4_PLOW_KLOW_AE4NA05_P1_H1_B00__share_0.10,False,share_0.10,1.0658141036401503e-05,0.0014817218923652454,0.0014126213300095125,The solver successfully reached the end of the integration interval.,0.0010263106874077554,True,True,N_ABS_NKCC_S4_PLOW_KLOW_AE4NA05_P1_H1:B00,AE4NA05,1.2270798554007394,-0.22707985540073938,True,NEW_POST_CHECKPOINT_SIMULATION,,,COMPLETE,0.1,0.8475727980057075
0.05,0.25,N_ABS_NKCC_S4_PLOW_KLOW_AE4NA05_P1_H1_B00__share_0.10,False,share_0.10,2.4868995751603507e-05,0.0022320650006739163,0.0017968709718222235,The solver successfully reached the end of the integration interval.,0.0010263106874077554,True,True,N_ABS_NKCC_S4_PLOW_KLOW_AE4NA05_P1_H1:B00,AE4NA05,1.3750932964145774,-0.37509329641457745,True,NEW_POST_CHECKPOINT_SIMULATION,,,COMPLETE,0.1,1.078122583093334
0.05,0.5,N_ABS_NKCC_S4_PLOW_KLOW_AE4NA05_P1_H1_B00__share_0.10,False,share_0.10,3.1530333899354446e-05,0.0026285231925047754,0.0019283905040180448,The solver successfully reached the end of the integration interval.,0.0010263106874077554,True,True,N_ABS_NKCC_S4_PLOW_KLOW_AE4NA05_P1_H1:B00,AE4NA05,1.4240802959894594,-0.4240802959894594,True,NEW_POST_CHECKPOINT_SIMULATION,,,COMPLETE,0.1,1.157034302410827
0.05,0.1,N_ABS_NKCC_S4_PLOW_KLOW_AE4NA05_P1_H1_B00__share_0.30,False,share_0.30,2.8421709430404004e-05,0.0015401504625506463,0.0014458072147486571,The solver successfully reached the end of the integration interval.,0.0010996136404864659,True,True,N_ABS_NKCC_S4_PLOW_KLOW_AE4NA05_P1_H1:B00,AE4NA05,1.2968906401663292,-0.29689064016632916,True,NEW_POST_CHECKPOINT_SIMULATION,,,COMPLETE,0.3,0.8674843288491942
0.05,0.25,N_ABS_NKCC_S4_PLOW_KLOW_AE4NA05_P1_H1_B00__share_0.30,False,share_0.30,6.9111383282916e-05,0.002214712849196815,0.0017830339582470282,The solver successfully reached the end of the integration interval.,0.0010996136404864659,True,True,N_ABS_NKCC_S4_PLOW_KLOW_AE4NA05_P1_H1:B00,AE4NA05,1.4332240103900424,-0.43322401039004244,True,NEW_POST_CHECKPOINT_SIMULATION,,,COMPLETE,0.3,1.069820374948217
0.05,0.5,N_ABS_NKCC_S4_PLOW_KLOW_AE4NA05_P1_H1_B00__share_0.30,False,share_0.30,0.00013905543383430086,0.002571741482185583,0.0019060623416920074,The solver successfully reached the end of the integration interval.,0.0010996136404864659,True,True,N_ABS_NKCC_S4_PLOW_KLOW_AE4NA05_P1_H1:B00,AE4NA05,1.4828783853759022,-0.4828783853759022,True,NEW_POST_CHECKPOINT_SIMULATION,,,COMPLETE,0.3,1.1436374050152045
0.05,0.1,N_ABS_NKCC_S4_PLOW_KLOW_AE4NA20_P2_H1_B00__inherited_baseline,False,inherited_baseline,0.0004085620730620576,0.0016016929977750477,0.0015625601424911918,The solver successfully reached the end of the integration interval.,0.001169459876234169,True,True,N_ABS_NKCC_S4_PLOW_KLOW_AE4NA20_P2_H1:B00,AE4NA20,1.112948508750198,-0.11294850875019802,True,HASH_VALID_INHERITED_REUSE,results/14B_five_percent_ae4_check/trajectories/N_ABS_NKCC_S4_PLOW_KLOW_AE4NA20_P2_H1_B00_ca0.10_AE4_5pct_production_radau.json,52c5cf5fb0b5cb66d64062657aa55161ff38dea4b117f8b1f53d4244cca83829,COMPLETE,,0.937536085494715
0.05,0.25,N_ABS_NKCC_S4_PLOW_KLOW_AE4NA20_P2_H1_B00__inherited_baseline,False,inherited_baseline,0.0014317436125566019,0.002253679397651487,0.0019040073337338315,The solver successfully reached the end of the integration interval.,0.001169459876234169,True,True,N_ABS_NKCC_S4_PLOW_KLOW_AE4NA20_P2_H1:B00,AE4NA20,1.1764665843101916,-0.17646658431019158,True,HASH_VALID_INHERITED_REUSE,results/14B_five_percent_ae4_check/trajectories/N_ABS_NKCC_S4_PLOW_KLOW_AE4NA20_P2_H1_B00_ca0.25_AE4_5pct_production_radau.json,c63e66efea50503843633b86854b21c959439d4d7df1e17cb78ac0d195ae9a0b,COMPLETE,,1.1424044002402989
0.05,0.5,N_ABS_NKCC_S4_PLOW_KLOW_AE4NA20_P2_H1_B00__inherited_baseline,False,inherited_baseline,0.002206235194535111,0.0025891872724701616,0.0020176513610734737,The solver successfully reached the end of the integration interval.,0.001169459876234169,True,True,N_ABS_NKCC_S4_PLOW_KLOW_AE4NA20_P2_H1:B00,AE4NA20,1.1982261557958525,-0.19822615579585245,True,HASH_VALID_INHERITED_REUSE,results/14B_five_percent_ae4_check/trajectories/N_ABS_NKCC_S4_PLOW_KLOW_AE4NA20_P2_H1_B00_ca0.50_AE4_5pct_production_radau.json,795e7c9c50bab48a5bb096f734b4312341d67ce408c37c69ab0c9307eac763c1,COMPLETE,,1.2105908166440842
0.05,0.1,N_ABS_NKCC_S4_PLOW_KLOW_AE4NA20_P2_H1_B00__share_0.10,False,share_0.10,0.0014459544672718039,0.0018178317834636388,0.0016826882062579162,The solver successfully reached the end of the integration interval.,0.0012595504077810545,True,True,N_ABS_NKCC_S4_PLOW_KLOW_AE4NA20_P2_H1:B00,AE4NA20,1.235215344514546,-0.23521534451454595,True,NEW_POST_CHECKPOINT_SIMULATION,,,COMPLETE,0.1,1.0096129237547498
0.05,0.25,N_ABS_NKCC_S4_PLOW_KLOW_AE4NA20_P2_H1_B00__share_0.10,False,share_0.10,0.0014459544672718039,0.00280053280545145,0.002108209450435349,The solver successfully reached the end of the integration interval.,0.0012595504077810545,True,True,N_ABS_NKCC_S4_PLOW_KLOW_AE4NA20_P2_H1:B00,AE4NA20,1.358532934590629,-0.35853293459062896,True,NEW_POST_CHECKPOINT_SIMULATION,,,COMPLETE,0.1,1.2649256702612093
0.05,0.5,N_ABS_NKCC_S4_PLOW_KLOW_AE4NA20_P2_H1_B00__share_0.10,False,share_0.10,0.0014459544672718039,0.003337140118691531,0.002260695931733241,The solver successfully reached the end of the integration interval.,0.0012595504077810545,True,True,N_ABS_NKCC_S4_PLOW_KLOW_AE4NA20_P2_H1:B00,AE4NA20,1.4035057691118331,-0.4035057691118331,True,NEW_POST_CHECKPOINT_SIMULATION,,,COMPLETE,0.1,1.3564175590399445
0.05,0.1,N_ABS_NKCC_S4_PLOW_KLOW_AE4NA20_P2_H1_B00__share_0.30,False,share_0.30,0.0028528290840768022,0.0015846200402826278,0.0015031354932941424,The solver successfully reached the end of the integration interval.,0.00111624066388456,True,True,N_ABS_NKCC_S4_PLOW_KLOW_AE4NA20_P2_H1:B00,AE4NA20,1.1401435810076934,-0.14014358100769342,True,NEW_POST_CHECKPOINT_SIMULATION,,,COMPLETE,0.3,0.9018812959764854
0.05,0.25,N_ABS_NKCC_S4_PLOW_KLOW_AE4NA20_P2_H1_B00__share_0.30,False,share_0.30,0.0029025670755800093,0.002283363220254103,0.0019456285710347336,The solver successfully reached the end of the integration interval.,0.00111624066388456,True,True,N_ABS_NKCC_S4_PLOW_KLOW_AE4NA20_P2_H1:B00,AE4NA20,1.326251958522703,-0.32625195852270306,True,NEW_POST_CHECKPOINT_SIMULATION,,,COMPLETE,0.3,1.1673771426208401
0.05,0.5,N_ABS_NKCC_S4_PLOW_KLOW_AE4NA20_P2_H1_B00__share_0.30,False,share_0.30,0.0029523050670832163,0.00264734390661448,0.0021270616403511766,The solver successfully reached the end of the integration interval.,0.00111624066388456,True,True,N_ABS_NKCC_S4_PLOW_KLOW_AE4NA20_P2_H1:B00,AE4NA20,1.397146224513369,-0.397146224513369,True,NEW_POST_CHECKPOINT_SIMULATION,,,COMPLETE,0.3,1.276236984210706
0.05,0.1,N_ABS_NKCC_S4_PNOM_KMID_AE4NA05_P1_H1_B00__inherited_baseline,False,inherited_baseline,1.4210854715202002e-05,0.0014876364257203041,0.0014055859193360296,The solver successfully reached the end of the integration interval.,0.0010777587552226965,True,True,N_ABS_NKCC_S4_PNOM_KMID_AE4NA05_P1_H1:B00,AE4NA05,1.1530741422631607,-0.15307414226316074,True,HASH_VALID_INHERITED_REUSE,results/14B_five_percent_ae4_check/trajectories/N_ABS_NKCC_S4_PNOM_KMID_AE4NA05_P1_H1_B00_ca0.10_AE4_5pct_production_radau.json,a1a999eadad7e27b71a565be00218103d29748ede3c482c05c7664e32a0011bd,COMPLETE,,0.8433515516016178
0.05,0.25,N_ABS_NKCC_S4_PNOM_KMID_AE4NA05_P1_H1_B00__inherited_baseline,False,inherited_baseline,2.6558616417204917e-05,0.0020843840585522467,0.0016515125946772948,The solver successfully reached the end of the integration interval.,0.0010777587552226965,True,True,N_ABS_NKCC_S4_PNOM_KMID_AE4NA05_P1_H1:B00,AE4NA05,1.1923765353191946,-0.19237653531919463,True,HASH_VALID_INHERITED_REUSE,results/14B_five_percent_ae4_check/trajectories/N_ABS_NKCC_S4_PNOM_KMID_AE4NA05_P1_H1_B00_ca0.25_AE4_5pct_production_radau.json,70389e5b9088b46052a4254ef4f0f316b7bbf0b190b5a74dfb813a52cb54e8cd,COMPLETE,,0.9909075568063769
0.05,0.5,N_ABS_NKCC_S4_PNOM_KMID_AE4NA05_P1_H1_B00__inherited_baseline,False,inherited_baseline,3.3306690738754696e-05,0.002373663457705991,0.0017216737319996906,The solver successfully reached the end of the integration interval.,0.0010777587552226965,True,True,N_ABS_NKCC_S4_PNOM_KMID_AE4NA05_P1_H1:B00,AE4NA05,1.2034807467128519,-0.20348074671285188,True,HASH_VALID_INHERITED_REUSE,results/14B_five_percent_ae4_check/trajectories/N_ABS_NKCC_S4_PNOM_KMID_AE4NA05_P1_H1_B00_ca0.50_AE4_5pct_production_radau.json,e7b7f7954f2333c711294e211857581738cd14cf966361681a63cb6d4529c8ca,COMPLETE,,1.0330042391998144
0.05,0.1,N_ABS_NKCC_S4_PNOM_KMID_AE4NA05_P1_H1_B00__share_0.10,False,share_0.10,0.00034372504842394846,0.0015138102060555992,0.0014270852566183123,The solver successfully reached the end of the integration interval.,0.0010222205157728538,True,True,N_ABS_NKCC_S4_PNOM_KMID_AE4NA05_P1_H1:B00,AE4NA05,1.2158717098995544,-0.2158717098995544,True,NEW_POST_CHECKPOINT_SIMULATION,,,COMPLETE,0.1,0.8562511539709874
0.05,0.25,N_ABS_NKCC_S4_PNOM_KMID_AE4NA05_P1_H1_B00__share_0.10,False,share_0.10,0.00034283687000424834,0.0023406204777261714,0.0018345386253817186,The solver successfully reached the end of the integration interval.,0.0010222205157728538,True,True,N_ABS_NKCC_S4_PNOM_KMID_AE4NA05_P1_H1:B00,AE4NA05,1.3817637620203658,-0.38176376202036577,True,NEW_POST_CHECKPOINT_SIMULATION,,,COMPLETE,0.1,1.1007231752290312
0.05,0.5,N_ABS_NKCC_S4_PNOM_KMID_AE4NA05_P1_H1_B00__share_0.10,False,share_0.10,0.0005515587986337778,0.0027693292550726614,0.0019718182176544133,The solver successfully reached the end of the integration interval.,0.0010222205157728538,True,True,N_ABS_NKCC_S4_PNOM_KMID_AE4NA05_P1_H1:B00,AE4NA05,1.4345019171548046,-0.4345019171548046,True,NEW_POST_CHECKPOINT_SIMULATION,,,COMPLETE,0.1,1.183090930592648
0.05,0.1,N_ABS_NKCC_S4_PNOM_KMID_AE4NA05_P1_H1_B00__share_0.30,False,share_0.30,4.263256414560601e-05,0.0016336007073914638,0.0015137189516711933,The solver successfully reached the end of the integration interval.,0.0011602013613632779,True,True,N_ABS_NKCC_S4_PNOM_KMID_AE4NA05_P1_H1:B00,AE4NA05,1.3302563761843984,-0.3302563761843984,True,NEW_POST_CHECKPOINT_SIMULATION,,,COMPLETE,0.3,0.908231371002716
0.05,0.25,N_ABS_NKCC_S4_PNOM_KMID_AE4NA05_P1_H1_B00__share_0.30,False,share_0.30,0.00010491607582707729,0.0023241886371378863,0.001833594913146499,The solver successfully reached the end of the integration interval.,0.0011602013613632779,True,True,N_ABS_NKCC_S4_PNOM_KMID_AE4NA05_P1_H1:B00,AE4NA05,1.451407467645727,-0.4514074676457269,True,NEW_POST_CHECKPOINT_SIMULATION,,,COMPLETE,0.3,1.1001569478878994
0.05,0.5,N_ABS_NKCC_S4_PNOM_KMID_AE4NA05_P1_H1_B00__share_0.30,False,share_0.30,0.00017263968032921184,0.0026736032026529162,0.0019451884577301338,The solver successfully reached the end of the integration interval.,0.0011602013613632779,True,True,N_ABS_NKCC_S4_PNOM_KMID_AE4NA05_P1_H1:B00,AE4NA05,1.4943333313826497,-0.4943333313826497,True,NEW_POST_CHECKPOINT_SIMULATION,,,COMPLETE,0.3,1.1671130746380802
0.05,0.1,N_ABS_NKCC_S4_PNOM_KMID_AE4NA20_P2_H1_B00__inherited_baseline,False,inherited_baseline,0.0003730349362740526,0.0016690968438205528,0.0016145918576126305,The solver successfully reached the end of the integration interval.,0.0011953563779095316,True,True,N_ABS_NKCC_S4_PNOM_KMID_AE4NA20_P2_H1:B00,AE4NA20,1.1048984991343334,-0.10489849913433336,True,HASH_VALID_INHERITED_REUSE,results/14B_five_percent_ae4_check/trajectories/N_ABS_NKCC_S4_PNOM_KMID_AE4NA20_P2_H1_B00_ca0.10_AE4_5pct_production_radau.json,974e35fb17c43a6c71be1f5cc8f9e461d29fccbc0cbe4f5a8c7238f2ab304a3a,COMPLETE,,0.9687551145675783
0.05,0.25,N_ABS_NKCC_S4_PNOM_KMID_AE4NA20_P2_H1_B00__inherited_baseline,False,inherited_baseline,0.0014743761767022079,0.002389036069545386,0.001967028387059066,The solver successfully reached the end of the integration interval.,0.0011953563779095316,True,True,N_ABS_NKCC_S4_PNOM_KMID_AE4NA20_P2_H1:B00,AE4NA20,1.1716638006421243,-0.17166380064212428,True,HASH_VALID_INHERITED_REUSE,results/14B_five_percent_ae4_check/trajectories/N_ABS_NKCC_S4_PNOM_KMID_AE4NA20_P2_H1_B00_ca0.25_AE4_5pct_production_radau.json,2c33e1174d1b2c9e77a6458771a66cf7a32b51f3d2674d0d46eb80d55cf71d69,COMPLETE,,1.1802170322354395
0.05,0.5,N_ABS_NKCC_S4_PNOM_KMID_AE4NA20_P2_H1_B00__inherited_baseline,False,inherited_baseline,0.002277289468111121,0.002751217902866388,0.0020794939061198016,The solver successfully reached the end of the integration interval.,0.0011953563779095316,True,True,N_ABS_NKCC_S4_PNOM_KMID_AE4NA20_P2_H1:B00,AE4NA20,1.19304025571088,-0.1930402557108799,True,HASH_VALID_INHERITED_REUSE,results/14B_five_percent_ae4_check/trajectories/N_ABS_NKCC_S4_PNOM_KMID_AE4NA20_P2_H1_B00_ca0.50_AE4_5pct_production_radau.json,7a8afd5a81dde3d9af8a9cadcf584dd9bcb0d96bb436bc506e5f0a84bac0f97d,COMPLETE,,1.2476963436718809
0.05,0.1,N_ABS_NKCC_S4_PNOM_KMID_AE4NA20_P2_H1_B00__share_0.10,False,share_0.10,5.689893001203927e-05,0.0019398935945614205,0.0017606594429132076,The solver successfully reached the end of the integration interval.,0.0013204834249503862,True,True,N_ABS_NKCC_S4_PNOM_KMID_AE4NA20_P2_H1:B00,AE4NA20,1.2480304084200264,-0.24803040842002644,True,NEW_POST_CHECKPOINT_SIMULATION,,,COMPLETE,0.1,1.0563956657479245
0.05,0.25,N_ABS_NKCC_S4_PNOM_KMID_AE4NA20_P2_H1_B00__share_0.10,False,share_0.10,0.00011150802503578916,0.0030123953103691455,0.0021753460245042253,The solver successfully reached the end of the integration interval.,0.0013204834249503862,True,True,N_ABS_NKCC_S4_PNOM_KMID_AE4NA20_P2_H1:B00,AE4NA20,1.3627582454255351,-0.36275824542553514,True,NEW_POST_CHECKPOINT_SIMULATION,,,COMPLETE,0.1,1.3052076147025353
0.05,0.5,N_ABS_NKCC_S4_PNOM_KMID_AE4NA20_P2_H1_B00__share_0.10,False,share_0.10,0.0001907501934184097,0.003576396712282867,0.0023165262068503847,The solver successfully reached the end of the integration interval.,0.0013204834249503862,True,True,N_ABS_NKCC_S4_PNOM_KMID_AE4NA20_P2_H1:B00,AE4NA20,1.4025106500544986,-0.4025106500544986,True,NEW_POST_CHECKPOINT_SIMULATION,,,COMPLETE,0.1,1.3899157241102307
0.05,0.1,N_ABS_NKCC_S4_PNOM_KMID_AE4NA20_P2_H1_B00__share_0.30,False,share_0.30,0.0028670399387920042,0.0016611444999126397,0.0015508365795239704,The solver successfully reached the end of the integration interval.,0.0011456757705496702,True,True,N_ABS_NKCC_S4_PNOM_KMID_AE4NA20_P2_H1:B00,AE4NA20,1.1338362380980682,-0.13383623809806822,True,NEW_POST_CHECKPOINT_SIMULATION,,,COMPLETE,0.3,0.9305019477143822
0.05,0.25,N_ABS_NKCC_S4_PNOM_KMID_AE4NA20_P2_H1_B00__share_0.30,False,share_0.30,0.0029487523534044158,0.0024257195988759334,0.002010219003743053,The solver successfully reached the end of the integration interval.,0.0011456757705496702,True,True,N_ABS_NKCC_S4_PNOM_KMID_AE4NA20_P2_H1:B00,AE4NA20,1.3281117562385265,-0.3281117562385265,True,NEW_POST_CHECKPOINT_SIMULATION,,,COMPLETE,0.3,1.2061314022458318
0.05,0.5,N_ABS_NKCC_S4_PNOM_KMID_AE4NA20_P2_H1_B00__share_0.30,False,share_0.30,0.0029380942123680143,0.0028108970219687087,0.0021933160585469813,The solver successfully reached the end of the integration interval.,0.0011456757705496702,True,True,N_ABS_NKCC_S4_PNOM_KMID_AE4NA20_P2_H1:B00,AE4NA20,1.40068528886424,-0.40068528886424004,True,NEW_POST_CHECKPOINT_SIMULATION,,,COMPLETE,0.3,1.3159896351281888
