calcium_uM,candidate_id,capacities_refitted_after_freeze,condition,max_dimensionless_conservation_ratio,maximum_flow_pL_s,mean_0_600_pL_s,message,minimum_flow_pL_s,numerical_gate_pass,root_id,routing_family,solver_success,source,source_path,source_sha256,status,target_share,total_0_600_pL
0.1,N_ABS_NKCC_S4_PHIGH_KHIGH_AE4NA05_P1_H1_B00__inherited_baseline,False,inherited_baseline,0.00022559731860383178,0.001365281732875262,0.0012410577041332633,The solver successfully reached the end of the integration interval.,0.0010059774821377515,True,N_ABS_NKCC_S4_PHIGH_KHIGH_AE4NA05_P1_H1:B00,AE4NA05,True,HASH_VALID_INHERITED_REUSE,results/14_scale_free_genotype_holdout/trajectories/N_ABS_NKCC_S4_PHIGH_KHIGH_AE4NA05_P1_H1_B00_ca0.10_WT_production_radau.json,3342778c97bd24899846e515eac584ab9be1c5e87092c8a1281a653d8a7ff2f6,COMPLETE,,0.7446346224799579
0.25,N_ABS_NKCC_S4_PHIGH_KHIGH_AE4NA05_P1_H1_B00__inherited_baseline,False,inherited_baseline,0.0015489831639570184,0.0018595294937908348,0.0014120456549589116,The solver successfully reached the end of the integration interval.,0.0010059774821377515,True,N_ABS_NKCC_S4_PHIGH_KHIGH_AE4NA05_P1_H1:B00,AE4NA05,True,HASH_VALID_INHERITED_REUSE,results/14_scale_free_genotype_holdout/trajectories/N_ABS_NKCC_S4_PHIGH_KHIGH_AE4NA05_P1_H1_B00_ca0.25_WT_production_radau.json,7db9c20468e99da3e3e564d08f93b0d7843598052ff1034aacf4336d0c13dd0b,COMPLETE,,0.847227392975347
0.5,N_ABS_NKCC_S4_PHIGH_KHIGH_AE4NA05_P1_H1_B00__inherited_baseline,False,inherited_baseline,0.002467359649926948,0.0020785445393476432,0.0014587165267318145,The solver successfully reached the end of the integration interval.,0.0010059774821377515,True,N_ABS_NKCC_S4_PHIGH_KHIGH_AE4NA05_P1_H1:B00,AE4NA05,True,HASH_VALID_INHERITED_REUSE,results/14_scale_free_genotype_holdout/trajectories/N_ABS_NKCC_S4_PHIGH_KHIGH_AE4NA05_P1_H1_B00_ca0.50_WT_production_radau.json,d3f18f26432348a9d6bb13f9423cac2ea767c425c530106339c98a4511701c87,COMPLETE,,0.8752299160390887
0.1,N_ABS_NKCC_S4_PHIGH_KHIGH_AE4NA05_P1_H1_B00__share_0.10,False,share_0.10,0.0003090860900556436,0.001327385193080355,0.0011905339444689869,The solver successfully reached the end of the integration interval.,0.0010059774821377515,True,N_ABS_NKCC_S4_PHIGH_KHIGH_AE4NA05_P1_H1:B00,AE4NA05,True,NEW_POST_CHECKPOINT_SIMULATION,,,COMPLETE,0.1,0.7143203666813921
0.25,N_ABS_NKCC_S4_PHIGH_KHIGH_AE4NA05_P1_H1_B00__share_0.10,False,share_0.10,0.0015081269566508126,0.00182116327529199,0.001346971010124587,The solver successfully reached the end of the integration interval.,0.0010059774821377515,True,N_ABS_NKCC_S4_PHIGH_KHIGH_AE4NA05_P1_H1:B00,AE4NA05,True,NEW_POST_CHECKPOINT_SIMULATION,,,COMPLETE,0.1,0.8081826060747521
0.5,N_ABS_NKCC_S4_PHIGH_KHIGH_AE4NA05_P1_H1_B00__share_0.10,False,share_0.10,0.002447819724693545,0.002051857372745669,0.001395784628673663,The solver successfully reached the end of the integration interval.,0.0010059774821377515,True,N_ABS_NKCC_S4_PHIGH_KHIGH_AE4NA05_P1_H1:B00,AE4NA05,True,NEW_POST_CHECKPOINT_SIMULATION,,,COMPLETE,0.1,0.8374707772041978
0.1,N_ABS_NKCC_S4_PHIGH_KHIGH_AE4NA05_P1_H1_B00__share_0.30,False,share_0.30,0.00032862601528904634,0.0014289900738269107,0.001171810015367298,The solver successfully reached the end of the integration interval.,0.0010059774821377515,True,N_ABS_NKCC_S4_PHIGH_KHIGH_AE4NA05_P1_H1:B00,AE4NA05,True,NEW_POST_CHECKPOINT_SIMULATION,,,COMPLETE,0.3,0.7030860092203788
0.25,N_ABS_NKCC_S4_PHIGH_KHIGH_AE4NA05_P1_H1_B00__share_0.30,False,share_0.30,0.001142197447734361,0.0020224737596370476,0.0013098657720267313,The solver successfully reached the end of the integration interval.,0.0010059774821377515,True,N_ABS_NKCC_S4_PHIGH_KHIGH_AE4NA05_P1_H1:B00,AE4NA05,True,NEW_POST_CHECKPOINT_SIMULATION,,,COMPLETE,0.3,0.7859194632160388
0.5,N_ABS_NKCC_S4_PHIGH_KHIGH_AE4NA05_P1_H1_B00__share_0.30,False,share_0.30,0.001588063014423824,0.0022814678351013085,0.001347754057079414,The solver successfully reached the end of the integration interval.,0.0010059774821377515,True,N_ABS_NKCC_S4_PHIGH_KHIGH_AE4NA05_P1_H1:B00,AE4NA05,True,NEW_POST_CHECKPOINT_SIMULATION,,,COMPLETE,0.3,0.8086524342476484
0.1,N_ABS_NKCC_S4_PHIGH_KHIGH_AE4NA20_P2_H1_B00__inherited_baseline,False,inherited_baseline,1.4210854715202002e-05,0.0016079990698009167,0.0015105263239067735,The solver successfully reached the end of the integration interval.,0.001199531279443772,True,N_ABS_NKCC_S4_PHIGH_KHIGH_AE4NA20_P2_H1:B00,AE4NA20,True,HASH_VALID_INHERITED_REUSE,results/14_scale_free_genotype_holdout/trajectories/N_ABS_NKCC_S4_PHIGH_KHIGH_AE4NA20_P2_H1_B00_ca0.10_WT_production_radau.json,e72842393c2b4bb521c7dfd4e4a80572b4c596e980bf341f0ddd841cc3430dfd,COMPLETE,,0.9063157943440641
0.25,N_ABS_NKCC_S4_PHIGH_KHIGH_AE4NA20_P2_H1_B00__inherited_baseline,False,inherited_baseline,0.006490807891168515,0.00219808433282363,0.0017335070684204993,The solver successfully reached the end of the integration interval.,0.001199531279443772,True,N_ABS_NKCC_S4_PHIGH_KHIGH_AE4NA20_P2_H1:B00,AE4NA20,True,HASH_VALID_INHERITED_REUSE,results/14_scale_free_genotype_holdout/trajectories/N_ABS_NKCC_S4_PHIGH_KHIGH_AE4NA20_P2_H1_B00_ca0.25_WT_production_radau.json,dfa5c9aa9eb9026043f447a766c672d457d28aa1e8514cda0bc03d52537fa661,COMPLETE,,1.0401042410522996
0.5,N_ABS_NKCC_S4_PHIGH_KHIGH_AE4NA20_P2_H1_B00__inherited_baseline,False,inherited_baseline,0.006544098596350523,0.0024733518807238345,0.0017983429254619775,The solver successfully reached the end of the integration interval.,0.001199531279443772,True,N_ABS_NKCC_S4_PHIGH_KHIGH_AE4NA20_P2_H1:B00,AE4NA20,True,HASH_VALID_INHERITED_REUSE,results/14_scale_free_genotype_holdout/trajectories/N_ABS_NKCC_S4_PHIGH_KHIGH_AE4NA20_P2_H1_B00_ca0.50_WT_production_radau.json,192072ef63d3361104c16209704dbb775998b96e432e2f2d2a1478dfadd8802a,COMPLETE,,1.0790057552771866
0.1,N_ABS_NKCC_S4_PHIGH_KHIGH_AE4NA20_P2_H1_B00__share_0.10,False,share_0.10,0.003598898956624907,0.0016904107209445602,0.001451028135442623,The solver successfully reached the end of the integration interval.,0.001199531279443772,True,N_ABS_NKCC_S4_PHIGH_KHIGH_AE4NA20_P2_H1:B00,AE4NA20,True,NEW_POST_CHECKPOINT_SIMULATION,,,COMPLETE,0.1,0.8706168812655739
0.25,N_ABS_NKCC_S4_PHIGH_KHIGH_AE4NA20_P2_H1_B00__share_0.10,False,share_0.10,0.006298961352513288,0.0024198877987141737,0.0016371670141857209,The solver successfully reached the end of the integration interval.,0.001199531279443772,True,N_ABS_NKCC_S4_PHIGH_KHIGH_AE4NA20_P2_H1:B00,AE4NA20,True,NEW_POST_CHECKPOINT_SIMULATION,,,COMPLETE,0.1,0.9823002085114325
0.5,N_ABS_NKCC_S4_PHIGH_KHIGH_AE4NA20_P2_H1_B00__share_0.10,False,share_0.10,0.006323830348264892,0.0027450703278059014,0.0016915650087360576,The solver successfully reached the end of the integration interval.,0.001199531279443772,True,N_ABS_NKCC_S4_PHIGH_KHIGH_AE4NA20_P2_H1:B00,AE4NA20,True,NEW_POST_CHECKPOINT_SIMULATION,,,COMPLETE,0.1,1.0149390052416345
0.1,N_ABS_NKCC_S4_PHIGH_KHIGH_AE4NA20_P2_H1_B00__share_0.30,False,share_0.30,0.006220801651579677,0.001454348950387563,0.0014104208540908637,The solver successfully reached the end of the integration interval.,0.001199531279443772,True,N_ABS_NKCC_S4_PHIGH_KHIGH_AE4NA20_P2_H1:B00,AE4NA20,True,NEW_POST_CHECKPOINT_SIMULATION,,,COMPLETE,0.3,0.8462525124545182
0.25,N_ABS_NKCC_S4_PHIGH_KHIGH_AE4NA20_P2_H1_B00__share_0.30,False,share_0.30,0.006220801651579677,0.0017986291065515414,0.0015578734004570076,The solver successfully reached the end of the integration interval.,0.001199531279443772,True,N_ABS_NKCC_S4_PHIGH_KHIGH_AE4NA20_P2_H1:B00,AE4NA20,True,NEW_POST_CHECKPOINT_SIMULATION,,,COMPLETE,0.3,0.9347240402742045
0.5,N_ABS_NKCC_S4_PHIGH_KHIGH_AE4NA20_P2_H1_B00__share_0.30,False,share_0.30,0.006124878382252064,0.0019650039214927167,0.0016087264949734932,The solver successfully reached the end of the integration interval.,0.001199531279443772,True,N_ABS_NKCC_S4_PHIGH_KHIGH_AE4NA20_P2_H1:B00,AE4NA20,True,NEW_POST_CHECKPOINT_SIMULATION,,,COMPLETE,0.3,0.9652358969840958
0.1,N_ABS_NKCC_S4_PHIGH_KLOW_AE4NA05_P1_H1_B00__inherited_baseline,False,inherited_baseline,0.00024158453015843404,0.0013283260937146796,0.0012300929767514195,The solver successfully reached the end of the integration interval.,0.0010035276265941556,True,N_ABS_NKCC_S4_PHIGH_KLOW_AE4NA05_P1_H1:B00,AE4NA05,True,HASH_VALID_INHERITED_REUSE,results/14_scale_free_genotype_holdout/trajectories/N_ABS_NKCC_S4_PHIGH_KLOW_AE4NA05_P1_H1_B00_ca0.10_WT_production_radau.json,d9ef71633c1fb1bfcbea3133679305ede63048eca679cce4070674d01c2b8b45,COMPLETE,,0.7380557860508516
0.25,N_ABS_NKCC_S4_PHIGH_KLOW_AE4NA05_P1_H1_B00__inherited_baseline,False,inherited_baseline,0.0014033219031261979,0.0017830955953216628,0.0013988680996602104,The solver successfully reached the end of the integration interval.,0.0010035276265941556,True,N_ABS_NKCC_S4_PHIGH_KLOW_AE4NA05_P1_H1:B00,AE4NA05,True,HASH_VALID_INHERITED_REUSE,results/14_scale_free_genotype_holdout/trajectories/N_ABS_NKCC_S4_PHIGH_KLOW_AE4NA05_P1_H1_B00_ca0.25_WT_production_radau.json,fc8e5d6ec7a311b3a3bedf0466239635187f8ee876c0b1c943ae258976fe94c1,COMPLETE,,0.8393208597961263
0.5,N_ABS_NKCC_S4_PHIGH_KLOW_AE4NA05_P1_H1_B00__inherited_baseline,False,inherited_baseline,0.002140509991477302,0.00199975795570321,0.0014463266021131499,The solver successfully reached the end of the integration interval.,0.0010035276265941556,True,N_ABS_NKCC_S4_PHIGH_KLOW_AE4NA05_P1_H1:B00,AE4NA05,True,HASH_VALID_INHERITED_REUSE,results/14_scale_free_genotype_holdout/trajectories/N_ABS_NKCC_S4_PHIGH_KLOW_AE4NA05_P1_H1_B00_ca0.50_WT_production_radau.json,e6ebb85c96b47551ceedd7210dfeee76db4ecc4b800eab8afec5aed7c6ebf2fd,COMPLETE,,0.8677959612678899
0.1,N_ABS_NKCC_S4_PHIGH_KLOW_AE4NA05_P1_H1_B00__share_0.10,False,share_0.10,0.00039257486150745535,0.0013018230059752669,0.0011915254103205273,The solver successfully reached the end of the integration interval.,0.0010035276265941556,True,N_ABS_NKCC_S4_PHIGH_KLOW_AE4NA05_P1_H1:B00,AE4NA05,True,NEW_POST_CHECKPOINT_SIMULATION,,,COMPLETE,0.1,0.7149152461923164
0.25,N_ABS_NKCC_S4_PHIGH_KLOW_AE4NA05_P1_H1_B00__share_0.10,False,share_0.10,0.001859845610852062,0.0017678045640749651,0.001352809901378714,The solver successfully reached the end of the integration interval.,0.0010035276265941556,True,N_ABS_NKCC_S4_PHIGH_KLOW_AE4NA05_P1_H1:B00,AE4NA05,True,NEW_POST_CHECKPOINT_SIMULATION,,,COMPLETE,0.1,0.8116859408272284
0.5,N_ABS_NKCC_S4_PHIGH_KLOW_AE4NA05_P1_H1_B00__share_0.10,False,share_0.10,0.0028901325777042075,0.0019980905045636045,0.001402106971152842,The solver successfully reached the end of the integration interval.,0.0010035276265941556,True,N_ABS_NKCC_S4_PHIGH_KLOW_AE4NA05_P1_H1:B00,AE4NA05,True,NEW_POST_CHECKPOINT_SIMULATION,,,COMPLETE,0.1,0.8412641826917051
0.1,N_ABS_NKCC_S4_PHIGH_KLOW_AE4NA05_P1_H1_B00__share_0.30,False,share_0.30,0.00041389114358025836,0.0013535610229931856,0.0011702739769957429,The solver successfully reached the end of the integration interval.,0.0010035276265941556,True,N_ABS_NKCC_S4_PHIGH_KLOW_AE4NA05_P1_H1:B00,AE4NA05,True,NEW_POST_CHECKPOINT_SIMULATION,,,COMPLETE,0.3,0.7021643861974457
0.25,N_ABS_NKCC_S4_PHIGH_KLOW_AE4NA05_P1_H1_B00__share_0.30,False,share_0.30,0.0014903633882568101,0.0019039175804489855,0.0013149136529038905,The solver successfully reached the end of the integration interval.,0.0010035276265941556,True,N_ABS_NKCC_S4_PHIGH_KLOW_AE4NA05_P1_H1:B00,AE4NA05,True,NEW_POST_CHECKPOINT_SIMULATION,,,COMPLETE,0.3,0.7889481917423343
0.5,N_ABS_NKCC_S4_PHIGH_KLOW_AE4NA05_P1_H1_B00__share_0.30,False,share_0.30,0.002120970066243899,0.0021663896708812858,0.0013572088586439625,The solver successfully reached the end of the integration interval.,0.0010035276265941556,True,N_ABS_NKCC_S4_PHIGH_KLOW_AE4NA05_P1_H1:B00,AE4NA05,True,NEW_POST_CHECKPOINT_SIMULATION,,,COMPLETE,0.3,0.8143253151863775
0.1,N_ABS_NKCC_S4_PHIGH_KLOW_AE4NA20_P2_H1_B00__inherited_baseline,False,inherited_baseline,1.4210854715202002e-05,0.0015490152708658557,0.0014798140300365263,The solver successfully reached the end of the integration interval.,0.0011833686971691626,True,N_ABS_NKCC_S4_PHIGH_KLOW_AE4NA20_P2_H1:B00,AE4NA20,True,HASH_VALID_INHERITED_REUSE,results/14_scale_free_genotype_holdout/trajectories/N_ABS_NKCC_S4_PHIGH_KLOW_AE4NA20_P2_H1_B00_ca0.10_WT_production_radau.json,b512d6165c01fe00c4a4cb2c7c24f32f8ada9019a35c071157b9fad1059141a6,COMPLETE,,0.8878884180219158
0.25,N_ABS_NKCC_S4_PHIGH_KLOW_AE4NA20_P2_H1_B00__inherited_baseline,False,inherited_baseline,0.006462386181738111,0.002087437124441463,0.0017047246401219478,The solver successfully reached the end of the integration interval.,0.0011833686971691626,True,N_ABS_NKCC_S4_PHIGH_KLOW_AE4NA20_P2_H1:B00,AE4NA20,True,HASH_VALID_INHERITED_REUSE,results/14_scale_free_genotype_holdout/trajectories/N_ABS_NKCC_S4_PHIGH_KLOW_AE4NA20_P2_H1_B00_ca0.25_WT_production_radau.json,2153a81fec3b635587cff81ba0e91b79ec5995df2689eb3dce1b1cf0673f563f,COMPLETE,,1.0228347840731686
0.5,N_ABS_NKCC_S4_PHIGH_KLOW_AE4NA20_P2_H1_B00__inherited_baseline,False,inherited_baseline,0.006490807891168515,0.0023560558871345144,0.0017740485482171623,The solver successfully reached the end of the integration interval.,0.0011833686971691626,True,N_ABS_NKCC_S4_PHIGH_KLOW_AE4NA20_P2_H1:B00,AE4NA20,True,HASH_VALID_INHERITED_REUSE,results/14_scale_free_genotype_holdout/trajectories/N_ABS_NKCC_S4_PHIGH_KLOW_AE4NA20_P2_H1_B00_ca0.50_WT_production_radau.json,a36ec3c2470adf2f917e7f46c5443be6da99d8508fca76f2222bee8893655e49,COMPLETE,,1.0644291289302974
0.1,N_ABS_NKCC_S4_PHIGH_KLOW_AE4NA20_P2_H1_B00__share_0.10,False,share_0.10,0.006210143510543276,0.0015733234018516758,0.0014376004241693306,The solver successfully reached the end of the integration interval.,0.0011833686971691626,True,N_ABS_NKCC_S4_PHIGH_KLOW_AE4NA20_P2_H1:B00,AE4NA20,True,NEW_POST_CHECKPOINT_SIMULATION,,,COMPLETE,0.1,0.8625602545015983
0.25,N_ABS_NKCC_S4_PHIGH_KLOW_AE4NA20_P2_H1_B00__share_0.10,False,share_0.10,0.006298961352513288,0.0022082769330522833,0.0016411428480963216,The solver successfully reached the end of the integration interval.,0.0011833686971691626,True,N_ABS_NKCC_S4_PHIGH_KLOW_AE4NA20_P2_H1:B00,AE4NA20,True,NEW_POST_CHECKPOINT_SIMULATION,,,COMPLETE,0.1,0.9846857088577929
0.5,N_ABS_NKCC_S4_PHIGH_KLOW_AE4NA20_P2_H1_B00__share_0.10,False,share_0.10,0.006178169087434071,0.002528024901091264,0.0017061166144520328,The solver successfully reached the end of the integration interval.,0.0011833686971691626,True,N_ABS_NKCC_S4_PHIGH_KLOW_AE4NA20_P2_H1:B00,AE4NA20,True,NEW_POST_CHECKPOINT_SIMULATION,,,COMPLETE,0.1,1.0236699686712196
0.1,N_ABS_NKCC_S4_PHIGH_KLOW_AE4NA20_P2_H1_B00__share_0.30,False,share_0.30,0.006270539643082884,0.001584735829414305,0.0014241082272798064,The solver successfully reached the end of the integration interval.,0.0011833686971691626,True,N_ABS_NKCC_S4_PHIGH_KLOW_AE4NA20_P2_H1:B00,AE4NA20,True,NEW_POST_CHECKPOINT_SIMULATION,,,COMPLETE,0.3,0.8544649363678838
0.25,N_ABS_NKCC_S4_PHIGH_KLOW_AE4NA20_P2_H1_B00__share_0.30,False,share_0.30,0.006135536523288465,0.002239486960689263,0.001618197798069252,The solver successfully reached the end of the integration interval.,0.0011833686971691626,True,N_ABS_NKCC_S4_PHIGH_KLOW_AE4NA20_P2_H1:B00,AE4NA20,True,NEW_POST_CHECKPOINT_SIMULATION,,,COMPLETE,0.3,0.9709186788415513
0.5,N_ABS_NKCC_S4_PHIGH_KLOW_AE4NA20_P2_H1_B00__share_0.30,False,share_0.30,0.0063806737671257,0.0025689275472148307,0.0016791738405198332,The solver successfully reached the end of the integration interval.,0.0011833686971691626,True,N_ABS_NKCC_S4_PHIGH_KLOW_AE4NA20_P2_H1:B00,AE4NA20,True,NEW_POST_CHECKPOINT_SIMULATION,,,COMPLETE,0.3,1.0075043043118999
0.1,N_ABS_NKCC_S4_PLOW_KHIGH_AE4NA05_P1_H1_B00__inherited_baseline,False,inherited_baseline,0.00020961010704922955,0.0013200302369921148,0.001198952144641868,The solver successfully reached the end of the integration interval.,0.0009699389679239973,True,N_ABS_NKCC_S4_PLOW_KHIGH_AE4NA05_P1_H1:B00,AE4NA05,True,HASH_VALID_INHERITED_REUSE,results/14_scale_free_genotype_holdout/trajectories/N_ABS_NKCC_S4_PLOW_KHIGH_AE4NA05_P1_H1_B00_ca0.10_WT_production_radau.json,8d5ba95fd69a8e9f42d43693dfe8fae29d246e291a640125b0d6fbe4d04210f1,COMPLETE,,0.7193712867851209
0.25,N_ABS_NKCC_S4_PLOW_KHIGH_AE4NA05_P1_H1_B00__inherited_baseline,False,inherited_baseline,0.0014601653219870059,0.0017994253953253214,0.0013668116848169053,The solver successfully reached the end of the integration interval.,0.0009699389679239973,True,N_ABS_NKCC_S4_PLOW_KHIGH_AE4NA05_P1_H1:B00,AE4NA05,True,HASH_VALID_INHERITED_REUSE,results/14_scale_free_genotype_holdout/trajectories/N_ABS_NKCC_S4_PLOW_KHIGH_AE4NA05_P1_H1_B00_ca0.25_WT_production_radau.json,26e68f6d9da98f211525901d5d163909924b18f48eca96ad71bba129280fdcb1,COMPLETE,,0.8200870108901432
0.5,N_ABS_NKCC_S4_PLOW_KHIGH_AE4NA05_P1_H1_B00__inherited_baseline,False,inherited_baseline,0.0023590018827235326,0.0020122343106835777,0.0014125836966060463,The solver successfully reached the end of the integration interval.,0.0009699389679239973,True,N_ABS_NKCC_S4_PLOW_KHIGH_AE4NA05_P1_H1:B00,AE4NA05,True,HASH_VALID_INHERITED_REUSE,results/14_scale_free_genotype_holdout/trajectories/N_ABS_NKCC_S4_PLOW_KHIGH_AE4NA05_P1_H1_B00_ca0.50_WT_production_radau.json,cc2dc4369b93adf0f493d07f7a77de57e55e262dee6dd9e23861f8d95fc5d524,COMPLETE,,0.8475502179636278
0.1,N_ABS_NKCC_S4_PLOW_KHIGH_AE4NA05_P1_H1_B00__share_0.10,False,share_0.10,0.0002877698079828406,0.0012803706127567733,0.0011478917093285539,The solver successfully reached the end of the integration interval.,0.0009699389679239973,True,N_ABS_NKCC_S4_PLOW_KHIGH_AE4NA05_P1_H1:B00,AE4NA05,True,NEW_POST_CHECKPOINT_SIMULATION,,,COMPLETE,0.1,0.6887350255971323
0.25,N_ABS_NKCC_S4_PLOW_KHIGH_AE4NA05_P1_H1_B00__share_0.10,False,share_0.10,0.0014050982599655981,0.0017587721332106565,0.0012999487332471704,The solver successfully reached the end of the integration interval.,0.0009699389679239973,True,N_ABS_NKCC_S4_PLOW_KHIGH_AE4NA05_P1_H1:B00,AE4NA05,True,NEW_POST_CHECKPOINT_SIMULATION,,,COMPLETE,0.1,0.7799692399483023
0.5,N_ABS_NKCC_S4_PLOW_KHIGH_AE4NA05_P1_H1_B00__share_0.10,False,share_0.10,0.0022861712523081223,0.0019826632920221356,0.0013477344641105334,The solver successfully reached the end of the integration interval.,0.0009699389679239973,True,N_ABS_NKCC_S4_PLOW_KHIGH_AE4NA05_P1_H1:B00,AE4NA05,True,NEW_POST_CHECKPOINT_SIMULATION,,,COMPLETE,0.1,0.80864067846632
0.1,N_ABS_NKCC_S4_PLOW_KHIGH_AE4NA05_P1_H1_B00__share_0.30,False,share_0.30,0.001935257509799726,0.0014000258613237422,0.0011287127867098009,The solver successfully reached the end of the integration interval.,0.0009699389679239973,True,N_ABS_NKCC_S4_PLOW_KHIGH_AE4NA05_P1_H1:B00,AE4NA05,True,NEW_POST_CHECKPOINT_SIMULATION,,,COMPLETE,0.3,0.6772276720258805
0.25,N_ABS_NKCC_S4_PLOW_KHIGH_AE4NA05_P1_H1_B00__share_0.30,False,share_0.30,0.0076014194938522905,0.001994215973077981,0.0012598930563535908,The solver successfully reached the end of the integration interval.,0.0009699389679239973,True,N_ABS_NKCC_S4_PLOW_KHIGH_AE4NA05_P1_H1:B00,AE4NA05,True,NEW_POST_CHECKPOINT_SIMULATION,,,COMPLETE,0.3,0.7559358338121546
0.5,N_ABS_NKCC_S4_PLOW_KHIGH_AE4NA05_P1_H1_B00__share_0.30,False,share_0.30,0.007837859421366717,0.002242105862694438,0.0012954284652257012,The solver successfully reached the end of the integration interval.,0.0009699389679239973,True,N_ABS_NKCC_S4_PLOW_KHIGH_AE4NA05_P1_H1:B00,AE4NA05,True,NEW_POST_CHECKPOINT_SIMULATION,,,COMPLETE,0.3,0.7772570791354207
0.1,N_ABS_NKCC_S4_PLOW_KHIGH_AE4NA20_P2_H1_B00__inherited_baseline,False,inherited_baseline,1.1934897514720433e-05,0.001526961976061328,0.0014284762508940257,The solver successfully reached the end of the integration interval.,0.0011355148432486695,True,N_ABS_NKCC_S4_PLOW_KHIGH_AE4NA20_P2_H1:B00,AE4NA20,True,HASH_VALID_INHERITED_REUSE,results/14_scale_free_genotype_holdout/trajectories/N_ABS_NKCC_S4_PLOW_KHIGH_AE4NA20_P2_H1_B00_ca0.10_WT_production_radau.json,1580006faca77e5c44730a82b9aa742c3efb10178480293523babcbc968b1171,COMPLETE,,0.8570857505364154
0.25,N_ABS_NKCC_S4_PLOW_KHIGH_AE4NA20_P2_H1_B00__inherited_baseline,False,inherited_baseline,0.006501466032204917,0.0020911887123706814,0.0016425393488196578,The solver successfully reached the end of the integration interval.,0.0011355148432486695,True,N_ABS_NKCC_S4_PLOW_KHIGH_AE4NA20_P2_H1:B00,AE4NA20,True,HASH_VALID_INHERITED_REUSE,results/14_scale_free_genotype_holdout/trajectories/N_ABS_NKCC_S4_PLOW_KHIGH_AE4NA20_P2_H1_B00_ca0.25_WT_production_radau.json,025c88e81f371501969ae8a8b947e3e74d0fe9562671aa4c4b4ae9dac3a3e0bb,COMPLETE,,0.9855236092917946
0.5,N_ABS_NKCC_S4_PLOW_KHIGH_AE4NA20_P2_H1_B00__inherited_baseline,False,inherited_baseline,0.006515676886920119,0.002355110491305537,0.0017045401527560552,The solver successfully reached the end of the integration interval.,0.0011355148432486695,True,N_ABS_NKCC_S4_PLOW_KHIGH_AE4NA20_P2_H1:B00,AE4NA20,True,HASH_VALID_INHERITED_REUSE,results/14_scale_free_genotype_holdout/trajectories/N_ABS_NKCC_S4_PLOW_KHIGH_AE4NA20_P2_H1_B00_ca0.50_WT_production_radau.json,ce814e162d2f653f9ef846eaa45fd424404faecaaf7266b07ac4d9286e93dc94,COMPLETE,,1.022724091653633
0.1,N_ABS_NKCC_S4_PLOW_KHIGH_AE4NA20_P2_H1_B00__share_0.10,False,share_0.10,7.750744490664374e-05,0.0016175298370332825,0.0013702655808150242,The solver successfully reached the end of the integration interval.,0.0011355148432486695,True,N_ABS_NKCC_S4_PLOW_KHIGH_AE4NA20_P2_H1:B00,AE4NA20,True,NEW_POST_CHECKPOINT_SIMULATION,,,COMPLETE,0.1,0.8221593484890145
0.25,N_ABS_NKCC_S4_PLOW_KHIGH_AE4NA20_P2_H1_B00__share_0.10,False,share_0.10,0.006334488489301293,0.002328891624493534,0.0015475714930554907,The solver successfully reached the end of the integration interval.,0.0011355148432486695,True,N_ABS_NKCC_S4_PLOW_KHIGH_AE4NA20_P2_H1:B00,AE4NA20,True,NEW_POST_CHECKPOINT_SIMULATION,,,COMPLETE,0.1,0.9285428958332944
0.5,N_ABS_NKCC_S4_PLOW_KHIGH_AE4NA20_P2_H1_B00__share_0.10,False,share_0.10,0.006295408638834488,0.002646204309130318,0.0015986527154541364,The solver successfully reached the end of the integration interval.,0.0011355148432486695,True,N_ABS_NKCC_S4_PLOW_KHIGH_AE4NA20_P2_H1:B00,AE4NA20,True,NEW_POST_CHECKPOINT_SIMULATION,,,COMPLETE,0.1,0.9591916292724818
0.1,N_ABS_NKCC_S4_PLOW_KHIGH_AE4NA20_P2_H1_B00__share_0.30,False,share_0.30,0.0035242919693700965,0.0013243301652027225,0.0013220850484207535,The solver successfully reached the end of the integration interval.,0.0011355148432486695,True,N_ABS_NKCC_S4_PLOW_KHIGH_AE4NA20_P2_H1:B00,AE4NA20,True,NEW_POST_CHECKPOINT_SIMULATION,,,COMPLETE,0.3,0.793251029052452
0.25,N_ABS_NKCC_S4_PLOW_KHIGH_AE4NA20_P2_H1_B00__share_0.30,False,share_0.30,0.006220801651579677,0.001543090264140107,0.0014340636290394685,The solver successfully reached the end of the integration interval.,0.0011355148432486695,True,N_ABS_NKCC_S4_PLOW_KHIGH_AE4NA20_P2_H1:B00,AE4NA20,True,NEW_POST_CHECKPOINT_SIMULATION,,,COMPLETE,0.3,0.8604381774236811
0.5,N_ABS_NKCC_S4_PLOW_KHIGH_AE4NA20_P2_H1_B00__share_0.30,False,share_0.30,0.006291855925155687,0.001644301392387479,0.001474311526986901,The solver successfully reached the end of the integration interval.,0.0011355148432486695,True,N_ABS_NKCC_S4_PLOW_KHIGH_AE4NA20_P2_H1:B00,AE4NA20,True,NEW_POST_CHECKPOINT_SIMULATION,,,COMPLETE,0.3,0.8845869161921406
0.1,N_ABS_NKCC_S4_PLOW_KLOW_AE4NA05_P1_H1_B00__inherited_baseline,False,inherited_baseline,0.00022737367544323203,0.0012854645603880028,0.0011906867841423926,The solver successfully reached the end of the integration interval.,0.0009702095764451274,True,N_ABS_NKCC_S4_PLOW_KLOW_AE4NA05_P1_H1:B00,AE4NA05,True,HASH_VALID_INHERITED_REUSE,results/14_scale_free_genotype_holdout/trajectories/N_ABS_NKCC_S4_PLOW_KLOW_AE4NA05_P1_H1_B00_ca0.10_WT_production_radau.json,fd7a00ce553e6be6a14b46e0565b4b0a9c1421a34fe74b558be73f984a3784ec,COMPLETE,,0.7144120704854355
0.25,N_ABS_NKCC_S4_PLOW_KLOW_AE4NA05_P1_H1_B00__inherited_baseline,False,inherited_baseline,0.001319833131674386,0.0017232019036765385,0.0013551699185966326,The solver successfully reached the end of the integration interval.,0.0009702095764451274,True,N_ABS_NKCC_S4_PLOW_KLOW_AE4NA05_P1_H1:B00,AE4NA05,True,HASH_VALID_INHERITED_REUSE,results/14_scale_free_genotype_holdout/trajectories/N_ABS_NKCC_S4_PLOW_KLOW_AE4NA05_P1_H1_B00_ca0.25_WT_production_radau.json,ad752f7ebdd8442eb41a5ee6bf65595a07f6bdaf87a1ce4009d885380baa1d00,COMPLETE,,0.8131019511579796
0.5,N_ABS_NKCC_S4_PLOW_KLOW_AE4NA05_P1_H1_B00__inherited_baseline,False,inherited_baseline,0.0020303758674344863,0.0019306138064326434,0.0014011934172988329,The solver successfully reached the end of the integration interval.,0.0009702095764451274,True,N_ABS_NKCC_S4_PLOW_KLOW_AE4NA05_P1_H1:B00,AE4NA05,True,HASH_VALID_INHERITED_REUSE,results/14_scale_free_genotype_holdout/trajectories/N_ABS_NKCC_S4_PLOW_KLOW_AE4NA05_P1_H1_B00_ca0.50_WT_production_radau.json,c16507f2dba3ed380a1e7629ade0beedefa700f83164f56e2f3cedb89d547c59,COMPLETE,,0.8407160503792998
0.1,N_ABS_NKCC_S4_PLOW_KLOW_AE4NA05_P1_H1_B00__share_0.10,False,share_0.10,0.0003659295089164516,0.0012589919050814136,0.0011512057049850102,The solver successfully reached the end of the integration interval.,0.0009702095764451274,True,N_ABS_NKCC_S4_PLOW_KLOW_AE4NA05_P1_H1:B00,AE4NA05,True,NEW_POST_CHECKPOINT_SIMULATION,,,COMPLETE,0.1,0.6907234229910061
0.25,N_ABS_NKCC_S4_PLOW_KLOW_AE4NA05_P1_H1_B00__share_0.10,False,share_0.10,0.001694644424787839,0.0017098004909006177,0.0013067265883030558,The solver successfully reached the end of the integration interval.,0.0009702095764451274,True,N_ABS_NKCC_S4_PLOW_KLOW_AE4NA05_P1_H1:B00,AE4NA05,True,NEW_POST_CHECKPOINT_SIMULATION,,,COMPLETE,0.1,0.7840359529818335
0.5,N_ABS_NKCC_S4_PLOW_KLOW_AE4NA05_P1_H1_B00__share_0.10,False,share_0.10,0.0026219026949547697,0.0019325530731064107,0.0013541304584080266,The solver successfully reached the end of the integration interval.,0.0009702095764451274,True,N_ABS_NKCC_S4_PLOW_KLOW_AE4NA05_P1_H1:B00,AE4NA05,True,NEW_POST_CHECKPOINT_SIMULATION,,,COMPLETE,0.1,0.812478275044816
0.1,N_ABS_NKCC_S4_PLOW_KLOW_AE4NA05_P1_H1_B00__share_0.30,False,share_0.30,0.0003481659405224491,0.0012138382808316223,0.001114825853445306,The solver successfully reached the end of the integration interval.,0.0009702095764451274,True,N_ABS_NKCC_S4_PLOW_KLOW_AE4NA05_P1_H1:B00,AE4NA05,True,NEW_POST_CHECKPOINT_SIMULATION,,,COMPLETE,0.3,0.6688955120671836
0.25,N_ABS_NKCC_S4_PLOW_KLOW_AE4NA05_P1_H1_B00__share_0.30,False,share_0.30,0.0011617373729677638,0.0015758174875764586,0.001244072067814289,The solver successfully reached the end of the integration interval.,0.0009702095764451274,True,N_ABS_NKCC_S4_PLOW_KLOW_AE4NA05_P1_H1:B00,AE4NA05,True,NEW_POST_CHECKPOINT_SIMULATION,,,COMPLETE,0.3,0.7464432406885735
0.5,N_ABS_NKCC_S4_PLOW_KLOW_AE4NA05_P1_H1_B00__share_0.30,False,share_0.30,0.0016431300764452317,0.0017588347144991273,0.001285380082742814,The solver successfully reached the end of the integration interval.,0.0009702095764451274,True,N_ABS_NKCC_S4_PLOW_KLOW_AE4NA05_P1_H1:B00,AE4NA05,True,NEW_POST_CHECKPOINT_SIMULATION,,,COMPLETE,0.3,0.7712280496456884
0.1,N_ABS_NKCC_S4_PLOW_KLOW_AE4NA20_P2_H1_B00__inherited_baseline,False,inherited_baseline,1.4210854715202002e-05,0.0014734110799214052,0.0014039824216538928,The solver successfully reached the end of the integration interval.,0.0011244812848672265,True,N_ABS_NKCC_S4_PLOW_KLOW_AE4NA20_P2_H1:B00,AE4NA20,True,HASH_VALID_INHERITED_REUSE,results/14_scale_free_genotype_holdout/trajectories/N_ABS_NKCC_S4_PLOW_KLOW_AE4NA20_P2_H1_B00_ca0.10_WT_production_radau.json,38823cc04b0eb245249c7ca25d00a943eb9923034251da5ad18eae16e1ffaaf4,COMPLETE,,0.8423894529923357
0.25,N_ABS_NKCC_S4_PLOW_KLOW_AE4NA20_P2_H1_B00__inherited_baseline,False,inherited_baseline,0.006448175327022909,0.001983376050288488,0.0016184117416732455,The solver successfully reached the end of the integration interval.,0.0011244812848672265,True,N_ABS_NKCC_S4_PLOW_KLOW_AE4NA20_P2_H1:B00,AE4NA20,True,HASH_VALID_INHERITED_REUSE,results/14_scale_free_genotype_holdout/trajectories/N_ABS_NKCC_S4_PLOW_KLOW_AE4NA20_P2_H1_B00_ca0.25_WT_production_radau.json,3ef9fc2b214b6477e89fa8967499793c48c282d0d20cbebaaa2661beee3cb09e,COMPLETE,,0.9710470450039473
0.5,N_ABS_NKCC_S4_PLOW_KLOW_AE4NA20_P2_H1_B00__inherited_baseline,False,inherited_baseline,0.006512124173241318,0.0022371455799982455,0.0016838652297098001,The solver successfully reached the end of the integration interval.,0.0011244812848672265,True,N_ABS_NKCC_S4_PLOW_KLOW_AE4NA20_P2_H1:B00,AE4NA20,True,HASH_VALID_INHERITED_REUSE,results/14_scale_free_genotype_holdout/trajectories/N_ABS_NKCC_S4_PLOW_KLOW_AE4NA20_P2_H1_B00_ca0.50_WT_production_radau.json,c3ba185ef5d545cbbc98f5f329b04a9da90af45c69ef680d876379679fddfec6,COMPLETE,,1.01031913782588
0.1,N_ABS_NKCC_S4_PLOW_KLOW_AE4NA20_P2_H1_B00__share_0.10,False,share_0.10,0.005261568958303542,0.0015152059822535063,0.0013622630367494603,The solver successfully reached the end of the integration interval.,0.0011244812848672265,True,N_ABS_NKCC_S4_PLOW_KLOW_AE4NA20_P2_H1:B00,AE4NA20,True,NEW_POST_CHECKPOINT_SIMULATION,,,COMPLETE,0.1,0.8173578220496762
0.25,N_ABS_NKCC_S4_PLOW_KLOW_AE4NA20_P2_H1_B00__share_0.10,False,share_0.10,0.006288303211476887,0.002144332245393185,0.0015518280026612843,The solver successfully reached the end of the integration interval.,0.0011244812848672265,True,N_ABS_NKCC_S4_PLOW_KLOW_AE4NA20_P2_H1:B00,AE4NA20,True,NEW_POST_CHECKPOINT_SIMULATION,,,COMPLETE,0.1,0.9310968015967706
0.5,N_ABS_NKCC_S4_PLOW_KLOW_AE4NA20_P2_H1_B00__share_0.10,False,share_0.10,0.006345146630337695,0.0024580735299341936,0.0016107492975706505,The solver successfully reached the end of the integration interval.,0.0011244812848672265,True,N_ABS_NKCC_S4_PLOW_KLOW_AE4NA20_P2_H1:B00,AE4NA20,True,NEW_POST_CHECKPOINT_SIMULATION,,,COMPLETE,0.1,0.9664495785423903
0.1,N_ABS_NKCC_S4_PLOW_KLOW_AE4NA20_P2_H1_B00__share_0.30,False,share_0.30,0.006252776074688882,0.0013507959418863182,0.0013183738595148038,The solver successfully reached the end of the integration interval.,0.0011244812848672265,True,N_ABS_NKCC_S4_PLOW_KLOW_AE4NA20_P2_H1:B00,AE4NA20,True,NEW_POST_CHECKPOINT_SIMULATION,,,COMPLETE,0.3,0.7910243157088823
0.25,N_ABS_NKCC_S4_PLOW_KLOW_AE4NA20_P2_H1_B00__share_0.30,False,share_0.30,0.006284750497798086,0.001682632312693172,0.001467012778779944,The solver successfully reached the end of the integration interval.,0.0011244812848672265,True,N_ABS_NKCC_S4_PLOW_KLOW_AE4NA20_P2_H1:B00,AE4NA20,True,NEW_POST_CHECKPOINT_SIMULATION,,,COMPLETE,0.3,0.8802076672679664
0.5,N_ABS_NKCC_S4_PLOW_KLOW_AE4NA20_P2_H1_B00__share_0.30,False,share_0.30,0.006092903959142859,0.0018591700196485762,0.0015224330875546256,The solver successfully reached the end of the integration interval.,0.0011244812848672265,True,N_ABS_NKCC_S4_PLOW_KLOW_AE4NA20_P2_H1:B00,AE4NA20,True,NEW_POST_CHECKPOINT_SIMULATION,,,COMPLETE,0.3,0.9134598525327754
0.1,N_ABS_NKCC_S4_PNOM_KMID_AE4NA05_P1_H1_B00__inherited_baseline,False,inherited_baseline,0.00023447910280083303,0.0013310904959052518,0.001218990061278505,The solver successfully reached the end of the integration interval.,0.0009911953876181572,True,N_ABS_NKCC_S4_PNOM_KMID_AE4NA05_P1_H1:B00,AE4NA05,True,HASH_VALID_INHERITED_REUSE,results/14_scale_free_genotype_holdout/trajectories/N_ABS_NKCC_S4_PNOM_KMID_AE4NA05_P1_H1_B00_ca0.10_WT_production_radau.json,05e95b9dc2f17a5e30bb7882cc9b052d9f94837e3994fa6f430b6143ae09c8b2,COMPLETE,,0.7313940367671029
0.25,N_ABS_NKCC_S4_PNOM_KMID_AE4NA05_P1_H1_B00__inherited_baseline,False,inherited_baseline,0.0014122036873231991,0.0018001039958373988,0.0013850596231627379,The solver successfully reached the end of the integration interval.,0.0009911953876181572,True,N_ABS_NKCC_S4_PNOM_KMID_AE4NA05_P1_H1:B00,AE4NA05,True,HASH_VALID_INHERITED_REUSE,results/14_scale_free_genotype_holdout/trajectories/N_ABS_NKCC_S4_PNOM_KMID_AE4NA05_P1_H1_B00_ca0.25_WT_production_radau.json,e5904ee72186eb909154af52d563ea45548306e3306e6c431ef96b74285376a8,COMPLETE,,0.8310357738976427
0.5,N_ABS_NKCC_S4_PNOM_KMID_AE4NA05_P1_H1_B00__inherited_baseline,False,inherited_baseline,0.0022080115513745113,0.0020156229486694515,0.0014305785420350215,The solver successfully reached the end of the integration interval.,0.0009911953876181572,True,N_ABS_NKCC_S4_PNOM_KMID_AE4NA05_P1_H1:B00,AE4NA05,True,HASH_VALID_INHERITED_REUSE,results/14_scale_free_genotype_holdout/trajectories/N_ABS_NKCC_S4_PNOM_KMID_AE4NA05_P1_H1_B00_ca0.50_WT_production_radau.json,f6d2af8bf1b84ca9017bddac390aaa367cc5d62c054b73a6c73becd3f7b67874,COMPLETE,,0.858347125221013
0.1,N_ABS_NKCC_S4_PNOM_KMID_AE4NA05_P1_H1_B00__share_0.10,False,share_0.10,0.0003410605131648481,0.0013001401943423668,0.001173713678013124,The solver successfully reached the end of the integration interval.,0.0009911953876181572,True,N_ABS_NKCC_S4_PNOM_KMID_AE4NA05_P1_H1:B00,AE4NA05,True,NEW_POST_CHECKPOINT_SIMULATION,,,COMPLETE,0.1,0.7042282068078745
0.25,N_ABS_NKCC_S4_PNOM_KMID_AE4NA05_P1_H1_B00__share_0.10,False,share_0.10,0.0015933920849420247,0.0017774889520131565,0.0013276789244344646,The solver successfully reached the end of the integration interval.,0.0009911953876181572,True,N_ABS_NKCC_S4_PNOM_KMID_AE4NA05_P1_H1:B00,AE4NA05,True,NEW_POST_CHECKPOINT_SIMULATION,,,COMPLETE,0.1,0.7966073546606788
0.5,N_ABS_NKCC_S4_PNOM_KMID_AE4NA05_P1_H1_B00__share_0.10,False,share_0.10,0.0024922286456785514,0.002005457079680062,0.0013745664568823469,The solver successfully reached the end of the integration interval.,0.0009911953876181572,True,N_ABS_NKCC_S4_PNOM_KMID_AE4NA05_P1_H1:B00,AE4NA05,True,NEW_POST_CHECKPOINT_SIMULATION,,,COMPLETE,0.1,0.8247398741294081
0.1,N_ABS_NKCC_S4_PNOM_KMID_AE4NA05_P1_H1_B00__share_0.30,False,share_0.30,0.0003268496584496461,0.001256941460306693,0.001137915200987816,The solver successfully reached the end of the integration interval.,0.0009911953876181572,True,N_ABS_NKCC_S4_PNOM_KMID_AE4NA05_P1_H1:B00,AE4NA05,True,NEW_POST_CHECKPOINT_SIMULATION,,,COMPLETE,0.3,0.6827491205926896
0.25,N_ABS_NKCC_S4_PNOM_KMID_AE4NA05_P1_H1_B00__share_0.30,False,share_0.30,0.001035616037370346,0.0016254132101590768,0.001263321950603371,The solver successfully reached the end of the integration interval.,0.0009911953876181572,True,N_ABS_NKCC_S4_PNOM_KMID_AE4NA05_P1_H1:B00,AE4NA05,True,NEW_POST_CHECKPOINT_SIMULATION,,,COMPLETE,0.3,0.7579931703620226
0.5,N_ABS_NKCC_S4_PNOM_KMID_AE4NA05_P1_H1_B00__share_0.30,False,share_0.30,0.0014441781104324036,0.0018017260997038377,0.0013017098774945515,The solver successfully reached the end of the integration interval.,0.0009911953876181572,True,N_ABS_NKCC_S4_PNOM_KMID_AE4NA05_P1_H1:B00,AE4NA05,True,NEW_POST_CHECKPOINT_SIMULATION,,,COMPLETE,0.3,0.7810259264967309
0.1,N_ABS_NKCC_S4_PNOM_KMID_AE4NA20_P2_H1_B00__inherited_baseline,False,inherited_baseline,1.0658141036401503e-05,0.0015476937180849111,0.0014613033313717343,The solver successfully reached the end of the integration interval.,0.0011652023166842885,True,N_ABS_NKCC_S4_PNOM_KMID_AE4NA20_P2_H1:B00,AE4NA20,True,HASH_VALID_INHERITED_REUSE,results/14_scale_free_genotype_holdout/trajectories/N_ABS_NKCC_S4_PNOM_KMID_AE4NA20_P2_H1_B00_ca0.10_WT_production_radau.json,c79f81f0becfbeb340f7ed52878ace35915690e9eb7d13ddbe3a92d465e210f1,COMPLETE,,0.8767819988230405
0.25,N_ABS_NKCC_S4_PNOM_KMID_AE4NA20_P2_H1_B00__inherited_baseline,False,inherited_baseline,0.006469491609095712,0.002103279846614564,0.001678833455451168,The solver successfully reached the end of the integration interval.,0.0011652023166842885,True,N_ABS_NKCC_S4_PNOM_KMID_AE4NA20_P2_H1:B00,AE4NA20,True,HASH_VALID_INHERITED_REUSE,results/14_scale_free_genotype_holdout/trajectories/N_ABS_NKCC_S4_PNOM_KMID_AE4NA20_P2_H1_B00_ca0.25_WT_production_radau.json,e057b54fd9c3c16b9916bc5c7e79382f14f16bacbc30f6c0ed272d357d289431,COMPLETE,,1.0073000732707007
0.5,N_ABS_NKCC_S4_PNOM_KMID_AE4NA20_P2_H1_B00__inherited_baseline,False,inherited_baseline,0.006494360604847316,0.0023717729194483728,0.0017430207372849487,The solver successfully reached the end of the integration interval.,0.0011652023166842885,True,N_ABS_NKCC_S4_PNOM_KMID_AE4NA20_P2_H1:B00,AE4NA20,True,HASH_VALID_INHERITED_REUSE,results/14_scale_free_genotype_holdout/trajectories/N_ABS_NKCC_S4_PNOM_KMID_AE4NA20_P2_H1_B00_ca0.50_WT_production_radau.json,bdd6f345ae8837bee92a0a42ace66132fc0eddd5392aad9c828c57b72d4b6ed0,COMPLETE,,1.0458124423709692
0.1,N_ABS_NKCC_S4_PNOM_KMID_AE4NA20_P2_H1_B00__share_0.10,False,share_0.10,0.005329070518200751,0.0015989134347495076,0.0014107504360748356,The solver successfully reached the end of the integration interval.,0.0011652023166842885,True,N_ABS_NKCC_S4_PNOM_KMID_AE4NA20_P2_H1:B00,AE4NA20,True,NEW_POST_CHECKPOINT_SIMULATION,,,COMPLETE,0.1,0.8464502616449013
0.25,N_ABS_NKCC_S4_PNOM_KMID_AE4NA20_P2_H1_B00__share_0.10,False,share_0.10,0.006277645070440485,0.002270627220589469,0.0015962816822472805,The solver successfully reached the end of the integration interval.,0.0011652023166842885,True,N_ABS_NKCC_S4_PNOM_KMID_AE4NA20_P2_H1:B00,AE4NA20,True,NEW_POST_CHECKPOINT_SIMULATION,,,COMPLETE,0.1,0.9577690093483683
0.5,N_ABS_NKCC_S4_PNOM_KMID_AE4NA20_P2_H1_B00__share_0.10,False,share_0.10,0.006281197784119286,0.002590260585681767,0.001651699548064301,The solver successfully reached the end of the integration interval.,0.0011652023166842885,True,N_ABS_NKCC_S4_PNOM_KMID_AE4NA20_P2_H1:B00,AE4NA20,True,NEW_POST_CHECKPOINT_SIMULATION,,,COMPLETE,0.1,0.9910197288385806
0.1,N_ABS_NKCC_S4_PNOM_KMID_AE4NA20_P2_H1_B00__share_0.30,False,share_0.30,0.006199485369506874,0.0014057513245695097,0.0013677782799792952,The solver successfully reached the end of the integration interval.,0.0011652023166842885,True,N_ABS_NKCC_S4_PNOM_KMID_AE4NA20_P2_H1:B00,AE4NA20,True,NEW_POST_CHECKPOINT_SIMULATION,,,COMPLETE,0.3,0.8206669679875771
0.25,N_ABS_NKCC_S4_PNOM_KMID_AE4NA20_P2_H1_B00__share_0.30,False,share_0.30,0.006281197784119286,0.0017454447288048902,0.001513591754835744,The solver successfully reached the end of the integration interval.,0.0011652023166842885,True,N_ABS_NKCC_S4_PNOM_KMID_AE4NA20_P2_H1:B00,AE4NA20,True,NEW_POST_CHECKPOINT_SIMULATION,,,COMPLETE,0.3,0.9081550529014464
0.5,N_ABS_NKCC_S4_PNOM_KMID_AE4NA20_P2_H1_B00__share_0.30,False,share_0.30,0.006298961352513288,0.0019181275321017489,0.0015658878378921606,The solver successfully reached the end of the integration interval.,0.0011652023166842885,True,N_ABS_NKCC_S4_PNOM_KMID_AE4NA20_P2_H1:B00,AE4NA20,True,NEW_POST_CHECKPOINT_SIMULATION,,,COMPLETE,0.3,0.9395327027352963
